Date,GJTB3MO_Close,GJGB2_Close,GJGB5_Close,GJGB10_Close,GJGB30_Close
1/4/2000,0.092,0.325,1.01,1.738,2.459
1/5/2000,0.07,0.3,0.975,1.699,2.434
1/6/2000,0.082,0.305,0.965,1.685,2.408
1/7/2000,0.088,0.335,1.015,1.719,2.437
1/11/2000,0.13,0.355,1.02,1.714,2.422
1/12/2000,0.13,0.4,1.065,1.738,2.421
1/13/2000,0.12,0.37,1.04,1.817,2.412
1/14/2000,0.12,0.345,1.01,1.8,2.407
1/17/2000,0.181,0.36,1.025,1.8,2.425
1/18/2000,0.095,0.35,1,1.765,2.418
1/19/2000,0.104,0.35,1,1.775,2.423
1/20/2000,0.095,0.36,1.025,1.8,2.429
1/21/2000,0.085,0.345,1,1.759,2.377
1/24/2000,0.08,0.32,0.935,1.68,2.272
1/25/2000,0.065,0.3,0.925,1.633,2.259
1/26/2000,0.072,0.29,0.915,1.651,2.274
1/27/2000,0.06,0.29,0.915,1.652,2.28
1/28/2000,0.066,0.29,0.895,1.68,2.248
1/31/2000,0.055,0.34,0.955,1.735,2.296
2/1/2000,0.05,0.365,0.99,1.77,2.33
2/2/2000,0.055,0.395,1.055,1.854,2.42
2/3/2000,0.055,0.395,1.055,1.869,2.404
2/4/2000,0.05,0.35,1.015,1.834,2.369
2/7/2000,0.045,0.345,1.035,1.87,2.421
2/8/2000,0.053,0.36,1.09,1.919,2.481
2/9/2000,0.05,0.345,1.055,1.894,2.446
2/10/2000,0.04,0.35,1.055,1.867,2.401
2/14/2000,0.048,0.345,1.05,1.835,2.366
2/15/2000,0.04,0.335,1.03,1.809,2.312
2/16/2000,0.047,0.325,1.025,1.802,2.293
2/17/2000,0.05,0.335,1.07,1.858,2.325
2/18/2000,,0.31,1.02,1.827,2.286
2/21/2000,0.045,0.295,1.005,1.807,2.273
2/22/2000,0.04,0.305,1.04,1.868,2.336
2/23/2000,0.04,0.31,1.04,1.849,2.322
2/24/2000,0.049,0.335,1.075,1.875,2.347
2/25/2000,0.04,0.34,1.085,1.892,2.369
2/28/2000,0.047,0.325,1.035,1.832,2.329
2/29/2000,0.04,0.38,1.14,1.852,2.344
3/1/2000,0.047,0.38,1.13,1.838,2.298
3/2/2000,0.045,0.385,1.11,1.796,2.217
3/3/2000,0.045,0.41,1.13,1.806,2.195
3/6/2000,0.045,0.4,1.11,1.782,2.173
3/7/2000,0.048,0.425,1.14,1.8,2.177
3/8/2000,0.047,0.41,1.11,1.766,2.134
3/9/2000,0.06,0.42,1.135,1.809,2.172
3/10/2000,0.055,0.43,1.165,1.842,2.302
3/13/2000,0.055,0.43,1.155,1.826,2.291
3/14/2000,0.055,0.43,1.165,1.821,2.292
3/15/2000,0.06,0.435,1.18,1.837,2.299
3/16/2000,0.075,0.46,1.205,1.866,2.324
3/17/2000,0.075,0.475,1.205,1.856,2.313
3/21/2000,0.077,0.495,1.23,1.891,2.342
3/22/2000,0.11,0.46,1.19,1.862,2.317
3/23/2000,0.095,0.445,1.185,1.849,2.317
3/24/2000,0.085,0.465,1.21,1.878,2.342
3/27/2000,0.045,0.495,1.245,1.902,2.373
3/28/2000,0.04,0.495,1.235,1.882,2.353
3/29/2000,0.055,0.495,1.22,1.859,2.327
3/30/2000,0.075,0.475,1.16,1.796,2.251
3/31/2000,0.075,0.465,1.145,1.781,2.21
4/3/2000,0.07,0.455,1.16,1.812,2.229
4/4/2000,0.07,0.44,1.135,1.789,2.208
4/5/2000,0.06,0.43,1.135,1.781,2.178
4/6/2000,0.065,0.415,1.11,1.742,2.139
4/7/2000,0.06,0.4,1.105,1.728,2.105
4/10/2000,0.063,0.415,1.135,1.741,2.079
4/11/2000,0.06,0.415,1.135,1.749,2.081
4/12/2000,0.06,0.42,1.15,1.787,2.134
4/13/2000,0.07,0.48,1.2,1.81,2.163
4/14/2000,0.065,0.46,1.175,1.799,2.133
4/17/2000,0.06,0.41,1.1,1.712,2.034
4/18/2000,0.061,0.415,1.11,1.72,2.045
4/19/2000,0.058,0.415,1.1,1.713,2.042
4/20/2000,0.05,0.425,1.12,1.737,2.079
4/21/2000,0.05,0.415,1.115,1.75,2.108
4/24/2000,0.045,0.4,1.105,1.743,2.107
4/25/2000,0.04,0.385,1.085,1.726,2.104
4/26/2000,0.035,0.375,1.07,1.743,2.092
4/27/2000,0.045,0.37,1.065,1.74,2.01
4/28/2000,0.045,0.375,1.08,1.764,2.07
5/1/2000,0.044,0.36,1.055,1.741,2.162
5/2/2000,0.046,0.355,1.05,1.735,2.178
5/8/2000,0.043,0.345,1.04,1.739,2.181
5/9/2000,0.039,0.315,0.995,1.716,2.151
5/10/2000,0.038,0.325,1.02,1.728,2.158
5/11/2000,0.035,0.315,0.995,1.686,2.122
5/12/2000,0.037,0.33,1.035,1.704,2.143
5/15/2000,0.035,0.335,1.04,1.709,2.146
5/16/2000,0.037,0.345,1.06,1.749,2.205
5/17/2000,0.04,0.355,1.075,1.772,2.354
5/18/2000,0.037,0.335,1.03,1.73,2.323
5/19/2000,0.037,0.335,1.035,1.726,2.345
5/22/2000,0.035,0.3,1,1.697,2.307
5/23/2000,0.036,0.315,1.01,1.721,2.329
5/24/2000,0.036,0.3,0.985,1.71,2.114
5/25/2000,0.03,0.305,1,1.72,2.254
5/26/2000,0.034,0.305,0.98,1.685,2.218
5/29/2000,0.03,0.305,0.97,1.67,2.2
5/30/2000,0.033,0.335,0.995,1.695,2.194
5/31/2000,0.03,0.4,1.03,1.665,2.165
6/1/2000,0.04,0.41,1.05,1.67,2.164
6/2/2000,0.04,0.44,1.08,1.69,2.18
6/5/2000,0.04,0.48,1.15,1.755,2.253
6/6/2000,0.04,0.48,1.15,1.745,2.286
6/7/2000,0.04,0.48,1.11,1.73,2.257
6/8/2000,0.05,0.48,1.11,1.7,2.239
6/9/2000,0.04,0.45,1.06,1.665,2.204
6/12/2000,0.04,0.46,1.07,1.675,2.207
6/13/2000,0.04,0.45,1.06,1.66,2.179
6/14/2000,0.05,0.46,1.07,1.675,2.19
6/15/2000,0.04,0.43,1.04,1.665,2.17
6/16/2000,0.04,0.41,1.01,1.63,2.144
6/19/2000,0.04,0.4,1,1.63,2.153
6/20/2000,0.05,0.42,1.02,1.65,2.18
6/21/2000,0.07,0.46,1.06,1.68,2.228
6/22/2000,0.07,0.47,1.07,1.727,2.229
6/23/2000,0.1,0.47,1.07,1.699,2.194
6/26/2000,0.11,0.51,1.12,1.719,2.201
6/27/2000,0.1,0.51,1.12,1.74,2.222
6/28/2000,0.1,0.49,1.09,1.734,2.212
6/29/2000,0.17,0.52,1.11,1.755,2.214
6/30/2000,0.17,0.52,1.11,1.761,2.222
7/3/2000,0.17,0.51,1.12,1.77,2.254
7/4/2000,0.19,0.48,1.09,1.753,2.239
7/5/2000,0.2,0.48,1.12,1.77,2.264
7/6/2000,0.17,0.47,1.09,1.742,2.25
7/7/2000,0.17,0.47,1.11,1.761,2.29
7/10/2000,0.15,0.47,1.12,1.77,2.34
7/11/2000,0.2,0.5,1.14,1.776,2.338
7/12/2000,0.26,0.52,1.15,1.785,2.343
7/13/2000,0.21,0.45,1.06,1.712,2.287
7/14/2000,0.21,0.46,1.07,1.712,2.297
7/17/2000,0.18,0.46,1.07,1.703,2.289
7/18/2000,0.14,0.43,1.05,1.694,2.275
7/19/2000,0.14,0.44,1.06,1.71,2.297
7/21/2000,0.15,0.44,1.06,1.712,2.302
7/24/2000,0.15,0.44,1.07,1.722,2.319
7/25/2000,0.15,0.44,1.09,1.766,2.363
7/26/2000,0.17,0.43,1.07,1.753,2.358
7/27/2000,0.15,0.41,1.04,1.716,2.328
7/28/2000,0.14,0.4,1.03,1.689,2.309
7/31/2000,0.12,0.4,1.02,1.683,2.303
8/1/2000,0.125,0.41,1.025,1.687,2.293
8/2/2000,0.12,0.41,1.02,1.683,2.274
8/3/2000,0.13,0.41,1.02,1.686,2.264
8/4/2000,0.12,0.405,1.01,1.683,2.259
8/7/2000,0.105,0.405,1.005,1.693,2.274
8/8/2000,0.105,0.425,1.025,1.699,2.284
8/9/2000,0.144,0.48,1.07,1.725,2.305
8/10/2000,0.25,0.505,1.085,1.744,2.324
8/11/2000,0.243,0.485,1.06,1.72,2.294
8/14/2000,0.254,0.5,1.06,1.725,2.299
8/15/2000,0.25,0.51,1.07,1.755,2.338
8/16/2000,0.3,0.525,1.09,1.769,2.369
8/17/2000,0.313,0.505,1.075,1.76,2.372
8/18/2000,0.3,0.495,1.09,1.78,2.409
8/21/2000,0.305,0.505,1.105,1.794,2.433
8/22/2000,0.305,0.525,1.14,1.81,2.454
8/23/2000,0.31,0.555,1.185,1.848,2.493
8/24/2000,0.315,0.555,1.165,1.832,2.475
8/25/2000,0.325,0.585,1.21,1.873,2.52
8/28/2000,0.32,0.595,1.23,1.883,2.534
8/29/2000,0.325,0.605,1.23,1.898,2.562
8/30/2000,0.325,0.6,1.215,1.882,2.546
8/31/2000,0.325,0.64,1.255,1.887,2.55
9/1/2000,0.32,0.665,1.31,1.957,2.636
9/4/2000,0.32,0.65,1.285,1.935,2.618
9/5/2000,0.324,0.655,1.31,1.962,2.649
9/6/2000,0.326,0.665,1.325,1.976,2.669
9/7/2000,0.325,0.65,1.295,1.941,2.638
9/8/2000,0.32,0.61,1.22,1.858,2.564
9/11/2000,0.32,0.595,1.21,1.842,2.555
9/12/2000,0.323,0.58,1.195,1.847,2.574
9/13/2000,0.325,0.585,1.21,1.866,2.609
9/14/2000,0.335,0.6,1.225,1.889,2.648
9/18/2000,0.335,0.59,1.2,1.866,2.653
9/19/2000,0.335,0.58,1.18,1.854,2.648
9/20/2000,0.335,0.585,1.19,1.871,2.668
9/21/2000,0.342,0.595,1.205,1.912,2.693
9/22/2000,0.345,0.57,1.165,1.869,2.665
9/25/2000,0.34,0.58,1.175,1.878,2.684
9/26/2000,0.34,0.605,1.21,1.906,2.75
9/27/2000,0.333,0.6,1.19,1.889,2.742
9/28/2000,0.32,0.61,1.19,1.882,2.743
9/29/2000,0.32,0.61,1.17,1.847,2.719
10/2/2000,0.315,0.6,1.16,1.842,2.718
10/3/2000,0.317,0.585,1.145,1.837,2.717
10/4/2000,0.295,0.585,1.145,1.825,2.719
10/5/2000,0.495,0.575,1.13,1.808,2.712
10/6/2000,0.47,0.575,1.135,1.814,2.756
10/10/2000,0.45,0.57,1.135,1.834,2.814
10/11/2000,0.45,0.56,1.125,1.82,2.823
10/12/2000,0.445,0.555,1.135,1.849,2.867
10/13/2000,0.445,0.53,1.11,1.843,2.939
10/16/2000,0.435,0.52,1.105,1.86,3.035
10/17/2000,0.435,0.52,1.105,1.835,2.971
10/18/2000,0.425,0.52,1.09,1.799,2.901
10/19/2000,0.38,0.51,1.08,1.82,2.935
10/20/2000,0.38,0.515,1.085,1.839,2.969
10/23/2000,0.37,0.525,1.105,1.854,3.004
10/24/2000,0.37,0.53,1.12,1.86,3.037
10/25/2000,0.365,0.525,1.115,1.84,3.014
10/26/2000,0.37,0.515,1.105,1.84,3.015
10/27/2000,0.37,0.51,1.1,1.844,3.019
10/30/2000,0.38,0.5,1.075,1.819,2.998
10/31/2000,0.375,0.5,1.07,1.813,3
11/1/2000,0.375,0.51,1.095,1.835,3.047
11/2/2000,0.37,0.495,1.07,1.82,3.052
11/6/2000,0.375,0.49,1.06,1.816,3.081
11/7/2000,0.37,0.495,1.075,1.82,3.133
11/8/2000,0.37,0.51,1.095,1.817,3.099
11/9/2000,0.375,0.51,1.085,1.805,2.839
11/10/2000,0.375,0.515,1.085,1.809,2.839
11/13/2000,0.375,0.505,1.05,1.781,2.811
11/14/2000,0.375,0.515,1.06,1.787,2.815
11/15/2000,0.37,0.51,1.05,1.785,2.778
11/16/2000,0.36,0.505,1.04,1.78,2.718
11/17/2000,0.366,0.5,1.04,1.775,2.694
11/20/2000,0.367,0.485,1.02,1.745,2.655
11/21/2000,0.375,0.485,1.015,1.709,2.604
11/22/2000,0.395,0.49,1.025,1.717,2.576
11/24/2000,0.395,0.485,1.005,1.68,2.488
11/27/2000,0.397,0.495,1.015,1.69,2.504
11/28/2000,0.395,0.5,1.015,1.71,2.523
11/29/2000,0.393,0.485,0.98,1.677,2.504
11/30/2000,0.4,0.48,0.94,1.622,2.463
12/1/2000,0.395,0.49,0.94,1.636,2.476
12/4/2000,0.385,0.545,0.985,1.646,2.5
12/5/2000,0.393,0.545,0.955,1.606,2.499
12/6/2000,0.393,0.555,0.97,1.63,2.569
12/7/2000,0.39,0.53,0.915,1.57,2.544
12/8/2000,0.39,0.555,0.945,1.596,2.558
12/11/2000,0.425,0.62,1.025,1.642,2.59
12/12/2000,0.435,0.61,1.02,1.647,2.588
12/13/2000,0.435,0.605,1.055,1.696,2.611
12/14/2000,0.445,0.57,1.02,1.661,2.578
12/15/2000,0.444,0.555,1.02,1.647,2.554
12/18/2000,0.44,0.555,1.05,1.689,2.6
12/19/2000,0.449,0.54,1.015,1.652,2.586
12/20/2000,0.475,0.52,0.96,1.583,2.555
12/21/2000,0.545,0.505,0.92,1.54,2.515
12/22/2000,0.57,0.485,0.925,1.577,2.539
12/25/2000,0.56,0.485,0.945,1.612,2.555
12/26/2000,0.6,0.48,0.935,1.612,2.543
12/27/2000,0.4,0.47,0.925,1.597,2.526
12/28/2000,0.4,0.47,0.96,1.652,2.584
12/29/2000,0.4,0.47,0.96,1.646,2.572
1/4/2001,0.411,0.445,0.925,1.632,2.557
1/5/2001,0.405,0.42,0.905,1.626,2.55
1/9/2001,0.455,0.405,0.865,1.557,2.514
1/10/2001,0.43,0.425,0.9,1.571,2.529
1/11/2001,0.38,0.41,0.86,1.561,2.479
1/12/2001,0.345,0.405,0.855,1.518,2.424
1/15/2001,0.35,0.41,0.865,1.537,2.423
1/16/2001,0.365,0.41,0.88,1.577,2.457
1/17/2001,0.37,0.41,0.89,1.592,2.468
1/18/2001,0.347,0.385,0.845,1.537,2.418
1/19/2001,0.36,0.375,0.83,1.522,2.404
1/22/2001,0.325,0.34,0.785,1.477,2.345
1/23/2001,0.333,0.34,0.795,1.486,2.34
1/24/2001,0.34,0.355,0.805,1.497,2.34
1/25/2001,0.34,0.335,0.76,1.45,2.291
1/26/2001,0.34,0.325,0.75,1.427,2.249
1/29/2001,0.34,0.325,0.765,1.446,2.237
1/30/2001,0.34,0.36,0.82,1.494,2.243
1/31/2001,0.33,0.36,0.805,1.498,2.212
2/1/2001,0.334,0.37,0.81,1.491,2.223
2/2/2001,0.33,0.4,0.855,1.531,2.28
2/5/2001,0.326,0.375,0.815,1.489,2.228
2/6/2001,0.322,0.38,0.82,1.504,2.24
2/7/2001,0.312,0.365,0.78,1.46,2.208
2/8/2001,0.29,0.345,0.77,1.465,2.213
2/9/2001,0.28,0.31,0.73,1.438,2.203
2/13/2001,0.24,0.3,0.715,1.394,2.148
2/14/2001,0.225,0.305,0.73,1.414,2.156
2/15/2001,0.225,0.295,0.72,1.405,2.146
2/16/2001,0.23,0.295,0.72,1.404,2.127
2/19/2001,0.215,0.27,0.68,1.369,2.092
2/20/2001,0.205,0.28,0.695,1.395,2.107
2/21/2001,0.217,0.28,0.685,1.369,2.067
2/22/2001,0.205,0.295,0.735,1.46,2.119
2/23/2001,0.195,0.26,0.7,1.44,2.104
2/26/2001,0.2,0.23,0.66,1.42,2.082
2/27/2001,0.21,0.235,0.655,1.38,2.052
2/28/2001,0.195,0.225,0.63,1.35,2.013
3/1/2001,0.124,0.186,0.544,1.214,1.817
3/2/2001,0.107,0.181,0.559,1.234,1.836
3/5/2001,0.101,0.18,0.554,1.239,1.842
3/6/2001,0.115,0.175,0.538,1.199,1.798
3/7/2001,0.125,0.175,0.53,1.138,1.732
3/8/2001,0.12,0.179,0.55,1.174,1.774
3/9/2001,0.115,0.189,0.573,1.224,1.831
3/12/2001,0.105,0.175,0.536,1.195,1.817
3/13/2001,0.1,0.157,0.542,1.185,1.828
3/14/2001,0.104,0.138,0.495,1.15,1.814
3/15/2001,0.08,0.105,0.465,1.145,1.81
3/16/2001,0.085,0.09,0.451,1.145,1.809
3/19/2001,0.068,0.09,0.455,1.144,1.805
3/21/2001,0.055,0.06,0.4,1.051,1.669
3/22/2001,0.045,0.079,0.429,1.068,1.687
3/23/2001,0.048,0.111,0.499,1.144,1.765
3/26/2001,0.05,0.106,0.494,1.15,1.79
3/27/2001,0.07,0.129,0.53,1.24,1.879
3/28/2001,0.075,0.155,0.599,1.334,2.021
3/29/2001,0.05,0.15,0.617,1.36,2.031
3/30/2001,0.055,0.136,0.543,1.278,1.97
4/2/2001,0.051,0.189,0.62,1.361,2.066
4/3/2001,0.045,0.175,0.61,1.33,2.027
4/4/2001,0.048,0.159,0.58,1.316,2.014
4/5/2001,0.045,0.147,0.565,1.306,2.018
4/6/2001,0.046,0.146,0.56,1.275,1.991
4/9/2001,0.045,0.15,0.564,1.289,1.998
4/10/2001,0.045,0.145,0.589,1.329,2.041
4/11/2001,0.045,0.139,0.569,1.325,2.052
4/12/2001,0.04,0.15,0.649,1.444,2.187
4/13/2001,0.035,0.141,0.649,1.439,2.209
4/16/2001,0.03,0.136,0.645,1.455,2.246
4/17/2001,0.034,0.144,0.649,1.454,2.284
4/18/2001,0.033,0.142,0.679,1.504,2.356
4/19/2001,0.028,0.123,0.655,1.488,2.432
4/20/2001,0.027,0.11,0.609,1.459,2.404
4/23/2001,0.026,0.113,0.559,1.394,2.334
4/24/2001,0.026,0.113,0.544,1.365,2.268
4/25/2001,0.025,0.113,0.55,1.325,2.277
4/26/2001,0.021,0.108,0.525,1.354,2.261
4/27/2001,0.021,0.104,0.519,1.339,2.253
5/1/2001,0.015,0.116,0.535,1.361,2.277
5/2/2001,0.02,0.115,0.544,1.388,2.326
5/7/2001,0.02,0.102,0.515,1.354,2.326
5/8/2001,0.02,0.101,0.499,1.314,2.304
5/9/2001,0.015,0.098,0.47,1.289,2.265
5/10/2001,0.01,0.071,0.459,1.293,2.261
5/11/2001,0.011,0.07,0.442,1.289,2.253
5/14/2001,0.01,0.06,0.425,1.272,2.242
5/15/2001,0.01,0.081,0.464,1.291,2.247
5/16/2001,0.01,0.075,0.465,1.254,2.214
5/17/2001,0.01,0.074,0.456,1.255,2.161
5/18/2001,0.007,0.051,0.41,1.254,2.171
5/21/2001,0.007,0.058,0.441,1.293,2.208
5/22/2001,0.007,0.071,0.455,1.286,2.215
5/23/2001,0.008,0.073,0.449,1.315,2.197
5/24/2001,0.005,0.067,0.439,1.288,2.164
5/25/2001,0.008,0.07,0.446,1.28,2.143
5/28/2001,0.008,0.07,0.429,1.266,2.111
5/29/2001,0.008,0.073,0.429,1.283,2.096
5/30/2001,0.008,0.066,0.42,1.284,2.111
5/31/2001,0.007,0.06,0.389,1.245,2.071
6/1/2001,0.007,0.059,0.395,1.249,2.085
6/4/2001,0.007,0.058,0.395,1.244,2.09
6/5/2001,0.006,0.057,0.385,1.224,2.081
6/6/2001,0.007,0.059,0.404,1.259,2.121
6/7/2001,0.007,0.064,0.399,1.245,2.104
6/8/2001,0.007,0.059,0.409,1.249,2.11
6/11/2001,0.005,0.059,0.399,1.225,2.071
6/12/2001,0.005,0.059,0.396,1.207,2.035
6/13/2001,0.01,0.054,0.365,1.185,2.007
6/14/2001,0.01,0.054,0.365,1.165,1.988
6/15/2001,0.01,0.045,0.373,1.195,2.024
6/18/2001,0.015,0.044,0.36,1.198,2.027
6/19/2001,0.015,0.048,0.36,1.19,2.028
6/20/2001,0.012,0.054,0.365,1.199,2.046
6/21/2001,0.015,0.054,0.369,1.182,2.027
6/22/2001,0.015,0.053,0.369,1.184,2.017
6/25/2001,0.015,0.046,0.352,1.154,1.976
6/26/2001,0.015,0.045,0.349,1.149,1.964
6/27/2001,0.015,0.052,0.343,1.144,1.955
6/28/2001,0.016,0.055,0.329,1.135,1.945
6/29/2001,0.015,0.059,0.365,1.194,2.176
7/2/2001,0.013,0.063,0.419,1.28,2.262
7/3/2001,0.012,0.057,0.414,1.288,2.278
7/4/2001,0.012,0.059,0.395,1.272,2.274
7/5/2001,0.014,0.062,0.381,1.249,2.278
7/6/2001,0.014,0.061,0.369,1.249,2.312
7/9/2001,0.015,0.075,0.435,1.349,2.441
7/10/2001,0.015,0.065,0.434,1.358,2.463
7/11/2001,0.017,0.066,0.409,1.299,2.396
7/12/2001,0.015,0.065,0.4,1.274,2.346
7/13/2001,0.016,0.074,0.408,1.31,2.387
7/16/2001,0.025,0.068,0.429,1.354,2.447
7/17/2001,0.019,0.078,0.444,1.372,2.487
7/18/2001,0.022,0.073,0.436,1.369,2.496
7/19/2001,0.022,0.067,0.448,1.385,2.521
7/23/2001,0.022,0.071,0.431,1.38,2.522
7/24/2001,0.03,0.079,0.458,1.414,2.549
7/25/2001,0.035,0.081,0.45,1.389,2.513
7/26/2001,0.03,0.075,0.419,1.339,2.442
7/27/2001,0.028,0.079,0.419,1.322,2.4
7/30/2001,0.026,0.089,0.419,1.329,2.417
7/31/2001,0.027,0.092,0.411,1.339,2.431
8/1/2001,0.027,0.094,0.411,1.339,2.438
8/2/2001,0.027,0.122,0.465,1.345,2.453
8/3/2001,0.028,0.143,0.5,1.375,2.485
8/6/2001,0.028,0.151,0.53,1.406,2.513
8/7/2001,0.029,0.167,0.56,1.441,2.543
8/8/2001,0.029,0.155,0.52,1.374,2.451
8/9/2001,0.033,0.126,0.478,1.356,2.423
8/10/2001,0.03,0.116,0.444,1.319,2.393
8/13/2001,0.029,0.103,0.43,1.31,2.389
8/14/2001,0.02,0.084,0.404,1.304,2.389
8/15/2001,0.017,0.069,0.39,1.299,2.415
8/16/2001,0.015,0.076,0.4,1.303,2.417
8/17/2001,0.013,0.081,0.426,1.334,2.438
8/20/2001,0.013,0.088,0.44,1.353,2.459
8/21/2001,0.014,0.092,0.454,1.361,2.457
8/22/2001,0.014,0.095,0.44,1.377,2.412
8/23/2001,0.013,0.088,0.46,1.407,2.437
8/24/2001,0.013,0.083,0.45,1.395,2.409
8/27/2001,0.013,0.082,0.479,1.42,2.422
8/28/2001,0.011,0.082,0.469,1.389,2.382
8/29/2001,0.01,0.084,0.471,1.389,2.372
8/30/2001,0.01,0.087,0.461,1.37,2.364
8/31/2001,0.008,0.087,0.465,1.379,2.374
9/3/2001,0.009,0.086,0.493,1.409,2.405
9/4/2001,0.008,0.081,0.474,1.394,2.389
9/5/2001,0.006,0.079,0.469,1.379,2.38
9/6/2001,0.002,0.066,0.474,1.408,2.414
9/7/2001,0.002,0.066,0.47,1.414,2.417
9/10/2001,0.003,0.061,0.468,1.419,2.418
9/11/2001,0.003,0.061,0.48,1.423,2.418
9/12/2001,0.007,0.056,0.464,1.435,2.438
9/13/2001,0.005,0.056,0.461,1.449,2.457
9/14/2001,0.004,0.056,0.423,1.419,2.429
9/17/2001,0.006,0.056,0.379,1.344,2.363
9/18/2001,0.007,0.055,0.391,1.36,2.372
9/19/2001,0.01,0.061,0.433,1.41,2.414
9/20/2001,0.007,0.075,0.46,1.429,2.433
9/21/2001,0.011,0.074,0.455,1.394,2.398
9/25/2001,0.009,0.077,0.453,1.389,2.383
9/26/2001,0.008,0.09,0.465,1.42,2.409
9/27/2001,0.007,0.088,0.451,1.404,2.39
9/28/2001,0.006,0.087,0.509,1.415,2.405
10/1/2001,0.007,0.119,0.486,1.4,2.395
10/2/2001,0.006,0.111,0.464,1.379,2.393
10/3/2001,0.006,0.11,0.474,1.384,2.422
10/4/2001,0.008,0.109,0.489,1.38,2.442
10/5/2001,0.007,0.114,0.489,1.388,2.459
10/9/2001,0.01,0.118,0.494,1.395,2.484
10/10/2001,0.008,0.118,0.5,1.395,2.508
10/11/2001,0.013,0.115,0.479,1.365,2.493
10/12/2001,0.012,0.115,0.489,1.384,2.532
10/15/2001,0.011,0.115,0.484,1.384,2.541
10/16/2001,0.014,0.116,0.464,1.354,2.518
10/17/2001,0.011,0.116,0.48,1.379,2.537
10/18/2001,0.011,0.114,0.464,1.364,2.538
10/19/2001,0.011,0.119,0.474,1.364,2.538
10/22/2001,0.011,0.123,0.479,1.36,2.533
10/23/2001,0.013,0.124,0.474,1.33,2.507
10/24/2001,0.011,0.124,0.464,1.324,2.502
10/25/2001,0.011,0.119,0.459,1.324,2.508
10/26/2001,0.015,0.119,0.459,1.33,2.518
10/29/2001,0.013,0.119,0.459,1.329,2.518
10/30/2001,0.012,0.119,0.469,1.334,2.523
10/31/2001,0.013,0.124,0.474,1.315,2.487
11/1/2001,0.011,0.124,0.469,1.315,2.462
11/2/2001,0.01,0.124,0.469,1.31,2.422
11/5/2001,0.01,0.124,0.464,1.3,2.402
11/6/2001,0.01,0.124,0.464,1.3,2.397
11/7/2001,0.01,0.119,0.445,1.275,2.387
11/8/2001,0.012,0.117,0.455,1.304,2.423
11/9/2001,0.013,0.115,0.475,1.324,2.443
11/12/2001,0.011,0.115,0.47,1.315,2.433
11/13/2001,0.011,0.115,0.474,1.324,2.439
11/14/2001,0.012,0.115,0.479,1.334,2.443
11/15/2001,0.017,0.114,0.493,1.349,2.444
11/16/2001,0.017,0.115,0.504,1.364,2.443
11/19/2001,0.016,0.115,0.494,1.349,2.423
11/20/2001,0.017,0.115,0.504,1.357,2.433
11/21/2001,0.022,0.115,0.5,1.336,2.424
11/22/2001,0.021,0.114,0.494,1.358,2.423
11/26/2001,0.019,0.121,0.515,1.379,2.454
11/27/2001,0.018,0.133,0.546,1.399,2.489
11/28/2001,0.02,0.134,0.523,1.364,2.454
11/29/2001,0.03,0.164,0.555,1.384,2.474
11/30/2001,0.027,0.151,0.527,1.364,2.448
12/3/2001,0.024,0.151,0.541,1.399,2.5
12/4/2001,0.03,0.14,0.534,1.388,2.534
12/5/2001,0.03,0.123,0.519,1.379,2.567
12/6/2001,0.028,0.085,0.534,1.399,2.598
12/7/2001,0.027,0.088,0.514,1.368,2.559
12/10/2001,0.032,0.083,0.495,1.355,2.554
12/11/2001,0.032,0.081,0.479,1.355,2.564
12/12/2001,0.028,0.108,0.474,1.345,2.563
12/13/2001,0.037,0.108,0.464,1.333,2.548
12/14/2001,0.04,0.115,0.484,1.34,2.554
12/17/2001,0.038,0.115,0.484,1.329,2.539
12/18/2001,0.037,0.115,0.484,1.329,2.529
12/19/2001,0.035,0.114,0.489,1.339,2.534
12/20/2001,0.031,0.109,0.479,1.324,2.519
12/21/2001,0.028,0.1,0.464,1.32,2.473
12/25/2001,0.025,0.096,0.464,1.324,2.478
12/26/2001,0.011,0.094,0.463,1.33,2.489
12/27/2001,0.005,0.095,0.479,1.35,2.509
12/28/2001,0.013,0.121,0.549,1.368,2.51
1/4/2002,0.013,0.148,0.594,1.403,2.538
1/7/2002,0.011,0.13,0.584,1.389,2.529
1/8/2002,0.013,0.131,0.594,1.399,2.542
1/9/2002,0.012,0.151,0.594,1.385,2.538
1/10/2002,0.009,0.152,0.59,1.395,2.543
1/11/2002,0.007,0.152,0.584,1.401,2.548
1/15/2002,0.009,0.154,0.594,1.417,2.559
1/16/2002,0.006,0.15,0.585,1.401,2.55
1/17/2002,0.003,0.158,0.614,1.425,2.57
1/18/2002,0.003,0.163,0.634,1.43,2.571
1/21/2002,0.004,0.165,0.66,1.445,2.579
1/22/2002,0.003,0.165,0.66,1.44,2.578
1/23/2002,0.002,0.153,0.65,1.441,2.584
1/24/2002,0.001,0.15,0.659,1.466,2.609
1/25/2002,0.002,0.129,0.683,1.473,2.618
1/28/2002,0.002,0.129,0.663,1.453,2.598
1/29/2002,0.001,0.155,0.674,1.478,2.633
1/30/2002,0.002,0.16,0.695,1.489,2.659
1/31/2002,0.001,0.14,0.7,1.485,2.674
2/1/2002,0.001,0.136,0.71,1.5,2.715
2/4/2002,0.001,0.153,0.671,1.505,2.728
2/5/2002,0.001,0.155,0.686,1.534,2.759
2/6/2002,0.001,0.143,0.663,1.543,2.758
2/7/2002,0.001,0.143,0.675,1.564,2.762
2/8/2002,0.001,0.138,0.631,1.509,2.703
2/12/2002,0.001,0.137,0.607,1.47,2.664
2/13/2002,0.001,0.143,0.636,1.503,2.683
2/14/2002,0.001,0.144,0.652,1.521,2.668
2/15/2002,0.001,0.14,0.627,1.505,2.612
2/18/2002,0.001,0.144,0.637,1.51,2.607
2/19/2002,0.001,0.156,0.663,1.523,2.639
2/20/2002,0.001,0.154,0.664,1.529,2.65
2/21/2002,0.001,0.154,0.629,1.495,2.629
2/22/2002,0.001,0.15,0.628,1.531,2.639
2/25/2002,0.001,0.13,0.624,1.529,2.638
2/26/2002,0.001,0.164,0.648,1.555,2.653
2/27/2002,0.001,0.164,0.649,1.545,2.643
2/28/2002,0.001,0.13,0.639,1.53,2.618
3/1/2002,0.001,0.13,0.624,1.52,2.604
3/4/2002,0.001,0.125,0.599,1.5,2.578
3/5/2002,0.001,0.121,0.59,1.48,2.557
3/6/2002,0.001,0.118,0.571,1.468,2.537
3/7/2002,0.001,0.11,0.556,1.455,2.516
3/8/2002,0.001,0.108,0.582,1.47,2.516
3/11/2002,0.001,0.109,0.607,1.504,2.546
3/12/2002,0.001,0.106,0.594,1.476,2.496
3/13/2002,0.001,0.108,0.579,1.45,2.466
3/14/2002,0.001,0.105,0.554,1.428,2.452
3/15/2002,0.001,0.106,0.559,1.46,2.486
3/18/2002,0.001,0.106,0.54,1.449,2.477
3/19/2002,0.001,0.083,0.534,1.445,2.467
3/20/2002,0.001,0.074,0.538,1.437,2.468
3/22/2002,0.001,0.061,0.54,1.436,2.469
3/25/2002,0.001,0.069,0.565,1.451,2.475
3/26/2002,0.001,0.07,0.56,1.426,2.467
3/27/2002,0.001,0.069,0.535,1.4,2.452
3/28/2002,0.001,0.069,0.504,1.385,2.443
3/29/2002,0.001,0.05,0.515,1.395,2.472
4/1/2002,0.001,0.058,0.534,1.4,2.478
4/2/2002,0.002,0.082,0.517,1.386,2.469
4/3/2002,0.001,0.082,0.515,1.39,2.467
4/4/2002,0.001,0.082,0.505,1.39,2.437
4/5/2002,0.001,0.055,0.509,1.381,2.428
4/8/2002,0.001,0.053,0.51,1.365,2.397
4/9/2002,0.005,0.081,0.524,1.395,2.419
4/10/2002,0.003,0.08,0.504,1.375,2.403
4/11/2002,0.001,0.075,0.49,1.355,2.372
4/12/2002,0.001,0.074,0.513,1.385,2.377
4/15/2002,0.001,0.075,0.499,1.365,2.342
4/16/2002,0.003,0.076,0.509,1.38,2.352
4/17/2002,0.001,0.076,0.514,1.4,2.372
4/18/2002,0.001,0.076,0.519,1.409,2.393
4/19/2002,0.001,0.076,0.513,1.394,2.382
4/22/2002,0.002,0.077,0.514,1.404,2.392
4/23/2002,0.001,0.077,0.523,1.418,2.407
4/24/2002,0.002,0.078,0.539,1.442,2.423
4/25/2002,0.002,0.077,0.543,1.44,2.442
4/26/2002,0.001,0.077,0.523,1.419,2.428
4/30/2002,0.001,0.053,0.496,1.38,2.403
5/1/2002,0.001,0.049,0.484,1.374,2.404
5/2/2002,0.003,0.048,0.49,1.38,2.414
5/7/2002,0.003,0.049,0.488,1.364,2.404
5/8/2002,0.005,0.049,0.5,1.375,2.424
5/9/2002,0.004,0.059,0.494,1.365,2.414
5/10/2002,0.002,0.06,0.489,1.365,2.429
5/13/2002,0.002,0.06,0.484,1.374,2.449
5/14/2002,0.002,0.06,0.475,1.369,2.423
5/15/2002,0.002,0.059,0.459,1.363,2.33
5/16/2002,0.004,0.059,0.465,1.359,2.327
5/17/2002,0.005,0.06,0.474,1.365,2.342
5/20/2002,0.003,0.059,0.494,1.387,2.356
5/21/2002,0.003,0.06,0.504,1.398,2.357
5/22/2002,0.005,0.06,0.504,1.387,2.351
5/23/2002,0.003,0.068,0.52,1.439,2.362
5/24/2002,0.004,0.069,0.509,1.423,2.347
5/27/2002,0.003,0.074,0.515,1.428,2.342
5/28/2002,0.003,0.07,0.49,1.404,2.322
5/29/2002,0.003,0.074,0.484,1.423,2.341
5/30/2002,0.005,0.074,0.469,1.399,2.333
5/31/2002,0.005,0.074,0.48,1.394,2.329
6/3/2002,0.004,0.079,0.475,1.389,2.324
6/4/2002,0.005,0.08,0.484,1.404,2.354
6/5/2002,0.005,0.079,0.489,1.404,2.354
6/6/2002,0.004,0.079,0.474,1.384,2.333
6/7/2002,0.01,0.079,0.49,1.37,2.318
6/10/2002,0.009,0.079,0.481,1.369,2.318
6/11/2002,0.006,0.08,0.485,1.375,2.324
6/12/2002,0.006,0.08,0.489,1.384,2.33
6/13/2002,0.009,0.078,0.478,1.387,2.332
6/14/2002,0.009,0.078,0.469,1.374,2.318
6/17/2002,0.01,0.075,0.472,1.385,2.318
6/18/2002,0.012,0.075,0.464,1.373,2.313
6/19/2002,0.011,0.075,0.479,1.384,2.314
6/20/2002,0.009,0.074,0.459,1.369,2.289
6/21/2002,0.01,0.07,0.437,1.328,2.238
6/24/2002,0.008,0.07,0.439,1.328,2.219
6/25/2002,0.007,0.07,0.439,1.314,2.209
6/26/2002,0.006,0.069,0.429,1.32,2.204
6/27/2002,0.006,0.069,0.439,1.345,2.224
6/28/2002,0.006,0.069,0.414,1.32,2.204
7/1/2002,0.006,0.07,0.444,1.347,2.228
7/2/2002,0.006,0.069,0.438,1.334,2.214
7/3/2002,0.006,0.069,0.443,1.33,2.213
7/4/2002,0.006,0.069,0.435,1.319,2.194
7/5/2002,0.01,0.064,0.434,1.325,2.189
7/8/2002,0.007,0.06,0.434,1.328,2.189
7/9/2002,0.007,0.06,0.429,1.323,2.184
7/10/2002,0.007,0.06,0.41,1.3,2.149
7/11/2002,0.007,0.06,0.4,1.278,2.129
7/12/2002,0.006,0.06,0.405,1.295,2.139
7/15/2002,0.006,0.06,0.394,1.279,2.109
7/16/2002,0.006,0.06,0.394,1.275,2.084
7/17/2002,0.006,0.059,0.395,1.274,2.074
7/18/2002,0.008,0.059,0.4,1.272,2.049
7/19/2002,0.008,0.059,0.4,1.269,2.039
7/22/2002,0.007,0.059,0.404,1.274,2.039
7/23/2002,0.007,0.059,0.419,1.304,2.09
7/24/2002,0.006,0.059,0.424,1.324,2.11
7/25/2002,0.006,0.05,0.414,1.329,2.124
7/26/2002,0.005,0.05,0.429,1.339,2.135
7/29/2002,0.004,0.05,0.447,1.358,2.162
7/30/2002,0.005,0.049,0.434,1.35,2.183
7/31/2002,0.004,0.043,0.409,1.318,2.173
8/1/2002,0.002,0.04,0.404,1.319,2.184
8/2/2002,0.002,0.039,0.386,1.305,2.179
8/5/2002,0.002,0.04,0.364,1.285,2.159
8/6/2002,0.001,0.04,0.385,1.305,2.174
8/7/2002,0.001,0.04,0.369,1.28,2.144
8/8/2002,0.001,0.039,0.374,1.279,2.144
8/9/2002,0.001,0.039,0.365,1.265,2.129
8/12/2002,0.001,0.039,0.354,1.259,2.124
8/13/2002,0.002,0.039,0.367,1.296,2.165
8/14/2002,0.001,0.039,0.354,1.274,2.174
8/15/2002,0.002,0.039,0.355,1.275,2.194
8/16/2002,0.002,0.039,0.363,1.291,2.22
8/19/2002,0.001,0.034,0.354,1.268,2.213
8/20/2002,0.001,0.035,0.353,1.269,2.203
8/21/2002,0.001,0.026,0.339,1.254,2.179
8/22/2002,0.001,0.025,0.325,1.294,2.184
8/23/2002,0.001,0.024,0.32,1.271,2.176
8/26/2002,0.002,0.025,0.315,1.249,2.159
8/27/2002,0.001,0.025,0.303,1.224,2.119
8/28/2002,0.001,0.029,0.309,1.245,2.122
8/29/2002,0.001,0.029,0.284,1.199,2.034
8/30/2002,0.001,0.03,0.294,1.185,2.015
9/2/2002,0.001,0.029,0.298,1.168,1.994
9/3/2002,0.001,0.03,0.311,1.187,2.005
9/4/2002,0.001,0.029,0.339,1.201,2.01
9/5/2002,0.001,0.029,0.339,1.198,1.985
9/6/2002,0.001,0.029,0.313,1.135,1.905
9/9/2002,0.001,0.03,0.313,1.134,1.905
9/10/2002,0.001,0.029,0.283,1.08,1.833
9/11/2002,0.001,0.031,0.299,1.055,1.773
9/12/2002,0.001,0.035,0.293,1.039,1.758
9/13/2002,0.001,0.035,0.294,1.038,1.768
9/17/2002,0.001,0.035,0.294,1.065,1.823
9/18/2002,0.001,0.045,0.398,1.242,1.991
9/19/2002,0.001,0.051,0.324,1.19,1.943
9/20/2002,0.001,0.054,0.358,1.3,2.065
9/24/2002,0.001,0.055,0.364,1.284,2.065
9/25/2002,0.001,0.055,0.343,1.222,2.01
9/26/2002,0.003,0.059,0.36,1.234,2.03
9/27/2002,0.001,0.06,0.363,1.224,2.008
9/30/2002,0.002,0.06,0.344,1.186,1.965
10/1/2002,0.002,0.05,0.325,1.139,1.924
10/2/2002,0.001,0.049,0.334,1.143,1.935
10/3/2002,0.001,0.05,0.315,1.144,1.954
10/4/2002,0.002,0.05,0.31,1.156,2.014
10/7/2002,0.001,0.049,0.318,1.187,2.049
10/8/2002,0.001,0.049,0.324,1.169,2.028
10/9/2002,0.001,0.049,0.304,1.156,2.09
10/10/2002,0.001,0.049,0.286,1.14,2.128
10/11/2002,0.002,0.05,0.289,1.104,2.089
10/15/2002,0.001,0.049,0.284,1.068,2.059
10/16/2002,0.001,0.049,0.289,1.063,2.044
10/17/2002,0.004,0.049,0.299,1.068,2.02
10/18/2002,0.003,0.049,0.3,1.094,2.04
10/21/2002,0.005,0.049,0.29,1.075,2.014
10/22/2002,0.007,0.05,0.304,1.089,2.014
10/23/2002,0.006,0.05,0.298,1.084,1.949
10/24/2002,0.01,0.05,0.299,1.079,1.949
10/25/2002,0.01,0.05,0.299,1.078,1.955
10/28/2002,0.013,0.05,0.29,1.048,1.94
10/29/2002,0.01,0.049,0.288,1.044,1.924
10/30/2002,0.006,0.05,0.289,1.039,1.893
10/31/2002,0.005,0.045,0.269,0.994,1.834
11/1/2002,0.005,0.045,0.275,0.984,1.828
11/5/2002,0.004,0.045,0.279,0.966,1.807
11/6/2002,0.004,0.046,0.292,0.983,1.808
11/7/2002,0.004,0.05,0.296,0.999,1.812
11/8/2002,0.004,0.05,0.295,1,1.812
11/11/2002,0.003,0.05,0.289,0.964,1.781
11/12/2002,0.004,0.05,0.289,0.964,1.724
11/13/2002,0.004,0.05,0.284,0.96,1.775
11/14/2002,0.009,0.049,0.304,1.01,1.824
11/15/2002,0.017,0.048,0.304,1.016,1.823
11/18/2002,0.017,0.049,0.308,1.028,1.835
11/19/2002,0.016,0.048,0.304,0.994,1.803
11/20/2002,0.012,0.048,0.314,0.995,1.803
11/21/2002,0.011,0.059,0.348,1.023,1.83
11/22/2002,0.007,0.059,0.319,1.034,1.804
11/25/2002,0.009,0.059,0.3,1.005,1.774
11/26/2002,0.009,0.059,0.29,0.984,1.759
11/27/2002,0.011,0.064,0.299,0.994,1.773
11/28/2002,0.011,0.064,0.294,1,1.809
11/29/2002,0.01,0.065,0.3,1.002,1.83
12/2/2002,0.011,0.064,0.304,1.014,1.859
12/3/2002,0.01,0.064,0.315,1.034,1.88
12/4/2002,0.012,0.065,0.33,1.025,1.849
12/5/2002,0.012,0.064,0.34,1.028,1.85
12/6/2002,0.011,0.064,0.339,1.03,1.864
12/9/2002,0.005,0.064,0.334,1.019,1.859
12/10/2002,0.005,0.064,0.323,1.019,1.869
12/11/2002,0.004,0.064,0.314,1.017,1.861
12/12/2002,0.003,0.064,0.319,1.015,1.828
12/13/2002,0.001,0.064,0.319,1.009,1.803
12/16/2002,0.002,0.064,0.304,0.974,1.779
12/17/2002,0.002,0.059,0.304,0.969,1.794
12/18/2002,0.002,0.059,0.309,0.954,1.799
12/19/2002,0.001,0.059,0.304,0.954,1.798
12/20/2002,0.004,0.06,0.305,0.95,1.785
12/24/2002,0.002,0.059,0.3,0.945,1.774
12/25/2002,0.001,0.059,0.296,0.929,1.751
12/26/2002,0.002,0.055,0.305,0.939,1.76
12/27/2002,0.002,0.059,0.305,0.92,1.74
12/30/2002,0.002,0.06,0.303,0.909,1.73
1/6/2003,0.002,0.06,0.309,0.914,1.72
1/7/2003,0.002,0.06,0.309,0.909,1.7
1/8/2003,0.002,0.06,0.308,0.894,1.65
1/9/2003,0.002,0.06,0.314,0.855,1.569
1/10/2003,0.002,0.06,0.313,0.876,1.589
1/14/2003,0.002,0.06,0.314,0.879,1.541
1/15/2003,0.002,0.06,0.299,0.854,1.49
1/16/2003,0.002,0.06,0.289,0.844,1.46
1/17/2003,0.002,0.059,0.285,0.838,1.43
1/20/2003,0.002,0.06,0.285,0.829,1.4
1/21/2003,0.003,0.06,0.285,0.829,1.379
1/22/2003,0.003,0.059,0.275,0.814,1.435
1/23/2003,0.002,0.06,0.27,0.813,1.465
1/24/2003,0.001,0.06,0.259,0.816,1.504
1/27/2003,0.001,0.059,0.254,0.805,1.49
1/28/2003,0.001,0.06,0.255,0.794,1.464
1/29/2003,0.001,0.059,0.254,0.784,1.449
1/30/2003,0.001,0.051,0.249,0.761,1.425
1/31/2003,0.001,0.05,0.26,0.812,1.485
2/3/2003,0.001,0.05,0.258,0.815,1.489
2/4/2003,0.001,0.05,0.274,0.859,1.549
2/5/2003,0.001,0.05,0.294,0.875,1.574
2/6/2003,0.001,0.051,0.295,0.869,1.59
2/7/2003,0.001,0.05,0.285,0.849,1.574
2/10/2003,0.001,0.051,0.285,0.83,1.534
2/12/2003,0.001,0.055,0.295,0.85,1.555
2/13/2003,0.001,0.055,0.295,0.845,1.555
2/14/2003,0.001,0.055,0.29,0.845,1.554
2/17/2003,0.001,0.055,0.3,0.88,1.585
2/18/2003,0.001,0.055,0.3,0.882,1.585
2/19/2003,0.001,0.055,0.3,0.872,1.579
2/20/2003,0.001,0.055,0.295,0.865,1.574
2/21/2003,0.001,0.055,0.286,0.842,1.55
2/24/2003,0.001,0.055,0.275,0.815,1.5
2/25/2003,0.001,0.055,0.265,0.781,1.45
2/26/2003,0.001,0.055,0.27,0.795,1.464
2/27/2003,0.001,0.056,0.27,0.794,1.455
2/28/2003,0.002,0.06,0.265,0.79,1.449
3/3/2003,0.002,0.06,0.264,0.79,1.455
3/4/2003,0.004,0.06,0.259,0.75,1.415
3/5/2003,0.004,0.06,0.26,0.776,1.415
3/6/2003,0.003,0.06,0.25,0.775,1.385
3/7/2003,0.004,0.06,0.25,0.76,1.37
3/10/2003,0.003,0.061,0.255,0.765,1.369
3/11/2003,0.003,0.061,0.245,0.739,1.324
3/12/2003,0.008,0.061,0.251,0.719,1.309
3/13/2003,0.005,0.06,0.251,0.745,1.35
3/14/2003,0.006,0.06,0.251,0.756,1.37
3/17/2003,0.006,0.06,0.245,0.741,1.359
3/18/2003,0.006,0.06,0.247,0.73,1.34
3/19/2003,0.01,0.059,0.246,0.72,1.3
3/20/2003,0.011,0.059,0.269,0.755,1.324
3/24/2003,0.01,0.06,0.269,0.754,1.32
3/25/2003,0.014,0.065,0.264,0.725,1.29
3/26/2003,0.011,0.071,0.264,0.724,1.285
3/27/2003,0.006,0.071,0.278,0.745,1.294
3/28/2003,0.007,0.07,0.274,0.755,1.305
3/31/2003,0.007,0.07,0.25,0.709,1.245
4/1/2003,0.01,0.07,0.26,0.704,1.213
4/2/2003,0.008,0.07,0.268,0.704,1.205
4/3/2003,0.007,0.07,0.261,0.675,1.159
4/4/2003,0.007,0.07,0.259,0.708,1.194
4/7/2003,0.009,0.07,0.271,0.728,1.245
4/8/2003,0.01,0.07,0.273,0.73,1.249
4/9/2003,0.012,0.07,0.263,0.689,1.19
4/10/2003,0.01,0.07,0.254,0.691,1.179
4/11/2003,0.01,0.068,0.25,0.689,1.179
4/14/2003,0.01,0.065,0.25,0.663,1.145
4/15/2003,0.01,0.065,0.254,0.669,1.139
4/16/2003,0.012,0.064,0.248,0.665,1.114
4/17/2003,0.01,0.064,0.244,0.655,1.079
4/18/2003,0.01,0.064,0.239,0.641,1.038
4/21/2003,0.01,0.065,0.239,0.639,1.029
4/22/2003,0.01,0.065,0.24,0.645,1.04
4/23/2003,0.01,0.065,0.244,0.644,1.059
4/24/2003,0.011,0.065,0.24,0.635,1.049
4/25/2003,0.01,0.064,0.235,0.629,1.039
4/28/2003,0.01,0.06,0.225,0.614,1.024
4/30/2003,0.011,0.059,0.219,0.615,1.014
5/1/2003,0.01,0.054,0.215,0.615,1.025
5/2/2003,0.008,0.054,0.214,0.614,1.04
5/6/2003,0.008,0.055,0.21,0.619,1.065
5/7/2003,0.007,0.055,0.209,0.605,1.055
5/8/2003,0.007,0.055,0.21,0.599,1.049
5/9/2003,0.007,0.053,0.2,0.589,1.02
5/12/2003,0.007,0.053,0.199,0.579,1.005
5/13/2003,0.007,0.053,0.2,0.585,0.994
5/14/2003,0.006,0.054,0.205,0.589,0.989
5/15/2003,0.006,0.053,0.2,0.598,1.004
5/16/2003,0.006,0.05,0.18,0.585,0.994
5/19/2003,0.006,0.049,0.193,0.608,1.054
5/20/2003,0.006,0.05,0.19,0.594,1.09
5/21/2003,0.006,0.05,0.179,0.578,1.06
5/22/2003,0.007,0.05,0.173,0.57,1.068
5/23/2003,0.008,0.05,0.175,0.578,1.1
5/26/2003,0.008,0.05,0.165,0.555,1.084
5/27/2003,0.01,0.049,0.164,0.539,1.065
5/28/2003,0.012,0.05,0.16,0.53,1.065
5/29/2003,0.013,0.049,0.16,0.539,1.095
5/30/2003,0.01,0.05,0.164,0.54,1.096
6/2/2003,0.008,0.05,0.165,0.539,1.11
6/3/2003,0.008,0.049,0.165,0.51,1.11
6/4/2003,0.007,0.049,0.165,0.525,1.105
6/5/2003,0.007,0.049,0.16,0.524,1.11
6/6/2003,0.006,0.045,0.155,0.514,1.094
6/9/2003,0.005,0.045,0.155,0.506,1.069
6/10/2003,0.005,0.045,0.16,0.474,1.024
6/11/2003,0.005,0.045,0.171,0.456,0.985
6/12/2003,0.005,0.045,0.17,0.448,0.979
6/13/2003,0.007,0.045,0.175,0.455,0.995
6/16/2003,0.006,0.045,0.175,0.465,1
6/17/2003,0.006,0.045,0.189,0.48,1.004
6/18/2003,0.006,0.045,0.223,0.534,1.06
6/19/2003,0.005,0.054,0.301,0.693,1.27
6/20/2003,0.005,0.05,0.23,0.599,1.195
6/23/2003,0.005,0.055,0.26,0.64,1.259
6/24/2003,0.005,0.059,0.264,0.645,1.285
6/25/2003,0.007,0.066,0.259,0.639,1.289
6/26/2003,0.006,0.065,0.258,0.638,1.264
6/27/2003,0.006,0.07,0.299,0.735,1.323
6/30/2003,0.006,0.084,0.355,0.846,1.409
7/1/2003,0.006,0.094,0.369,0.865,1.449
7/2/2003,0.006,0.104,0.389,0.91,1.51
7/3/2003,0.009,0.115,0.485,1.133,1.748
7/4/2003,0.008,0.115,0.47,1.059,1.715
7/7/2003,0.008,0.116,0.475,1.095,1.79
7/8/2003,0.008,0.122,0.51,1.169,1.926
7/9/2003,0.009,0.112,0.444,1.114,1.955
7/10/2003,0.014,0.099,0.394,1.04,1.838
7/11/2003,0.012,0.098,0.385,0.99,1.713
7/14/2003,0.012,0.099,0.402,1.005,1.724
7/15/2003,0.013,0.103,0.424,1.039,1.765
7/16/2003,0.012,0.107,0.445,1.045,1.744
7/17/2003,0.011,0.108,0.395,0.97,1.658
7/18/2003,0.011,0.108,0.384,0.965,1.67
7/22/2003,0.01,0.103,0.369,0.964,1.725
7/23/2003,0.01,0.103,0.359,0.965,1.755
7/24/2003,0.01,0.103,0.388,1.006,1.81
7/25/2003,0.006,0.094,0.339,0.97,1.73
7/28/2003,0.004,0.089,0.314,0.925,1.685
7/29/2003,0.005,0.084,0.335,0.954,1.755
7/30/2003,0.004,0.089,0.334,0.965,1.774
7/31/2003,0.003,0.08,0.319,0.945,1.73
8/1/2003,0.003,0.08,0.35,0.97,1.715
8/4/2003,0.003,0.08,0.345,0.98,1.709
8/5/2003,0.003,0.08,0.319,0.926,1.66
8/6/2003,0.003,0.081,0.339,0.92,1.654
8/7/2003,0.003,0.08,0.335,0.908,1.62
8/8/2003,0.003,0.079,0.324,0.878,1.594
8/11/2003,0.004,0.08,0.329,0.899,1.605
8/12/2003,0.004,0.08,0.335,0.904,1.61
8/13/2003,0.004,0.079,0.354,0.941,1.65
8/14/2003,0.005,0.085,0.4,1.056,1.79
8/15/2003,0.005,0.085,0.425,1.105,1.899
8/18/2003,0.006,0.095,0.492,1.221,2.031
8/19/2003,0.006,0.124,0.599,1.384,2.194
8/20/2003,0.015,0.185,0.666,1.45,2.293
8/21/2003,0.014,0.166,0.575,1.351,2.174
8/22/2003,0.01,0.178,0.599,1.359,2.094
8/25/2003,0.01,0.194,0.625,1.351,2.045
8/26/2003,0.015,0.205,0.681,1.446,2.134
8/27/2003,0.016,0.196,0.654,1.4,2.05
8/28/2003,0.018,0.19,0.675,1.444,2.075
8/29/2003,0.011,0.2,0.705,1.464,2.089
9/1/2003,0.011,0.23,0.824,1.591,2.221
9/2/2003,0.015,0.275,0.982,1.634,2.212
9/3/2003,0.014,0.272,0.935,1.625,2.206
9/4/2003,0.013,0.2,0.815,1.489,2.102
9/5/2003,0.013,0.175,0.725,1.445,2.059
9/8/2003,0.013,0.176,0.73,1.467,2.089
9/9/2003,0.015,0.205,0.83,1.595,2.221
9/10/2003,0.018,0.204,0.837,1.58,2.221
9/11/2003,0.018,0.179,0.745,1.489,2.151
9/12/2003,0.02,0.17,0.755,1.54,2.217
9/16/2003,0.02,0.145,0.69,1.463,2.171
9/17/2003,0.025,0.145,0.68,1.435,2.151
9/18/2003,0.028,0.139,0.64,1.386,2.095
9/19/2003,0.027,0.14,0.644,1.401,2.079
9/22/2003,0.027,0.129,0.539,1.23,1.855
9/24/2003,0.027,0.135,0.565,1.27,1.876
9/25/2003,0.022,0.16,0.635,1.38,2.026
9/26/2003,0.015,0.191,0.66,1.406,2.091
9/29/2003,0.014,0.195,0.686,1.435,2.136
9/30/2003,0.007,0.195,0.669,1.394,2.102
10/1/2003,0.011,0.171,0.649,1.429,2.116
10/2/2003,0.013,0.145,0.614,1.435,2.103
10/3/2003,0.014,0.139,0.6,1.404,2.086
10/6/2003,0.012,0.135,0.605,1.416,2.131
10/7/2003,0.014,0.124,0.59,1.395,2.141
10/8/2003,0.014,0.11,0.565,1.341,2.085
10/9/2003,0.016,0.109,0.55,1.304,2.029
10/10/2003,0.015,0.106,0.573,1.36,2.085
10/14/2003,0.015,0.105,0.629,1.489,2.23
10/15/2003,0.013,0.1,0.6,1.431,2.209
10/16/2003,0.012,0.1,0.59,1.426,2.216
10/17/2003,0.012,0.119,0.636,1.436,2.189
10/20/2003,0.012,0.157,0.71,1.505,2.234
10/21/2003,0.012,0.145,0.675,1.49,2.259
10/22/2003,0.01,0.117,0.625,1.435,2.24
10/23/2003,0.008,0.106,0.565,1.355,2.185
10/24/2003,0.007,0.115,0.594,1.371,2.205
10/27/2003,0.007,0.125,0.6,1.36,2.205
10/28/2003,0.007,0.129,0.61,1.415,2.27
10/29/2003,0.005,0.13,0.605,1.436,2.31
10/30/2003,0.004,0.135,0.629,1.454,2.34
10/31/2003,0.005,0.155,0.644,1.469,2.345
11/4/2003,0.004,0.17,0.68,1.51,2.415
11/5/2003,0.004,0.175,0.7,1.53,2.5
11/6/2003,0.006,0.175,0.721,1.525,2.461
11/7/2003,0.005,0.18,0.76,1.541,2.46
11/10/2003,0.005,0.17,0.74,1.535,2.449
11/11/2003,0.004,0.15,0.635,1.403,2.274
11/12/2003,0.004,0.145,0.617,1.364,2.225
11/13/2003,0.003,0.143,0.628,1.355,2.16
11/14/2003,0.003,0.139,0.611,1.359,2.065
11/17/2003,0.003,0.121,0.548,1.3,2.046
11/18/2003,0.003,0.135,0.588,1.331,2.1
11/19/2003,0.003,0.135,0.594,1.301,2.066
11/20/2003,0.004,0.135,0.625,1.341,2.095
11/21/2003,0.004,0.135,0.601,1.311,2.075
11/25/2003,0.004,0.135,0.6,1.315,2.07
11/26/2003,0.005,0.148,0.605,1.33,2.086
11/27/2003,0.007,0.145,0.594,1.333,2.092
11/28/2003,0.007,0.155,0.555,1.304,2.05
12/1/2003,0.006,0.155,0.594,1.36,2.09
12/2/2003,0.006,0.16,0.658,1.469,2.212
12/3/2003,0.004,0.16,0.641,1.465,2.179
12/4/2003,0.003,0.16,0.655,1.45,2.17
12/5/2003,0.004,0.154,0.626,1.417,2.124
12/8/2003,0.004,0.145,0.595,1.37,2.085
12/9/2003,0.004,0.14,0.572,1.344,2.07
12/10/2003,0.003,0.13,0.577,1.319,2.025
12/11/2003,0.003,0.13,0.594,1.332,2.032
12/12/2003,0.003,0.125,0.563,1.306,2.001
12/15/2003,0.003,0.129,0.615,1.389,2.12
12/16/2003,0.002,0.124,0.567,1.335,2.091
12/17/2003,0.003,0.12,0.556,1.33,2.09
12/18/2003,0.001,0.12,0.57,1.358,2.121
12/19/2003,0.001,0.121,0.571,1.324,2.08
12/22/2003,0.001,0.125,0.566,1.296,2.05
12/24/2003,0.001,0.134,0.575,1.304,2.05
12/25/2003,0.001,0.116,0.554,1.28,2.01
12/26/2003,0.001,0.115,0.574,1.319,2.04
12/29/2003,0.001,0.124,0.604,1.359,2.076
12/30/2003,0.001,0.125,0.606,1.37,2.093
1/5/2004,0.001,0.13,0.625,1.41,2.144
1/6/2004,0.001,0.125,0.59,1.375,2.114
1/7/2004,0.001,0.125,0.599,1.379,2.115
1/8/2004,0.003,0.12,0.61,1.38,2.101
1/9/2004,0.003,0.114,0.596,1.361,2.07
1/13/2004,0.005,0.1,0.546,1.306,2.02
1/14/2004,0.005,0.1,0.556,1.3,2.03
1/15/2004,0.006,0.094,0.539,1.286,2.03
1/16/2004,0.006,0.09,0.525,1.285,2.03
1/19/2004,0.006,0.094,0.534,1.294,2.035
1/20/2004,0.006,0.095,0.564,1.345,2.075
1/21/2004,0.006,0.086,0.549,1.345,2.095
1/22/2004,0.006,0.081,0.539,1.319,2.071
1/23/2004,0.005,0.08,0.539,1.339,2.095
1/26/2004,0.004,0.081,0.515,1.32,2.1
1/27/2004,0.004,0.081,0.516,1.31,2.085
1/28/2004,0.004,0.08,0.52,1.324,2.115
1/29/2004,0.005,0.075,0.536,1.335,2.115
1/30/2004,0.003,0.08,0.51,1.322,2.106
2/2/2004,0.003,0.08,0.511,1.325,2.124
2/3/2004,0.003,0.08,0.515,1.305,2.109
2/4/2004,0.003,0.075,0.49,1.287,2.06
2/5/2004,0.002,0.07,0.479,1.274,2.06
2/6/2004,0.002,0.069,0.486,1.28,2.086
2/9/2004,0.003,0.069,0.49,1.284,2.105
2/10/2004,0.002,0.064,0.49,1.266,2.089
2/12/2004,0.003,0.059,0.48,1.24,2.07
2/13/2004,0.003,0.059,0.494,1.249,2.075
2/16/2004,0.003,0.06,0.495,1.261,2.079
2/17/2004,0.003,0.059,0.505,1.28,2.09
2/18/2004,0.003,0.059,0.485,1.235,2.05
2/19/2004,0.004,0.06,0.485,1.22,2.03
2/20/2004,0.004,0.06,0.461,1.2,2
2/23/2004,0.004,0.06,0.47,1.23,2.039
2/24/2004,0.003,0.06,0.46,1.235,2.08
2/25/2004,0.004,0.065,0.436,1.209,2.12
2/26/2004,0.005,0.065,0.439,1.215,2.14
2/27/2004,0.006,0.065,0.449,1.235,2.155
3/1/2004,0.006,0.065,0.48,1.265,2.17
3/2/2004,0.006,0.084,0.539,1.345,2.245
3/3/2004,0.008,0.125,0.59,1.435,2.3
3/4/2004,0.009,0.124,0.579,1.419,2.261
3/5/2004,0.009,0.13,0.609,1.436,2.265
3/8/2004,0.008,0.125,0.579,1.378,2.216
3/9/2004,0.008,0.11,0.54,1.369,2.232
3/10/2004,0.01,0.095,0.548,1.335,2.216
3/11/2004,0.011,0.095,0.53,1.3,2.186
3/12/2004,0.013,0.094,0.509,1.271,2.157
3/15/2004,0.013,0.105,0.535,1.297,2.17
3/16/2004,0.012,0.105,0.523,1.298,2.186
3/17/2004,0.012,0.114,0.535,1.32,2.206
3/18/2004,0.012,0.125,0.556,1.339,2.209
3/19/2004,0.012,0.134,0.6,1.394,2.231
3/22/2004,0.012,0.14,0.589,1.38,2.241
3/23/2004,0.012,0.132,0.564,1.341,2.22
3/24/2004,0.012,0.122,0.54,1.32,2.206
3/25/2004,0.011,0.113,0.536,1.316,2.191
3/26/2004,0.009,0.125,0.61,1.412,2.281
3/29/2004,0.007,0.135,0.679,1.498,2.35
3/30/2004,0.004,0.135,0.65,1.459,2.326
3/31/2004,0.006,0.13,0.63,1.45,2.305
4/1/2004,0.006,0.131,0.61,1.43,2.275
4/2/2004,0.005,0.131,0.617,1.44,2.3
4/5/2004,0.01,0.144,0.68,1.505,2.37
4/6/2004,0.01,0.15,0.695,1.539,2.42
4/7/2004,0.016,0.141,0.67,1.498,2.413
4/8/2004,0.014,0.14,0.67,1.5,2.435
4/9/2004,0.012,0.135,0.65,1.492,2.465
4/12/2004,0.012,0.14,0.691,1.533,2.556
4/13/2004,0.012,0.139,0.66,1.492,2.526
4/14/2004,0.011,0.145,0.703,1.554,2.615
4/15/2004,0.01,0.139,0.669,1.514,2.584
4/16/2004,0.01,0.135,0.649,1.506,2.44
4/19/2004,0.01,0.135,0.633,1.5,2.45
4/20/2004,0.01,0.139,0.663,1.539,2.494
4/21/2004,0.01,0.145,0.699,1.578,2.506
4/22/2004,0.009,0.14,0.663,1.539,2.449
4/23/2004,0.009,0.131,0.639,1.509,2.4
4/26/2004,0.008,0.131,0.645,1.525,2.39
4/27/2004,0.008,0.13,0.642,1.523,2.395
4/28/2004,0.008,0.14,0.674,1.533,2.408
4/30/2004,0.008,0.15,0.675,1.54,2.426
5/6/2004,0.008,0.145,0.631,1.496,2.394
5/7/2004,0.008,0.14,0.601,1.475,2.395
5/10/2004,0.008,0.14,0.616,1.509,2.431
5/11/2004,0.008,0.14,0.651,1.538,2.45
5/12/2004,0.007,0.138,0.647,1.531,2.45
5/13/2004,0.007,0.125,0.621,1.506,2.45
5/14/2004,0.007,0.125,0.63,1.51,2.465
5/17/2004,0.006,0.119,0.591,1.459,2.44
5/18/2004,0.006,0.135,0.625,1.494,2.44
5/19/2004,0.005,0.14,0.635,1.494,2.41
5/20/2004,0.007,0.14,0.611,1.475,2.4
5/21/2004,0.006,0.141,0.608,1.47,2.41
5/24/2004,0.005,0.14,0.618,1.491,2.435
5/25/2004,0.005,0.14,0.605,1.469,2.385
5/26/2004,0.004,0.14,0.613,1.468,2.355
5/27/2004,0.004,0.14,0.617,1.47,2.35
5/28/2004,0.004,0.15,0.65,1.514,2.385
5/31/2004,0.004,0.15,0.659,1.529,2.394
6/1/2004,0.005,0.15,0.678,1.549,2.41
6/2/2004,0.005,0.145,0.673,1.57,2.415
6/3/2004,0.006,0.135,0.674,1.59,2.445
6/4/2004,0.006,0.134,0.692,1.605,2.485
6/7/2004,0.006,0.14,0.761,1.68,2.56
6/8/2004,0.006,0.154,0.801,1.709,2.58
6/9/2004,0.008,0.208,0.903,1.753,2.61
6/10/2004,0.009,0.24,0.935,1.769,2.615
6/11/2004,0.011,0.225,0.919,1.784,2.65
6/14/2004,0.011,0.261,0.989,1.859,2.769
6/15/2004,0.011,0.237,0.925,1.809,2.735
6/16/2004,0.01,0.234,0.962,1.884,2.809
6/17/2004,0.012,0.229,0.996,1.91,2.815
6/18/2004,0.012,0.219,0.96,1.865,2.745
6/21/2004,0.012,0.206,0.93,1.854,2.724
6/22/2004,0.014,0.205,0.945,1.865,2.694
6/23/2004,0.016,0.205,0.955,1.893,2.74
6/24/2004,0.016,0.205,0.955,1.914,2.793
6/25/2004,0.012,0.188,0.88,1.845,2.744
6/28/2004,0.012,0.2,0.905,1.85,2.734
6/29/2004,0.009,0.186,0.885,1.84,2.735
6/30/2004,0.01,0.179,0.835,1.786,2.685
7/1/2004,0.012,0.195,0.875,1.869,2.793
7/2/2004,0.011,0.175,0.805,1.804,2.765
7/5/2004,0.012,0.174,0.815,1.789,2.754
7/6/2004,0.012,0.169,0.795,1.785,2.77
7/7/2004,0.011,0.169,0.809,1.795,2.784
7/8/2004,0.009,0.165,0.805,1.764,2.76
7/9/2004,0.006,0.164,0.844,1.809,2.81
7/12/2004,0.008,0.16,0.824,1.784,2.79
7/13/2004,0.005,0.159,0.82,1.761,2.75
7/14/2004,0.007,0.166,0.854,1.782,2.76
7/15/2004,0.005,0.175,0.865,1.81,2.799
7/16/2004,0.005,0.175,0.825,1.776,2.784
7/20/2004,0.005,0.174,0.81,1.76,2.779
7/21/2004,0.005,0.184,0.841,1.786,2.789
7/22/2004,0.006,0.185,0.839,1.786,2.79
7/23/2004,0.006,0.195,0.875,1.813,2.804
7/26/2004,0.006,0.199,0.875,1.814,2.815
7/27/2004,0.006,0.209,0.9,1.845,2.845
7/28/2004,0.006,0.223,0.904,1.859,2.875
7/29/2004,0.007,0.202,0.869,1.829,2.865
7/30/2004,0.009,0.221,0.894,1.859,2.909
8/2/2004,0.007,0.225,0.925,1.889,2.944
8/3/2004,0.007,0.225,0.919,1.859,2.905
8/4/2004,0.007,0.21,0.86,1.794,2.82
8/5/2004,0.008,0.205,0.827,1.736,2.724
8/6/2004,0.007,0.2,0.785,1.697,2.705
8/9/2004,0.006,0.19,0.76,1.63,2.63
8/10/2004,0.006,0.19,0.766,1.63,2.645
8/11/2004,0.006,0.195,0.789,1.674,2.69
8/12/2004,0.006,0.188,0.765,1.655,2.684
8/13/2004,0.005,0.171,0.718,1.576,2.581
8/16/2004,0.006,0.161,0.698,1.56,2.575
8/17/2004,0.008,0.165,0.729,1.61,2.62
8/18/2004,0.007,0.155,0.704,1.575,2.56
8/19/2004,0.01,0.155,0.725,1.596,2.571
8/20/2004,0.008,0.156,0.71,1.574,2.545
8/23/2004,0.008,0.161,0.74,1.605,2.586
8/24/2004,0.008,0.165,0.736,1.596,2.585
8/25/2004,0.007,0.175,0.765,1.621,2.6
8/26/2004,0.01,0.167,0.75,1.61,2.585
8/27/2004,0.009,0.175,0.714,1.58,2.55
8/30/2004,0.008,0.174,0.71,1.579,2.545
8/31/2004,0.008,0.169,0.67,1.544,2.52
9/1/2004,0.008,0.16,0.655,1.52,2.485
9/2/2004,0.009,0.159,0.654,1.499,2.44
9/3/2004,0.009,0.16,0.67,1.564,2.446
9/6/2004,0.008,0.17,0.709,1.614,2.509
9/7/2004,0.008,0.17,0.73,1.645,2.541
9/8/2004,0.009,0.165,0.767,1.63,2.535
9/9/2004,0.009,0.151,0.71,1.554,2.465
9/10/2004,0.01,0.147,0.689,1.52,2.421
9/13/2004,0.009,0.148,0.694,1.51,2.425
9/14/2004,0.008,0.147,0.699,1.529,2.445
9/15/2004,0.008,0.142,0.678,1.505,2.414
9/16/2004,0.008,0.143,0.694,1.53,2.429
9/17/2004,0.008,0.138,0.668,1.514,2.424
9/21/2004,0.008,0.138,0.65,1.485,2.396
9/22/2004,0.006,0.139,0.64,1.48,2.399
9/24/2004,0.006,0.142,0.62,1.424,2.349
9/27/2004,0.007,0.143,0.62,1.414,2.336
9/28/2004,0.007,0.134,0.604,1.414,2.34
9/29/2004,0.005,0.14,0.614,1.425,2.366
9/30/2004,0.007,0.14,0.632,1.449,2.405
10/1/2004,0.006,0.14,0.644,1.48,2.429
10/4/2004,0.005,0.149,0.689,1.544,2.495
10/5/2004,0.005,0.151,0.72,1.59,2.555
10/6/2004,0.005,0.14,0.69,1.594,2.556
10/7/2004,0.004,0.14,0.685,1.585,2.57
10/8/2004,0.003,0.14,0.68,1.578,2.555
10/12/2004,0.002,0.127,0.624,1.475,2.449
10/13/2004,0.002,0.135,0.64,1.495,2.465
10/14/2004,0.002,0.134,0.615,1.465,2.43
10/15/2004,0.002,0.135,0.62,1.456,2.43
10/18/2004,0.002,0.136,0.635,1.485,2.474
10/19/2004,0.002,0.136,0.645,1.499,2.503
10/20/2004,0.002,0.135,0.62,1.46,2.47
10/21/2004,0.003,0.131,0.605,1.435,2.431
10/22/2004,0.002,0.134,0.64,1.494,2.488
10/25/2004,0.002,0.125,0.595,1.435,2.435
10/26/2004,0.002,0.125,0.6,1.43,2.421
10/27/2004,0.002,0.125,0.608,1.439,2.429
10/28/2004,0.001,0.125,0.635,1.495,2.491
10/29/2004,0.001,0.13,0.629,1.499,2.5
11/1/2004,0.002,0.13,0.63,1.509,2.51
11/2/2004,0.001,0.135,0.666,1.543,2.546
11/4/2004,0.001,0.134,0.645,1.51,2.505
11/5/2004,0.001,0.134,0.655,1.515,2.5
11/8/2004,0.001,0.134,0.675,1.535,2.519
11/9/2004,0.001,0.131,0.649,1.514,2.484
11/10/2004,0.001,0.125,0.63,1.485,2.469
11/11/2004,0.001,0.115,0.614,1.46,2.445
11/12/2004,0.001,0.12,0.629,1.481,2.469
11/15/2004,0.001,0.12,0.634,1.495,2.484
11/16/2004,0.001,0.119,0.624,1.475,2.459
11/17/2004,0.001,0.119,0.619,1.475,2.454
11/18/2004,0.001,0.114,0.59,1.44,2.405
11/19/2004,0.001,0.116,0.585,1.44,2.404
11/22/2004,0.001,0.11,0.565,1.41,2.384
11/24/2004,0.001,0.106,0.564,1.409,2.386
11/25/2004,0.001,0.106,0.575,1.419,2.4
11/26/2004,0.001,0.114,0.588,1.438,2.443
11/29/2004,0.001,0.116,0.604,1.459,2.464
11/30/2004,0.001,0.115,0.59,1.454,2.454
12/1/2004,0.001,0.115,0.585,1.45,2.44
12/2/2004,0.001,0.115,0.564,1.415,2.394
12/3/2004,0.001,0.115,0.565,1.45,2.389
12/6/2004,0.001,0.115,0.573,1.45,2.385
12/7/2004,0.001,0.115,0.57,1.441,2.384
12/8/2004,0.001,0.11,0.564,1.436,2.391
12/9/2004,0.001,0.105,0.529,1.41,2.378
12/10/2004,0.001,0.1,0.57,1.394,2.365
12/13/2004,0.001,0.099,0.559,1.37,2.33
12/14/2004,0,0.1,0.57,1.369,2.316
12/15/2004,0,0.1,0.579,1.375,2.319
12/16/2004,0.001,0.095,0.579,1.373,2.321
12/17/2004,0.001,0.095,0.6,1.404,2.349
12/20/2004,0.001,0.094,0.58,1.389,2.339
12/21/2004,0.001,0.09,0.554,1.363,2.328
12/22/2004,0.002,0.095,0.554,1.35,2.314
12/24/2004,0.002,0.099,0.562,1.359,2.318
12/27/2004,0.002,0.115,0.595,1.405,2.359
12/28/2004,0.001,0.115,0.615,1.434,2.381
12/29/2004,0.001,0.115,0.604,1.43,2.384
12/30/2004,0.001,0.115,0.609,1.441,2.399
1/4/2005,0.001,0.109,0.579,1.404,2.364
1/5/2005,0.001,0.11,0.584,1.404,2.365
1/6/2005,0.001,0.11,0.59,1.405,2.366
1/7/2005,0.001,0.109,0.584,1.414,2.374
1/11/2005,0.001,0.105,0.57,1.4,2.364
1/12/2005,0.001,0.1,0.55,1.37,2.349
1/13/2005,0.001,0.1,0.559,1.38,2.354
1/14/2005,0.001,0.101,0.575,1.393,2.375
1/17/2005,0.001,0.105,0.584,1.4,2.389
1/18/2005,0.001,0.1,0.563,1.37,2.359
1/19/2005,0.001,0.1,0.555,1.36,2.349
1/20/2005,0.001,0.101,0.55,1.358,2.349
1/21/2005,0.001,0.101,0.541,1.355,2.349
1/24/2005,0.001,0.101,0.54,1.36,2.364
1/25/2005,0.001,0.101,0.531,1.341,2.365
1/26/2005,0.001,0.1,0.536,1.345,2.374
1/27/2005,0.001,0.096,0.534,1.34,2.36
1/28/2005,0.001,0.1,0.524,1.315,2.324
1/31/2005,0.001,0.1,0.535,1.33,2.334
2/1/2005,0.001,0.098,0.52,1.305,2.309
2/2/2005,0.001,0.098,0.514,1.279,2.255
2/3/2005,0.001,0.1,0.53,1.315,2.276
2/4/2005,0.001,0.1,0.54,1.331,2.234
2/7/2005,0.001,0.1,0.54,1.323,2.2
2/8/2005,0.001,0.104,0.545,1.329,2.221
2/9/2005,0.001,0.115,0.585,1.375,2.269
2/10/2005,0.001,0.124,0.604,1.41,2.325
2/14/2005,0.001,0.129,0.625,1.45,2.399
2/15/2005,0.001,0.129,0.625,1.464,2.465
2/16/2005,0.001,0.123,0.605,1.423,2.448
2/17/2005,0.001,0.123,0.591,1.412,2.415
2/18/2005,0.001,0.119,0.595,1.425,2.431
2/21/2005,0.001,0.12,0.615,1.455,2.469
2/22/2005,0.001,0.119,0.604,1.439,2.44
2/23/2005,0.001,0.115,0.58,1.41,2.41
2/24/2005,0.001,0.114,0.575,1.41,2.415
2/25/2005,0.001,0.125,0.599,1.435,2.445
2/28/2005,0.001,0.139,0.63,1.475,2.466
3/1/2005,0.002,0.145,0.644,1.499,2.48
3/2/2005,0.002,0.145,0.65,1.505,2.489
3/3/2005,0.002,0.145,0.664,1.515,2.5
3/4/2005,0.002,0.14,0.65,1.529,2.499
3/7/2005,0.002,0.135,0.635,1.512,2.475
3/8/2005,0.003,0.134,0.635,1.505,2.455
3/9/2005,0.003,0.134,0.636,1.502,2.45
3/10/2005,0.004,0.134,0.62,1.48,2.429
3/11/2005,0.004,0.135,0.675,1.489,2.439
3/14/2005,0.004,0.135,0.685,1.51,2.469
3/15/2005,0.004,0.129,0.66,1.475,2.435
3/16/2005,0.004,0.125,0.66,1.475,2.434
3/17/2005,0.005,0.115,0.623,1.425,2.37
3/18/2005,0.005,0.119,0.63,1.43,2.37
3/22/2005,0.005,0.12,0.63,1.43,2.37
3/23/2005,0.005,0.12,0.619,1.415,2.36
3/24/2005,0.005,0.115,0.599,1.39,2.338
3/25/2005,0.005,0.125,0.581,1.377,2.325
3/28/2005,0.004,0.125,0.579,1.375,2.325
3/29/2005,0.004,0.12,0.56,1.355,2.31
3/30/2005,0.004,0.121,0.564,1.359,2.314
3/31/2005,0.003,0.11,0.544,1.33,2.266
4/1/2005,0.003,0.104,0.539,1.339,2.278
4/4/2005,0.002,0.1,0.533,1.335,2.294
4/5/2005,0.002,0.1,0.55,1.365,2.345
4/6/2005,0.001,0.1,0.565,1.396,2.35
4/7/2005,0.001,0.099,0.551,1.374,2.344
4/8/2005,0.001,0.099,0.555,1.369,2.359
4/11/2005,0.001,0.1,0.555,1.37,2.371
4/12/2005,0.001,0.1,0.54,1.35,2.344
4/13/2005,0.001,0.1,0.539,1.355,2.339
4/14/2005,0.001,0.095,0.529,1.35,2.334
4/15/2005,0.001,0.085,0.509,1.313,2.316
4/18/2005,0.001,0.08,0.484,1.28,2.275
4/19/2005,0.001,0.086,0.489,1.29,2.295
4/20/2005,0.001,0.081,0.47,1.259,2.265
4/21/2005,0.001,0.085,0.485,1.278,2.27
4/22/2005,0.001,0.085,0.495,1.299,2.29
4/25/2005,0.001,0.085,0.475,1.274,2.265
4/26/2005,0.001,0.081,0.465,1.264,2.254
4/27/2005,0.001,0.09,0.464,1.265,2.264
4/28/2005,0.001,0.09,0.449,1.245,2.25
5/2/2005,0.001,0.085,0.439,1.24,2.25
5/6/2005,0.001,0.082,0.43,1.226,2.263
5/9/2005,0.001,0.089,0.475,1.289,2.315
5/10/2005,0.001,0.09,0.48,1.295,2.32
5/11/2005,0.001,0.086,0.469,1.28,2.315
5/12/2005,0.001,0.085,0.47,1.289,2.345
5/13/2005,0.001,0.085,0.47,1.285,2.355
5/16/2005,0.001,0.095,0.495,1.31,2.39
5/17/2005,0.001,0.105,0.499,1.304,2.38
5/18/2005,0.001,0.105,0.485,1.28,2.35
5/19/2005,0.001,0.105,0.475,1.27,2.326
5/20/2005,0.001,0.099,0.469,1.274,2.316
5/23/2005,0.001,0.1,0.485,1.3,2.335
5/24/2005,0.001,0.087,0.455,1.265,2.305
5/25/2005,0.001,0.081,0.43,1.229,2.26
5/26/2005,0.001,0.08,0.435,1.245,2.27
5/27/2005,0.001,0.09,0.445,1.254,2.289
5/30/2005,0.001,0.09,0.445,1.244,2.28
5/31/2005,0.001,0.09,0.445,1.249,2.298
6/1/2005,0.001,0.089,0.424,1.224,2.284
6/2/2005,0.001,0.09,0.433,1.223,2.288
6/3/2005,0.001,0.095,0.439,1.245,2.265
6/6/2005,0.001,0.095,0.445,1.249,2.269
6/7/2005,0.001,0.09,0.425,1.24,2.27
6/8/2005,0.001,0.09,0.435,1.24,2.28
6/9/2005,0.001,0.089,0.42,1.225,2.27
6/10/2005,0.001,0.09,0.455,1.226,2.275
6/13/2005,0.001,0.09,0.464,1.246,2.3
6/14/2005,0.001,0.09,0.464,1.245,2.305
6/15/2005,0.001,0.089,0.464,1.25,2.314
6/16/2005,0.001,0.09,0.5,1.299,2.345
6/17/2005,0.001,0.09,0.515,1.311,2.356
6/20/2005,0.001,0.09,0.499,1.294,2.345
6/21/2005,0.001,0.091,0.504,1.3,2.345
6/22/2005,0.001,0.089,0.49,1.275,2.315
6/23/2005,0.001,0.084,0.454,1.234,2.27
6/24/2005,0.001,0.084,0.44,1.215,2.254
6/27/2005,0.001,0.08,0.429,1.189,2.229
6/28/2005,0.001,0.08,0.44,1.209,2.234
6/29/2005,0.001,0.08,0.42,1.184,2.19
6/30/2005,0.001,0.08,0.41,1.174,2.204
7/1/2005,0.001,0.081,0.42,1.179,2.205
7/4/2005,0.001,0.085,0.455,1.225,2.259
7/5/2005,0.001,0.086,0.461,1.234,2.29
7/6/2005,0.001,0.09,0.475,1.255,2.315
7/7/2005,0.001,0.085,0.46,1.235,2.295
7/8/2005,0.001,0.082,0.44,1.215,2.285
7/11/2005,0.001,0.085,0.465,1.24,2.32
7/12/2005,0.001,0.085,0.465,1.245,2.329
7/13/2005,0.001,0.086,0.48,1.265,2.35
7/14/2005,0.001,0.079,0.475,1.26,2.34
7/15/2005,0.001,0.08,0.494,1.279,2.368
7/19/2005,0.001,0.08,0.495,1.281,2.365
7/20/2005,0.001,0.08,0.495,1.275,2.369
7/21/2005,0.001,0.08,0.485,1.265,2.375
7/22/2005,0.001,0.08,0.464,1.239,2.359
7/25/2005,0.001,0.085,0.479,1.258,2.375
7/26/2005,0.001,0.089,0.489,1.27,2.39
7/27/2005,0.001,0.104,0.519,1.309,2.415
7/28/2005,0.001,0.105,0.519,1.309,2.419
7/29/2005,0.001,0.12,0.529,1.313,2.42
8/1/2005,0.001,0.129,0.56,1.354,2.454
8/2/2005,0.001,0.14,0.58,1.374,2.474
8/3/2005,0.001,0.135,0.569,1.376,2.455
8/4/2005,0.001,0.14,0.585,1.395,2.463
8/5/2005,0.001,0.134,0.575,1.39,2.435
8/8/2005,0.001,0.137,0.595,1.413,2.44
8/9/2005,0.001,0.136,0.604,1.42,2.46
8/10/2005,0.001,0.154,0.644,1.448,2.48
8/11/2005,0.001,0.182,0.691,1.499,2.51
8/12/2005,0.001,0.163,0.639,1.45,2.476
8/15/2005,0.001,0.164,0.645,1.468,2.509
8/16/2005,0.001,0.164,0.665,1.485,2.54
8/17/2005,0.001,0.145,0.626,1.435,2.52
8/18/2005,0.001,0.14,0.624,1.429,2.499
8/19/2005,0.001,0.139,0.616,1.42,2.49
8/22/2005,0.001,0.152,0.666,1.479,2.554
8/23/2005,0.001,0.155,0.66,1.46,2.53
8/24/2005,0.001,0.149,0.625,1.425,2.5
8/25/2005,0.001,0.159,0.64,1.435,2.51
8/26/2005,0.001,0.16,0.63,1.414,2.475
8/29/2005,0.001,0.156,0.59,1.365,2.425
8/30/2005,0.001,0.155,0.6,1.379,2.44
8/31/2005,0.001,0.145,0.56,1.349,2.41
9/1/2005,0.001,0.135,0.545,1.33,2.41
9/2/2005,0.001,0.119,0.51,1.325,2.385
9/5/2005,0.001,0.144,0.54,1.34,2.395
9/6/2005,0.001,0.145,0.535,1.325,2.379
9/7/2005,0.001,0.146,0.544,1.33,2.38
9/8/2005,0.001,0.145,0.545,1.34,2.404
9/9/2005,0.001,0.155,0.564,1.35,2.42
9/12/2005,0.001,0.175,0.59,1.371,2.439
9/13/2005,0.001,0.175,0.588,1.376,2.444
9/14/2005,0.001,0.181,0.641,1.371,2.441
9/15/2005,0.001,0.179,0.64,1.364,2.407
9/16/2005,0.001,0.179,0.64,1.364,2.407
9/20/2005,0.001,0.17,0.66,1.374,2.411
9/21/2005,0.001,0.18,0.684,1.391,2.41
9/22/2005,0.001,0.176,0.66,1.376,2.394
9/26/2005,0.004,0.195,0.7,1.405,2.405
9/27/2005,0.002,0.195,0.71,1.41,2.41
9/28/2005,0.001,0.235,0.78,1.45,2.43
9/29/2005,0.001,0.235,0.79,1.49,2.465
9/30/2005,0.001,0.235,0.78,1.484,2.43
10/3/2005,0.001,0.235,0.785,1.51,2.455
10/4/2005,0.001,0.241,0.845,1.569,2.495
10/5/2005,0.001,0.229,0.8,1.515,2.419
10/6/2005,0.001,0.225,0.777,1.49,2.4
10/7/2005,0.001,0.225,0.795,1.52,2.45
10/11/2005,0.001,0.234,0.83,1.544,2.499
10/12/2005,0.001,0.24,0.835,1.543,2.525
10/13/2005,0.001,0.251,0.846,1.575,2.575
10/14/2005,0.001,0.27,0.86,1.575,2.569
10/17/2005,0.001,0.298,0.886,1.575,2.55
10/18/2005,0.001,0.291,0.87,1.57,2.555
10/19/2005,0.001,0.262,0.816,1.515,2.46
10/20/2005,0.001,0.269,0.83,1.527,2.44
10/21/2005,0.001,0.271,0.835,1.515,2.39
10/24/2005,0.001,0.266,0.819,1.51,2.379
10/25/2005,0.001,0.265,0.82,1.525,2.395
10/26/2005,0.001,0.274,0.839,1.56,2.49
10/27/2005,0.001,0.271,0.82,1.525,2.425
10/28/2005,0.001,0.28,0.81,1.522,2.409
10/31/2005,0.001,0.291,0.85,1.554,2.409
11/1/2005,0.001,0.301,0.89,1.583,2.398
11/2/2005,0.001,0.3,0.895,1.574,2.35
11/4/2005,0.001,0.336,0.975,1.615,2.345
11/7/2005,0.001,0.336,0.97,1.63,2.4
11/8/2005,0.001,0.33,0.935,1.603,2.405
11/9/2005,0.001,0.31,0.904,1.57,2.36
11/10/2005,0.001,0.31,0.914,1.58,2.37
11/11/2005,0.001,0.295,0.889,1.575,2.4
11/14/2005,0.001,0.276,0.834,1.523,2.39
11/15/2005,0.001,0.261,0.799,1.475,2.335
11/16/2005,0.001,0.27,0.826,1.509,2.375
11/17/2005,0.001,0.261,0.796,1.473,2.339
11/18/2005,0.001,0.251,0.77,1.465,2.374
11/21/2005,0.001,0.25,0.78,1.485,2.419
11/22/2005,0.001,0.246,0.77,1.48,2.405
11/24/2005,0.001,0.23,0.735,1.444,2.359
11/25/2005,0.001,0.23,0.75,1.45,2.355
11/28/2005,0.002,0.24,0.76,1.465,2.384
11/29/2005,0.001,0.24,0.765,1.464,2.384
11/30/2005,0.002,0.23,0.745,1.44,2.371
12/1/2005,0.001,0.23,0.755,1.459,2.389
12/2/2005,0.001,0.239,0.795,1.515,2.39
12/5/2005,0.001,0.254,0.855,1.575,2.4
12/6/2005,0.001,0.265,0.84,1.565,2.398
12/7/2005,0.001,0.265,0.83,1.545,2.361
12/8/2005,0.001,0.259,0.804,1.534,2.365
12/9/2005,0.001,0.26,0.875,1.564,2.41
12/12/2005,0.001,0.275,0.92,1.605,2.445
12/13/2005,0.001,0.275,0.91,1.585,2.416
12/14/2005,0.001,0.26,0.869,1.549,2.395
12/15/2005,0.001,0.25,0.84,1.515,2.369
12/16/2005,0.001,0.26,0.865,1.535,2.375
12/19/2005,0.001,0.26,0.885,1.545,2.375
12/20/2005,0.001,0.27,0.885,1.53,2.364
12/21/2005,0.003,0.27,0.91,1.555,2.375
12/22/2005,0.003,0.294,0.915,1.555,2.375
12/26/2005,0.003,0.305,0.915,1.53,2.34
12/27/2005,0.003,0.294,0.875,1.5,2.304
12/28/2005,0.002,0.299,0.89,1.53,2.335
12/29/2005,0.003,0.305,0.895,1.514,2.333
12/30/2005,0.003,0.292,0.86,1.48,2.308
1/4/2006,0.002,0.29,0.829,1.45,2.275
1/5/2006,0.002,0.285,0.8,1.445,2.253
1/6/2006,0.002,0.285,0.81,1.45,2.288
1/10/2006,0.003,0.275,0.795,1.435,2.269
1/11/2006,0.004,0.28,0.845,1.46,2.295
1/12/2006,0.005,0.27,0.824,1.454,2.259
1/13/2006,0.005,0.265,0.829,1.459,2.275
1/16/2006,0.005,0.265,0.829,1.464,2.295
1/17/2006,0.005,0.255,0.795,1.435,2.293
1/18/2006,0.004,0.248,0.795,1.444,2.275
1/19/2006,0.003,0.255,0.825,1.49,2.309
1/20/2006,0.004,0.255,0.821,1.48,2.375
1/23/2006,0.003,0.255,0.806,1.445,2.349
1/24/2006,0.003,0.245,0.8,1.445,2.335
1/25/2006,0.003,0.25,0.824,1.47,2.335
1/26/2006,0.003,0.275,0.865,1.514,2.369
1/27/2006,0.004,0.299,0.89,1.55,2.393
1/30/2006,0.004,0.315,0.905,1.565,2.408
1/31/2006,0.004,0.299,0.915,1.57,2.409
2/1/2006,0.004,0.31,0.905,1.56,2.375
2/2/2006,0.007,0.315,0.93,1.565,2.369
2/3/2006,0.007,0.32,0.954,1.59,2.4
2/6/2006,0.007,0.31,0.94,1.565,2.34
2/7/2006,0.006,0.315,0.954,1.578,2.329
2/8/2006,0.006,0.33,0.965,1.574,2.339
2/9/2006,0.009,0.33,0.965,1.565,2.349
2/10/2006,0.015,0.375,1.034,1.605,2.359
2/13/2006,0.012,0.395,1.024,1.559,2.29
2/14/2006,0.02,0.405,1.04,1.605,2.309
2/15/2006,0.02,0.415,1.049,1.575,2.28
2/16/2006,0.025,0.405,1.018,1.565,2.23
2/17/2006,0.026,0.424,1.024,1.52,2.159
2/20/2006,0.026,0.419,1.01,1.53,2.159
2/21/2006,0.027,0.41,0.979,1.535,2.179
2/22/2006,0.027,0.4,0.985,1.525,2.214
2/23/2006,0.04,0.405,1.01,1.555,2.248
2/24/2006,0.038,0.479,1.11,1.595,2.243
2/27/2006,0.042,0.479,1.09,1.61,2.255
2/28/2006,0.05,0.475,1.09,1.595,2.235
3/1/2006,0.048,0.503,1.11,1.61,2.258
3/2/2006,0.06,0.498,1.1,1.645,2.295
3/3/2006,0.063,0.51,1.085,1.63,2.269
3/6/2006,0.063,0.53,1.1,1.645,2.27
3/7/2006,0.063,0.52,1.09,1.655,2.269
3/8/2006,0.061,0.484,1.045,1.61,2.208
3/9/2006,0.07,0.47,1.04,1.61,2.215
3/10/2006,0.055,0.479,1.07,1.66,2.28
3/13/2006,0.055,0.523,1.194,1.7,2.309
3/14/2006,0.062,0.545,1.194,1.685,2.299
3/15/2006,0.062,0.574,1.229,1.73,2.34
3/16/2006,0.066,0.565,1.214,1.735,2.34
3/17/2006,0.065,0.555,1.194,1.724,2.319
3/20/2006,0.065,0.56,1.219,1.74,2.309
3/22/2006,0.064,0.585,1.24,1.735,2.284
3/23/2006,0.066,0.585,1.225,1.724,2.261
3/24/2006,0.055,0.62,1.24,1.735,2.25
3/27/2006,0.06,0.6,1.21,1.7,2.215
3/28/2006,0.05,0.615,1.22,1.708,2.23
3/29/2006,0.051,0.645,1.305,1.78,2.255
3/30/2006,0.045,0.698,1.32,1.79,2.259
3/31/2006,0.047,0.69,1.31,1.78,2.255
4/3/2006,0.045,0.711,1.375,1.855,2.315
4/4/2006,0.04,0.664,1.333,1.855,2.367
4/5/2006,0.057,0.64,1.305,1.844,2.42
4/6/2006,0.056,0.67,1.36,1.879,2.453
4/7/2006,0.052,0.684,1.389,1.884,2.46
4/10/2006,0.047,0.698,1.385,1.884,2.493
4/11/2006,0.044,0.675,1.369,1.894,2.538
4/12/2006,0.04,0.67,1.365,1.889,2.55
4/13/2006,0.039,0.678,1.389,1.94,2.609
4/14/2006,0.037,0.685,1.41,1.974,2.644
4/17/2006,0.037,0.65,1.379,1.97,2.65
4/18/2006,0.035,0.645,1.395,1.964,2.61
4/19/2006,0.033,0.63,1.355,1.889,2.44
4/20/2006,0.027,0.635,1.365,1.91,2.478
4/21/2006,0.025,0.635,1.355,1.915,2.469
4/24/2006,0.025,0.625,1.33,1.895,2.458
4/25/2006,0.029,0.615,1.335,1.925,2.474
4/26/2006,0.03,0.653,1.38,1.95,2.487
4/27/2006,0.049,0.67,1.415,1.985,2.494
4/28/2006,0.049,0.675,1.36,1.93,2.454
5/1/2006,0.059,0.645,1.312,1.889,2.429
5/2/2006,0.059,0.66,1.34,1.93,2.464
5/8/2006,0.062,0.68,1.375,1.98,2.489
5/9/2006,0.076,0.72,1.41,1.969,2.479
5/10/2006,0.147,0.81,1.493,2,2.469
5/11/2006,0.182,0.81,1.49,1.973,2.429
5/12/2006,0.18,0.805,1.493,1.994,2.468
5/15/2006,0.197,0.811,1.482,2.009,2.485
5/16/2006,0.193,0.8,1.45,1.969,2.457
5/17/2006,0.184,0.778,1.409,1.925,2.42
5/18/2006,0.193,0.775,1.429,1.95,2.44
5/19/2006,0.192,0.765,1.394,1.915,2.425
5/22/2006,0.191,0.745,1.319,1.829,2.355
5/23/2006,0.194,0.708,1.294,1.805,2.354
5/24/2006,0.205,0.74,1.309,1.835,2.36
5/25/2006,0.251,0.798,1.355,1.864,2.369
5/26/2006,0.265,0.851,1.365,1.861,2.372
5/29/2006,0.283,0.848,1.36,1.875,2.407
5/30/2006,0.286,0.813,1.345,1.847,2.378
5/31/2006,0.295,0.84,1.325,1.84,2.36
6/1/2006,0.319,0.9,1.425,1.935,2.46
6/2/2006,0.31,0.87,1.395,1.915,2.44
6/5/2006,0.302,0.824,1.345,1.869,2.413
6/6/2006,0.305,0.855,1.411,1.935,2.469
6/7/2006,0.309,0.826,1.36,1.885,2.437
6/8/2006,0.276,0.765,1.305,1.865,2.44
6/9/2006,0.295,0.749,1.314,1.846,2.456
6/12/2006,0.304,0.757,1.318,1.837,2.441
6/13/2006,0.308,0.744,1.274,1.784,2.391
6/14/2006,0.299,0.724,1.248,1.78,2.432
6/15/2006,0.304,0.728,1.244,1.78,2.476
6/16/2006,0.3,0.757,1.293,1.815,2.495
6/19/2006,0.3,0.765,1.304,1.825,2.492
6/20/2006,0.302,0.811,1.355,1.868,2.509
6/21/2006,0.302,0.824,1.36,1.855,2.485
6/22/2006,0.296,0.82,1.365,1.865,2.489
6/23/2006,0.29,0.795,1.365,1.88,2.505
6/26/2006,0.287,0.815,1.389,1.91,2.514
6/27/2006,0.287,0.82,1.395,1.91,2.525
6/28/2006,0.291,0.844,1.4,1.915,2.518
6/29/2006,0.331,0.848,1.42,1.925,2.533
6/30/2006,0.327,0.849,1.42,1.93,2.53
7/3/2006,0.33,0.885,1.485,1.974,2.574
7/4/2006,0.336,0.874,1.475,1.97,2.614
7/5/2006,0.359,0.9,1.514,1.985,2.623
7/6/2006,0.379,0.909,1.52,1.985,2.615
7/7/2006,0.378,0.905,1.496,1.96,2.59
7/10/2006,0.378,0.908,1.504,1.978,2.593
7/11/2006,0.379,0.889,1.48,1.969,2.595
7/12/2006,0.379,0.85,1.439,1.94,2.584
7/13/2006,0.389,0.851,1.423,1.916,2.545
7/14/2006,0.364,0.801,1.345,1.848,2.495
7/18/2006,0.361,0.749,1.314,1.83,2.501
7/19/2006,0.36,0.759,1.345,1.85,2.521
7/20/2006,0.361,0.75,1.325,1.814,2.495
7/21/2006,0.354,0.754,1.319,1.82,2.506
7/24/2006,0.35,0.795,1.35,1.86,2.545
7/25/2006,0.349,0.813,1.37,1.88,2.554
7/26/2006,0.35,0.805,1.355,1.865,2.526
7/27/2006,0.356,0.814,1.359,1.88,2.535
7/28/2006,0.355,0.829,1.395,1.931,2.585
7/31/2006,0.355,0.834,1.4,1.929,2.591
8/1/2006,0.354,0.841,1.405,1.925,2.584
8/2/2006,0.352,0.83,1.375,1.889,2.534
8/3/2006,0.361,0.817,1.359,1.869,2.505
8/4/2006,0.36,0.819,1.369,1.875,2.5
8/7/2006,0.36,0.799,1.327,1.836,2.45
8/8/2006,0.36,0.804,1.345,1.835,2.445
8/9/2006,0.36,0.804,1.371,1.84,2.44
8/10/2006,0.367,0.827,1.413,1.9,2.509
8/11/2006,0.367,0.796,1.362,1.843,2.47
8/14/2006,0.369,0.812,1.391,1.884,2.505
8/15/2006,0.369,0.814,1.383,1.857,2.475
8/16/2006,0.369,0.801,1.356,1.84,2.449
8/17/2006,0.373,0.791,1.34,1.83,2.445
8/18/2006,0.371,0.8,1.365,1.859,2.48
8/21/2006,0.369,0.777,1.319,1.823,2.445
8/22/2006,0.367,0.755,1.294,1.805,2.44
8/23/2006,0.367,0.763,1.305,1.805,2.436
8/24/2006,0.374,0.772,1.3,1.804,2.432
8/25/2006,0.359,0.664,1.176,1.711,2.361
8/28/2006,0.345,0.646,1.135,1.685,2.365
8/29/2006,0.35,0.672,1.17,1.709,2.385
8/30/2006,0.35,0.681,1.13,1.664,2.379
8/31/2006,0.345,0.65,1.085,1.63,2.392
9/1/2006,0.346,0.651,1.101,1.65,2.394
9/4/2006,0.345,0.682,1.144,1.681,2.41
9/5/2006,0.345,0.693,1.166,1.69,2.395
9/6/2006,0.345,0.691,1.157,1.711,2.371
9/7/2006,0.345,0.679,1.15,1.706,2.376
9/8/2006,0.345,0.704,1.185,1.729,2.389
9/11/2006,0.345,0.636,1.118,1.67,2.361
9/12/2006,0.343,0.65,1.134,1.697,2.385
9/13/2006,0.339,0.63,1.152,1.675,2.37
9/14/2006,0.339,0.645,1.159,1.679,2.375
9/15/2006,0.339,0.645,1.145,1.665,2.371
9/19/2006,0.34,0.668,1.184,1.704,2.41
9/20/2006,0.341,0.651,1.145,1.681,2.404
9/21/2006,0.343,0.659,1.156,1.7,2.435
9/22/2006,0.342,0.634,1.1,1.63,2.365
9/25/2006,0.342,0.623,1.095,1.634,2.39
9/26/2006,0.342,0.597,1.062,1.617,2.4
9/27/2006,0.34,0.625,1.102,1.655,2.43
9/28/2006,0.346,0.635,1.118,1.656,2.415
9/29/2006,0.34,0.66,1.139,1.675,2.44
10/2/2006,0.334,0.694,1.194,1.735,2.489
10/3/2006,0.331,0.659,1.155,1.696,2.47
10/4/2006,0.326,0.655,1.154,1.721,2.501
10/5/2006,0.322,0.66,1.176,1.725,2.5
10/6/2006,0.321,0.67,1.161,1.706,2.5
10/10/2006,0.321,0.679,1.174,1.724,2.509
10/11/2006,0.32,0.699,1.209,1.745,2.509
10/12/2006,0.321,0.695,1.205,1.751,2.515
10/13/2006,0.33,0.715,1.235,1.77,2.514
10/16/2006,0.333,0.748,1.284,1.8,2.518
10/17/2006,0.334,0.756,1.275,1.801,2.525
10/18/2006,0.338,0.778,1.295,1.805,2.524
10/19/2006,0.355,0.806,1.313,1.806,2.516
10/20/2006,0.354,0.791,1.299,1.805,2.51
10/23/2006,0.354,0.804,1.33,1.84,2.54
10/24/2006,0.355,0.782,1.295,1.825,2.53
10/25/2006,0.376,0.775,1.271,1.8,2.509
10/26/2006,0.372,0.753,1.232,1.75,2.47
10/27/2006,0.364,0.77,1.23,1.741,2.454
10/30/2006,0.361,0.748,1.211,1.731,2.44
10/31/2006,0.368,0.735,1.19,1.72,2.443
11/1/2006,0.385,0.749,1.199,1.72,2.432
11/2/2006,0.385,0.75,1.199,1.715,2.415
11/6/2006,0.385,0.785,1.25,1.765,2.454
11/7/2006,0.387,0.795,1.255,1.766,2.455
11/8/2006,0.39,0.785,1.231,1.729,2.439
11/9/2006,0.402,0.77,1.21,1.709,2.426
11/10/2006,0.41,0.765,1.199,1.688,2.41
11/13/2006,0.405,0.74,1.165,1.664,2.395
11/14/2006,0.427,0.809,1.246,1.73,2.444
11/15/2006,0.426,0.815,1.245,1.705,2.415
11/16/2006,0.45,0.824,1.249,1.705,2.413
11/17/2006,0.447,0.816,1.249,1.718,2.424
11/20/2006,0.431,0.779,1.206,1.684,2.409
11/21/2006,0.427,0.789,1.205,1.684,2.4
11/22/2006,0.443,0.808,1.209,1.67,2.37
11/24/2006,0.439,0.81,1.21,1.664,2.35
11/27/2006,0.426,0.81,1.22,1.67,2.349
11/28/2006,0.421,0.791,1.199,1.655,2.35
11/29/2006,0.421,0.835,1.239,1.69,2.368
11/30/2006,0.444,0.821,1.2,1.655,2.329
12/1/2006,0.45,0.81,1.173,1.608,2.26
12/4/2006,0.455,0.815,1.185,1.624,2.254
12/5/2006,0.455,0.81,1.187,1.615,2.245
12/6/2006,0.465,0.833,1.216,1.652,2.21
12/7/2006,0.5,0.855,1.255,1.68,2.229
12/8/2006,0.51,0.855,1.266,1.7,2.254
12/11/2006,0.503,0.825,1.22,1.659,2.235
12/12/2006,0.499,0.809,1.19,1.645,2.239
12/13/2006,0.46,0.795,1.2,1.614,2.209
12/14/2006,0.452,0.789,1.209,1.631,2.224
12/15/2006,0.453,0.817,1.255,1.67,2.265
12/18/2006,0.456,0.829,1.28,1.69,2.275
12/19/2006,0.452,0.809,1.239,1.653,2.23
12/20/2006,0.421,0.787,1.203,1.62,2.19
12/21/2006,0.447,0.772,1.196,1.612,2.199
12/22/2006,0.444,0.78,1.18,1.599,2.195
12/25/2006,0.441,0.775,1.175,1.594,2.195
12/26/2006,0.44,0.76,1.165,1.575,2.18
12/27/2006,0.441,0.81,1.24,1.645,2.22
12/28/2006,0.443,0.805,1.245,1.67,2.254
12/29/2006,0.45,0.805,1.251,1.685,2.264
1/4/2007,0.447,0.84,1.295,1.725,2.304
1/5/2007,0.481,0.835,1.29,1.719,2.295
1/9/2007,0.528,0.844,1.305,1.74,2.324
1/10/2007,0.521,0.844,1.314,1.76,2.355
1/11/2007,0.509,0.82,1.294,1.74,2.34
1/12/2007,0.505,0.825,1.304,1.745,2.354
1/15/2007,0.514,0.834,1.304,1.745,2.355
1/16/2007,0.524,0.839,1.291,1.745,2.355
1/17/2007,0.463,0.785,1.219,1.691,2.324
1/18/2007,0.465,0.798,1.244,1.719,2.349
1/19/2007,0.452,0.762,1.19,1.665,2.36
1/22/2007,0.44,0.737,1.164,1.656,2.377
1/23/2007,0.435,0.73,1.169,1.659,2.39
1/24/2007,0.435,0.739,1.18,1.665,2.395
1/25/2007,0.43,0.745,1.186,1.669,2.385
1/26/2007,0.43,0.726,1.176,1.691,2.405
1/29/2007,0.43,0.739,1.2,1.73,2.455
1/30/2007,0.43,0.726,1.195,1.715,2.445
1/31/2007,0.43,0.728,1.185,1.705,2.42
2/1/2007,0.44,0.739,1.199,1.714,2.405
2/2/2007,0.445,0.76,1.23,1.73,2.4
2/5/2007,0.445,0.76,1.226,1.725,2.395
2/6/2007,0.448,0.77,1.245,1.745,2.425
2/7/2007,0.465,0.785,1.254,1.745,2.42
2/8/2007,0.465,0.77,1.235,1.74,2.42
2/9/2007,0.46,0.746,1.195,1.7,2.386
2/13/2007,0.46,0.775,1.245,1.745,2.42
2/14/2007,0.465,0.77,1.24,1.735,2.41
2/15/2007,0.478,0.794,1.264,1.75,2.43
2/16/2007,0.484,0.782,1.229,1.71,2.4
2/19/2007,0.5,0.789,1.235,1.72,2.41
2/20/2007,0.507,0.785,1.22,1.711,2.411
2/21/2007,0.549,0.808,1.221,1.699,2.39
2/22/2007,0.572,0.823,1.21,1.666,2.34
2/23/2007,0.583,0.843,1.235,1.68,2.325
2/26/2007,0.59,0.836,1.225,1.665,2.305
2/27/2007,0.589,0.816,1.199,1.645,2.294
2/28/2007,0.589,0.835,1.194,1.636,2.285
3/1/2007,0.593,0.845,1.215,1.655,2.31
3/2/2007,0.586,0.829,1.204,1.674,2.315
3/5/2007,0.582,0.794,1.16,1.629,2.25
3/6/2007,0.577,0.804,1.174,1.634,2.27
3/7/2007,0.576,0.804,1.164,1.63,2.279
3/8/2007,0.576,0.799,1.16,1.625,2.27
3/9/2007,0.578,0.794,1.178,1.615,2.27
3/12/2007,0.582,0.8,1.185,1.62,2.285
3/13/2007,0.58,0.794,1.174,1.614,2.285
3/14/2007,0.58,0.775,1.134,1.575,2.255
3/15/2007,0.583,0.784,1.145,1.594,2.296
3/16/2007,0.587,0.78,1.138,1.585,2.3
3/19/2007,0.592,0.789,1.149,1.584,2.289
3/20/2007,0.59,0.795,1.145,1.57,2.268
3/22/2007,0.587,0.795,1.135,1.555,2.244
3/23/2007,0.581,0.808,1.18,1.615,2.281
3/26/2007,0.578,0.835,1.206,1.655,2.34
3/27/2007,0.57,0.822,1.186,1.646,2.36
3/28/2007,0.567,0.83,1.214,1.68,2.379
3/29/2007,0.565,0.819,1.191,1.654,2.35
3/30/2007,0.565,0.82,1.195,1.659,2.349
4/2/2007,0.562,0.81,1.184,1.655,2.355
4/3/2007,0.552,0.809,1.191,1.66,2.361
4/4/2007,0.577,0.825,1.234,1.694,2.385
4/5/2007,0.55,0.814,1.219,1.68,2.37
4/6/2007,0.547,0.81,1.215,1.675,2.37
4/9/2007,0.554,0.814,1.23,1.69,2.375
4/10/2007,0.557,0.824,1.235,1.69,2.365
4/11/2007,0.579,0.809,1.196,1.65,2.34
4/12/2007,0.577,0.819,1.209,1.675,2.374
4/13/2007,0.578,0.815,1.204,1.67,2.378
4/16/2007,0.578,0.829,1.244,1.704,2.404
4/17/2007,0.576,0.839,1.244,1.699,2.373
4/18/2007,0.573,0.858,1.265,1.714,2.359
4/19/2007,0.572,0.847,1.235,1.683,2.329
4/20/2007,0.578,0.859,1.26,1.694,2.34
4/23/2007,0.58,0.861,1.26,1.69,2.329
4/24/2007,0.577,0.851,1.235,1.68,2.335
4/25/2007,0.575,0.85,1.225,1.655,2.315
4/26/2007,0.572,0.859,1.234,1.66,2.315
4/27/2007,0.57,0.865,1.21,1.629,2.284
5/1/2007,0.565,0.854,1.188,1.615,2.275
5/2/2007,0.561,0.854,1.194,1.633,2.29
5/7/2007,0.56,0.859,1.209,1.653,2.309
5/8/2007,0.56,0.86,1.224,1.656,2.315
5/9/2007,0.56,0.869,1.244,1.673,2.333
5/10/2007,0.562,0.879,1.254,1.675,2.335
5/11/2007,0.564,0.875,1.236,1.653,2.315
5/14/2007,0.565,0.885,1.25,1.67,2.324
5/15/2007,0.565,0.89,1.259,1.684,2.329
5/16/2007,0.564,0.877,1.235,1.671,2.32
5/17/2007,0.564,0.866,1.21,1.63,2.28
5/18/2007,0.561,0.879,1.225,1.645,2.29
5/21/2007,0.557,0.885,1.234,1.657,2.3
5/22/2007,0.556,0.881,1.225,1.644,2.284
5/23/2007,0.555,0.897,1.263,1.689,2.324
5/24/2007,0.555,0.905,1.28,1.708,2.344
5/25/2007,0.555,0.923,1.309,1.728,2.354
5/28/2007,0.561,0.938,1.315,1.734,2.36
5/29/2007,0.557,0.958,1.345,1.759,2.373
5/30/2007,0.556,0.98,1.344,1.744,2.333
5/31/2007,0.558,0.984,1.35,1.753,2.344
6/1/2007,0.559,0.99,1.378,1.782,2.353
6/4/2007,0.578,1,1.4,1.804,2.38
6/5/2007,0.579,1,1.44,1.84,2.405
6/6/2007,0.581,1.01,1.445,1.845,2.389
6/7/2007,0.582,1.03,1.47,1.869,2.409
6/8/2007,0.585,1.047,1.508,1.898,2.418
6/11/2007,0.596,1.055,1.52,1.915,2.449
6/12/2007,0.595,1.075,1.53,1.935,2.469
6/13/2007,0.613,1.088,1.582,1.974,2.514
6/14/2007,0.613,1.072,1.562,1.965,2.534
6/15/2007,0.612,1.042,1.523,1.943,2.554
6/18/2007,0.629,1.02,1.494,1.899,2.51
6/19/2007,0.627,1.038,1.53,1.935,2.53
6/20/2007,0.625,1.026,1.505,1.9,2.51
6/21/2007,0.625,1.029,1.525,1.932,2.545
6/22/2007,0.625,1.02,1.504,1.905,2.525
6/25/2007,0.635,1.014,1.504,1.9,2.514
6/26/2007,0.635,1.006,1.497,1.889,2.514
6/27/2007,0.633,1.02,1.485,1.875,2.5
6/28/2007,0.632,1.036,1.521,1.926,2.534
6/29/2007,0.631,1.025,1.478,1.879,2.484
7/2/2007,0.639,1.04,1.494,1.894,2.484
7/3/2007,0.636,1.045,1.496,1.878,2.494
7/4/2007,0.641,1.05,1.499,1.905,2.525
7/5/2007,0.643,1.069,1.525,1.93,2.54
7/6/2007,0.643,1.074,1.545,1.94,2.545
7/9/2007,0.659,1.084,1.559,1.954,2.569
7/10/2007,0.657,1.08,1.564,1.968,2.583
7/11/2007,0.659,1.045,1.48,1.885,2.51
7/12/2007,0.659,1.039,1.493,1.908,2.545
7/13/2007,0.662,1.059,1.532,1.94,2.578
7/17/2007,0.679,1.051,1.525,1.931,2.583
7/18/2007,0.679,1.036,1.5,1.91,2.565
7/19/2007,0.678,1.044,1.509,1.91,2.554
7/20/2007,0.674,1.041,1.49,1.891,2.534
7/23/2007,0.671,1.022,1.455,1.86,2.514
7/24/2007,0.667,1.02,1.46,1.871,2.538
7/25/2007,0.665,1.02,1.449,1.865,2.525
7/26/2007,0.664,1.025,1.45,1.865,2.514
7/27/2007,0.64,0.984,1.375,1.79,2.429
7/30/2007,0.639,0.99,1.394,1.815,2.469
7/31/2007,0.639,0.986,1.38,1.8,2.46
8/1/2007,0.633,0.985,1.344,1.764,2.418
8/2/2007,0.63,0.995,1.369,1.809,2.469
8/3/2007,0.633,0.99,1.349,1.779,2.44
8/6/2007,0.655,0.966,1.31,1.744,2.409
8/7/2007,0.658,0.976,1.316,1.73,2.385
8/8/2007,0.697,1.014,1.365,1.76,2.409
8/9/2007,0.727,1.034,1.39,1.78,2.429
8/10/2007,0.712,0.95,1.294,1.715,2.389
8/13/2007,0.71,0.936,1.272,1.71,2.433
8/14/2007,0.713,0.955,1.285,1.704,2.429
8/15/2007,0.714,0.913,1.209,1.645,2.375
8/16/2007,0.705,0.878,1.195,1.663,2.397
8/17/2007,0.681,0.829,1.099,1.585,2.364
8/20/2007,0.687,0.838,1.14,1.595,2.349
8/21/2007,0.687,0.849,1.114,1.568,2.34
8/22/2007,0.68,0.873,1.136,1.579,2.354
8/23/2007,0.671,0.907,1.195,1.603,2.34
8/24/2007,0.655,0.891,1.17,1.598,2.335
8/27/2007,0.655,0.89,1.18,1.623,2.353
8/28/2007,0.655,0.885,1.175,1.625,2.373
8/29/2007,0.65,0.88,1.155,1.59,2.349
8/30/2007,0.65,0.857,1.129,1.575,2.344
8/31/2007,0.65,0.88,1.169,1.613,2.354
9/3/2007,0.646,0.875,1.18,1.646,2.394
9/4/2007,0.634,0.86,1.174,1.624,2.375
9/5/2007,0.623,0.844,1.145,1.629,2.364
9/6/2007,0.621,0.835,1.14,1.619,2.364
9/7/2007,0.618,0.825,1.129,1.595,2.34
9/10/2007,0.59,0.785,1.06,1.52,2.309
9/11/2007,0.573,0.793,1.069,1.537,2.344
9/12/2007,0.562,0.795,1.077,1.518,2.348
9/13/2007,0.559,0.795,1.089,1.534,2.359
9/14/2007,0.555,0.799,1.116,1.551,2.354
9/18/2007,0.555,0.787,1.09,1.535,2.349
9/19/2007,0.555,0.801,1.131,1.595,2.394
9/20/2007,0.55,0.813,1.158,1.635,2.425
9/21/2007,0.55,0.844,1.22,1.685,2.469
9/25/2007,0.545,0.869,1.239,1.694,2.469
9/26/2007,0.544,0.871,1.225,1.675,2.441
9/27/2007,0.544,0.884,1.26,1.73,2.485
9/28/2007,0.541,0.87,1.204,1.685,2.445
10/1/2007,0.56,0.849,1.19,1.67,2.44
10/2/2007,0.56,0.859,1.215,1.691,2.46
10/3/2007,0.562,0.864,1.219,1.694,2.454
10/4/2007,0.564,0.885,1.26,1.72,2.469
10/5/2007,0.564,0.87,1.244,1.704,2.454
10/9/2007,0.568,0.895,1.27,1.72,2.465
10/10/2007,0.577,0.909,1.29,1.735,2.479
10/11/2007,0.583,0.91,1.29,1.744,2.5
10/12/2007,0.585,0.88,1.24,1.71,2.479
10/15/2007,0.6,0.894,1.265,1.74,2.518
10/16/2007,0.6,0.89,1.24,1.704,2.469
10/17/2007,0.599,0.862,1.176,1.655,2.441
10/18/2007,0.596,0.846,1.165,1.644,2.44
10/19/2007,0.583,0.808,1.129,1.61,2.424
10/22/2007,0.58,0.796,1.11,1.585,2.401
10/23/2007,0.58,0.799,1.115,1.59,2.405
10/24/2007,0.577,0.791,1.096,1.575,2.391
10/25/2007,0.573,0.777,1.081,1.591,2.429
10/26/2007,0.572,0.787,1.113,1.625,2.453
10/29/2007,0.575,0.78,1.094,1.615,2.454
10/30/2007,0.581,0.775,1.089,1.619,2.474
10/31/2007,0.58,0.79,1.095,1.61,2.445
11/1/2007,0.587,0.83,1.17,1.67,2.469
11/2/2007,0.58,0.785,1.094,1.591,2.389
11/5/2007,0.578,0.79,1.114,1.585,2.36
11/6/2007,0.575,0.78,1.095,1.575,2.36
11/7/2007,0.575,0.78,1.084,1.57,2.364
11/8/2007,0.572,0.775,1.069,1.545,2.354
11/9/2007,0.57,0.775,1.064,1.535,2.349
11/12/2007,0.569,0.775,1.06,1.52,2.329
11/13/2007,0.569,0.765,1.04,1.49,2.295
11/14/2007,0.569,0.775,1.079,1.525,2.315
11/15/2007,0.566,0.757,1.049,1.505,2.304
11/16/2007,0.565,0.746,1.035,1.475,2.284
11/19/2007,0.565,0.741,1.039,1.47,2.274
11/20/2007,0.56,0.744,1.051,1.474,2.268
11/21/2007,0.552,0.736,1.022,1.439,2.244
11/22/2007,0.55,0.735,1.02,1.425,2.219
11/26/2007,0.551,0.754,1.064,1.49,2.276
11/27/2007,0.553,0.768,1.055,1.5,2.32
11/28/2007,0.554,0.77,1.035,1.49,2.344
11/29/2007,0.554,0.77,1.05,1.494,2.335
11/30/2007,0.554,0.77,1.04,1.478,2.304
12/3/2007,0.56,0.75,1.012,1.456,2.29
12/4/2007,0.553,0.72,0.975,1.415,2.269
12/5/2007,0.548,0.719,1.014,1.499,2.308
12/6/2007,0.549,0.75,1.076,1.564,2.368
12/7/2007,0.553,0.749,1.084,1.575,2.385
12/10/2007,0.568,0.74,1.075,1.57,2.385
12/11/2007,0.569,0.745,1.09,1.59,2.4
12/12/2007,0.562,0.725,1.055,1.522,2.34
12/13/2007,0.56,0.745,1.054,1.519,2.348
12/14/2007,0.56,0.74,1.07,1.555,2.385
12/17/2007,0.56,0.728,1.065,1.558,2.385
12/18/2007,0.557,0.721,1.04,1.544,2.385
12/19/2007,0.555,0.72,1.01,1.499,2.34
12/20/2007,0.555,0.72,1.025,1.525,2.354
12/21/2007,0.554,0.725,1.054,1.56,2.38
12/25/2007,0.565,0.75,1.085,1.59,2.409
12/26/2007,0.558,0.745,1.065,1.565,2.389
12/27/2007,0.556,0.74,1.06,1.559,2.385
12/28/2007,0.555,0.715,1.014,1.51,2.333
1/4/2008,0.552,0.695,0.975,1.475,2.309
1/7/2008,0.55,0.685,0.969,1.47,2.319
1/8/2008,0.55,0.68,0.965,1.47,2.329
1/9/2008,0.552,0.67,0.955,1.475,2.348
1/10/2008,0.554,0.645,0.923,1.445,2.349
1/11/2008,0.554,0.615,0.894,1.43,2.36
1/15/2008,0.559,0.615,0.898,1.43,2.349
1/16/2008,0.559,0.597,0.864,1.39,2.315
1/17/2008,0.559,0.59,0.872,1.411,2.329
1/18/2008,0.555,0.585,0.865,1.399,2.32
1/21/2008,0.555,0.576,0.828,1.374,2.309
1/22/2008,0.548,0.538,0.79,1.325,2.279
1/23/2008,0.54,0.507,0.79,1.345,2.309
1/24/2008,0.532,0.513,0.825,1.395,2.364
1/25/2008,0.534,0.565,0.92,1.485,2.415
1/28/2008,0.534,0.532,0.85,1.415,2.353
1/29/2008,0.534,0.552,0.909,1.475,2.389
1/30/2008,0.537,0.553,0.891,1.435,2.34
1/31/2008,0.541,0.55,0.889,1.44,2.36
2/1/2008,0.542,0.56,0.889,1.434,2.339
2/4/2008,0.548,0.595,0.939,1.475,2.354
2/5/2008,0.553,0.613,0.958,1.48,2.351
2/6/2008,0.553,0.58,0.879,1.41,2.315
2/7/2008,0.553,0.585,0.9,1.43,2.335
2/8/2008,0.55,0.56,0.889,1.425,2.354
2/12/2008,0.55,0.56,0.879,1.405,2.335
2/13/2008,0.55,0.565,0.894,1.43,2.349
2/14/2008,0.552,0.595,0.94,1.47,2.36
2/15/2008,0.553,0.591,0.935,1.461,2.347
2/18/2008,0.554,0.59,0.939,1.46,2.34
2/19/2008,0.554,0.595,0.95,1.474,2.354
2/20/2008,0.558,0.582,0.915,1.435,2.32
2/21/2008,0.559,0.603,0.974,1.494,2.354
2/22/2008,0.559,0.592,0.939,1.46,2.339
2/25/2008,0.56,0.611,0.969,1.494,2.369
2/26/2008,0.562,0.628,0.965,1.485,2.353
2/27/2008,0.56,0.63,0.959,1.48,2.335
2/28/2008,0.56,0.603,0.914,1.434,2.304
2/29/2008,0.555,0.565,0.839,1.365,2.253
3/3/2008,0.555,0.54,0.814,1.349,2.255
3/4/2008,0.555,0.561,0.839,1.374,2.28
3/5/2008,0.558,0.545,0.808,1.38,2.293
3/6/2008,0.558,0.535,0.779,1.365,2.313
3/7/2008,0.555,0.519,0.751,1.359,2.348
3/10/2008,0.555,0.53,0.729,1.34,2.364
3/11/2008,0.555,0.56,0.754,1.336,2.349
3/12/2008,0.562,0.585,0.789,1.339,2.369
3/13/2008,0.566,0.569,0.75,1.299,2.378
3/14/2008,0.573,0.57,0.75,1.274,2.422
3/17/2008,0.578,0.566,0.735,1.276,2.559
3/18/2008,0.607,0.579,0.785,1.321,2.474
3/19/2008,0.617,0.571,0.764,1.279,2.417
3/21/2008,0.612,0.575,0.784,1.28,2.344
3/24/2008,0.602,0.575,0.78,1.264,2.3
3/25/2008,0.582,0.575,0.764,1.26,2.28
3/26/2008,0.567,0.585,0.764,1.285,2.315
3/27/2008,0.565,0.585,0.755,1.279,2.333
3/28/2008,0.567,0.58,0.754,1.279,2.354
3/31/2008,0.569,0.575,0.749,1.284,2.384
4/1/2008,0.569,0.59,0.815,1.36,2.448
4/2/2008,0.569,0.595,0.834,1.385,2.44
4/3/2008,0.569,0.585,0.834,1.369,2.409
4/4/2008,0.564,0.57,0.815,1.34,2.373
4/7/2008,0.56,0.574,0.824,1.349,2.369
4/8/2008,0.56,0.58,0.809,1.335,2.369
4/9/2008,0.56,0.595,0.825,1.35,2.389
4/10/2008,0.565,0.605,0.815,1.34,2.405
4/11/2008,0.567,0.615,0.859,1.384,2.434
4/14/2008,0.569,0.61,0.829,1.345,2.429
4/15/2008,0.569,0.61,0.848,1.353,2.416
4/16/2008,0.572,0.628,0.869,1.359,2.418
4/17/2008,0.574,0.649,0.915,1.385,2.438
4/18/2008,0.574,0.655,0.931,1.405,2.433
4/21/2008,0.574,0.669,0.976,1.455,2.453
4/22/2008,0.574,0.688,1.004,1.478,2.434
4/23/2008,0.574,0.695,0.985,1.464,2.42
4/24/2008,0.574,0.723,1.059,1.499,2.438
4/25/2008,0.578,0.83,1.231,1.61,2.5
4/28/2008,0.58,0.835,1.24,1.63,2.473
4/30/2008,0.577,0.785,1.159,1.585,2.464
5/1/2008,0.574,0.745,1.121,1.585,2.473
5/2/2008,0.577,0.765,1.17,1.649,2.503
5/7/2008,0.577,0.765,1.203,1.672,2.505
5/8/2008,0.58,0.75,1.189,1.67,2.498
5/9/2008,0.58,0.735,1.129,1.564,2.44
5/12/2008,0.582,0.745,1.16,1.594,2.449
5/13/2008,0.58,0.764,1.189,1.59,2.417
5/14/2008,0.581,0.821,1.292,1.681,2.46
5/15/2008,0.583,0.848,1.284,1.679,2.468
5/16/2008,0.58,0.846,1.29,1.704,2.5
5/19/2008,0.58,0.836,1.257,1.679,2.494
5/20/2008,0.58,0.815,1.21,1.655,2.495
5/21/2008,0.577,0.79,1.18,1.615,2.48
5/22/2008,0.576,0.8,1.22,1.675,2.53
5/23/2008,0.578,0.84,1.31,1.74,2.555
5/26/2008,0.584,0.845,1.315,1.75,2.585
5/27/2008,0.584,0.865,1.345,1.77,2.568
5/28/2008,0.587,0.86,1.304,1.744,2.514
5/29/2008,0.589,0.897,1.365,1.8,2.525
5/30/2008,0.589,0.915,1.335,1.759,2.5
6/2/2008,0.591,0.935,1.378,1.788,2.54
6/3/2008,0.59,0.87,1.266,1.72,2.51
6/4/2008,0.58,0.873,1.325,1.775,2.554
6/5/2008,0.58,0.84,1.286,1.736,2.545
6/6/2008,0.576,0.885,1.369,1.796,2.553
6/9/2008,0.57,0.855,1.313,1.726,2.489
6/10/2008,0.575,0.949,1.427,1.809,2.515
6/11/2008,0.579,1,1.51,1.846,2.54
6/12/2008,0.58,0.995,1.482,1.807,2.524
6/13/2008,0.587,1.021,1.544,1.871,2.575
6/16/2008,0.593,0.975,1.505,1.885,2.609
6/17/2008,0.59,0.929,1.435,1.844,2.614
6/18/2008,0.59,0.884,1.355,1.785,2.575
6/19/2008,0.59,0.904,1.403,1.799,2.575
6/20/2008,0.589,0.887,1.36,1.765,2.534
6/23/2008,0.589,0.858,1.304,1.724,2.5
6/24/2008,0.59,0.858,1.3,1.706,2.455
6/25/2008,0.59,0.859,1.264,1.685,2.449
6/26/2008,0.581,0.829,1.22,1.656,2.444
6/27/2008,0.574,0.809,1.19,1.62,2.415
6/30/2008,0.575,0.805,1.18,1.601,2.404
7/1/2008,0.572,0.835,1.264,1.68,2.463
7/2/2008,0.57,0.835,1.26,1.665,2.418
7/3/2008,0.57,0.849,1.26,1.665,2.434
7/4/2008,0.57,0.84,1.24,1.65,2.414
7/7/2008,0.585,0.865,1.294,1.704,2.443
7/8/2008,0.588,0.835,1.205,1.624,2.379
7/9/2008,0.59,0.815,1.185,1.62,2.364
7/10/2008,0.59,0.779,1.14,1.584,2.368
7/11/2008,0.59,0.78,1.139,1.604,2.414
7/14/2008,0.585,0.774,1.125,1.589,2.41
7/15/2008,0.576,0.766,1.11,1.555,2.39
7/16/2008,0.57,0.755,1.124,1.575,2.415
7/17/2008,0.57,0.763,1.135,1.595,2.459
7/18/2008,0.57,0.765,1.115,1.575,2.445
7/22/2008,0.575,0.787,1.173,1.62,2.474
7/23/2008,0.579,0.799,1.195,1.65,2.495
7/24/2008,0.58,0.808,1.229,1.664,2.479
7/25/2008,0.58,0.786,1.15,1.584,2.439
7/28/2008,0.58,0.799,1.154,1.575,2.435
7/29/2008,0.58,0.785,1.124,1.55,2.415
7/30/2008,0.58,0.795,1.11,1.534,2.415
7/31/2008,0.58,0.79,1.114,1.539,2.425
8/1/2008,0.576,0.771,1.085,1.52,2.414
8/4/2008,0.58,0.751,1.055,1.504,2.38
8/5/2008,0.576,0.76,1.094,1.54,2.38
8/6/2008,0.573,0.744,1.063,1.529,2.344
8/7/2008,0.574,0.73,1.065,1.525,2.345
8/8/2008,0.571,0.705,1.02,1.479,2.314
8/11/2008,0.57,0.709,1.03,1.467,2.28
8/12/2008,0.572,0.71,1.016,1.461,2.26
8/13/2008,0.573,0.705,1.01,1.455,2.26
8/14/2008,0.573,0.7,1.004,1.441,2.24
8/15/2008,0.573,0.696,1.029,1.465,2.28
8/18/2008,0.575,0.681,1.014,1.451,2.29
8/19/2008,0.575,0.68,1.013,1.441,2.294
8/20/2008,0.574,0.693,1.03,1.45,2.318
8/21/2008,0.569,0.686,1,1.42,2.299
8/22/2008,0.569,0.694,1.025,1.45,2.349
8/25/2008,0.565,0.695,1.005,1.435,2.35
8/26/2008,0.565,0.699,0.985,1.424,2.35
8/27/2008,0.565,0.718,1.014,1.45,2.36
8/28/2008,0.565,0.715,1,1.435,2.33
8/29/2008,0.565,0.726,0.981,1.415,2.294
9/1/2008,0.572,0.745,1.04,1.483,2.328
9/2/2008,0.578,0.733,1.02,1.469,2.309
9/3/2008,0.579,0.729,1.01,1.466,2.28
9/4/2008,0.579,0.755,1.09,1.519,2.304
9/5/2008,0.58,0.734,1.039,1.467,2.264
9/8/2008,0.58,0.76,1.116,1.536,2.295
9/9/2008,0.586,0.75,1.085,1.51,2.26
9/10/2008,0.58,0.745,1.104,1.515,2.263
9/11/2008,0.58,0.746,1.1,1.511,2.259
9/12/2008,0.582,0.75,1.115,1.535,2.299
9/16/2008,0.586,0.714,1.049,1.473,2.264
9/17/2008,0.615,0.742,1.078,1.496,2.262
9/18/2008,0.612,0.764,1.124,1.5,2.291
9/19/2008,0.594,0.798,1.127,1.488,2.288
9/22/2008,0.585,0.792,1.09,1.493,2.284
9/24/2008,0.593,0.802,1.085,1.49,2.248
9/25/2008,0.587,0.805,1.084,1.485,2.241
9/26/2008,0.574,0.825,1.103,1.47,2.228
9/29/2008,0.563,0.826,1.109,1.494,2.269
9/30/2008,0.56,0.764,1.054,1.472,2.284
10/1/2008,0.56,0.779,1.075,1.509,2.308
10/2/2008,0.562,0.78,1.056,1.52,2.322
10/3/2008,0.563,0.74,0.987,1.455,2.293
10/6/2008,0.622,0.691,0.91,1.381,2.203
10/7/2008,0.624,0.718,0.962,1.439,2.253
10/8/2008,0.713,0.756,0.977,1.386,2.153
10/9/2008,0.718,0.804,1.03,1.465,2.186
10/10/2008,0.719,0.852,1.109,1.529,2.092
10/14/2008,0.652,0.85,1.179,1.586,2.254
10/15/2008,0.621,0.809,1.179,1.589,2.233
10/16/2008,0.622,0.8,1.15,1.593,2.272
10/17/2008,0.629,0.791,1.151,1.589,2.319
10/20/2008,0.62,0.781,1.142,1.581,2.348
10/21/2008,0.617,0.771,1.149,1.592,2.351
10/22/2008,0.62,0.744,1.103,1.548,2.35
10/23/2008,0.624,0.722,1.059,1.51,2.284
10/24/2008,0.629,0.717,1.034,1.497,2.253
10/27/2008,0.639,0.701,0.995,1.485,2.294
10/28/2008,0.636,0.71,1.039,1.53,2.295
10/29/2008,0.499,0.62,0.93,1.504,2.289
10/30/2008,0.498,0.592,0.895,1.496,2.27
10/31/2008,0.38,0.553,0.868,1.476,2.23
11/4/2008,0.398,0.549,0.881,1.514,2.273
11/5/2008,0.41,0.555,0.932,1.537,2.29
11/6/2008,0.432,0.554,0.899,1.5,2.28
11/7/2008,0.434,0.572,0.929,1.52,2.26
11/10/2008,0.439,0.596,0.963,1.535,2.249
11/11/2008,0.442,0.595,0.924,1.495,2.225
11/12/2008,0.456,0.595,0.925,1.51,2.235
11/13/2008,0.45,0.578,0.908,1.499,2.205
11/14/2008,0.446,0.555,0.89,1.497,2.212
11/17/2008,0.436,0.534,0.875,1.486,2.249
11/18/2008,0.435,0.54,0.895,1.49,2.295
11/19/2008,0.437,0.553,0.889,1.475,2.275
11/20/2008,0.438,0.541,0.865,1.445,2.254
11/21/2008,0.439,0.562,0.864,1.401,2.224
11/25/2008,0.439,0.589,0.883,1.413,2.22
11/26/2008,0.468,0.604,0.875,1.391,2.184
11/27/2008,0.479,0.606,0.885,1.38,2.159
11/28/2008,0.488,0.601,0.875,1.399,2.189
12/1/2008,0.49,0.591,0.865,1.408,2.2
12/2/2008,0.477,0.555,0.835,1.359,2.128
12/3/2008,0.469,0.555,0.865,1.391,2.18
12/4/2008,0.469,0.56,0.87,1.378,2.184
12/5/2008,0.469,0.573,0.881,1.375,2.169
12/8/2008,0.468,0.585,0.895,1.398,2.205
12/9/2008,0.473,0.591,0.889,1.404,2.229
12/10/2008,0.48,0.592,0.92,1.42,2.24
12/11/2008,0.479,0.585,0.909,1.423,2.255
12/12/2008,0.471,0.541,0.855,1.395,2.24
12/15/2008,0.469,0.542,0.865,1.384,2.234
12/16/2008,0.464,0.518,0.84,1.375,2.22
12/17/2008,0.359,0.471,0.795,1.301,2.16
12/18/2008,0.352,0.461,0.791,1.272,2.104
12/19/2008,0.235,0.434,0.765,1.236,2.039
12/22/2008,0.24,0.409,0.745,1.224,1.945
12/24/2008,0.228,0.403,0.73,1.215,1.885
12/25/2008,0.226,0.414,0.744,1.22,1.873
12/26/2008,0.218,0.415,0.743,1.21,1.804
12/29/2008,0.208,0.402,0.725,1.209,1.764
12/30/2008,0.198,0.38,0.689,1.174,1.739
1/5/2009,0.19,0.372,0.68,1.209,1.809
1/6/2009,0.186,0.385,0.729,1.263,1.879
1/7/2009,0.184,0.374,0.727,1.26,1.914
1/8/2009,0.187,0.379,0.758,1.312,1.968
1/9/2009,0.192,0.379,0.745,1.296,1.929
1/13/2009,0.194,0.374,0.709,1.25,1.879
1/14/2009,0.203,0.38,0.709,1.27,1.924
1/15/2009,0.207,0.379,0.685,1.216,1.899
1/16/2009,0.208,0.372,0.7,1.226,1.9
1/19/2009,0.21,0.363,0.714,1.255,1.924
1/20/2009,0.212,0.356,0.695,1.226,1.865
1/21/2009,0.227,0.368,0.705,1.234,1.885
1/22/2009,0.231,0.365,0.686,1.24,1.91
1/23/2009,0.236,0.368,0.67,1.24,1.929
1/26/2009,0.244,0.387,0.68,1.231,1.93
1/27/2009,0.249,0.403,0.72,1.274,1.955
1/28/2009,0.273,0.412,0.728,1.266,1.942
1/29/2009,0.278,0.407,0.729,1.275,1.94
1/30/2009,0.281,0.406,0.743,1.297,1.939
2/2/2009,0.281,0.4,0.74,1.299,1.92
2/3/2009,0.286,0.408,0.759,1.305,1.905
2/4/2009,0.3,0.435,0.793,1.355,1.959
2/5/2009,0.281,0.435,0.789,1.341,1.943
2/6/2009,0.25,0.421,0.779,1.341,1.975
2/9/2009,0.245,0.405,0.755,1.316,1.975
2/10/2009,0.245,0.42,0.763,1.313,1.949
2/12/2009,0.234,0.405,0.725,1.264,1.894
2/13/2009,0.234,0.395,0.72,1.265,1.894
2/16/2009,0.235,0.4,0.746,1.299,1.915
2/17/2009,0.235,0.392,0.729,1.288,1.919
2/18/2009,0.237,0.378,0.715,1.261,1.899
2/19/2009,0.239,0.385,0.709,1.268,1.91
2/20/2009,0.242,0.386,0.715,1.284,1.929
2/23/2009,0.249,0.393,0.72,1.28,1.919
2/24/2009,0.252,0.407,0.724,1.274,1.927
2/25/2009,0.261,0.419,0.745,1.309,1.954
2/26/2009,0.269,0.4,0.705,1.284,1.974
2/27/2009,0.269,0.405,0.705,1.28,1.964
3/2/2009,0.265,0.406,0.725,1.305,1.984
3/3/2009,0.26,0.404,0.735,1.295,1.984
3/4/2009,0.264,0.405,0.74,1.306,1.964
3/5/2009,0.255,0.411,0.75,1.319,1.965
3/6/2009,0.226,0.406,0.739,1.3,1.961
3/9/2009,0.229,0.408,0.734,1.304,1.996
3/10/2009,0.236,0.421,0.755,1.309,1.984
3/11/2009,0.245,0.417,0.76,1.321,1.986
3/12/2009,0.245,0.42,0.744,1.318,1.979
3/13/2009,0.245,0.42,0.77,1.324,1.979
3/16/2009,0.247,0.415,0.76,1.305,1.979
3/17/2009,0.254,0.415,0.78,1.31,2.009
3/18/2009,0.26,0.414,0.765,1.309,2.035
3/19/2009,0.26,0.402,0.721,1.268,2.02
3/23/2009,0.26,0.405,0.72,1.271,2.019
3/24/2009,0.26,0.408,0.729,1.269,2.005
3/25/2009,0.266,0.41,0.751,1.294,2.019
3/26/2009,0.254,0.422,0.776,1.324,2.054
3/27/2009,0.25,0.424,0.79,1.334,2.029
3/30/2009,0.246,0.422,0.784,1.339,2.026
3/31/2009,0.236,0.42,0.79,1.353,2.04
4/1/2009,0.232,0.412,0.777,1.35,2.039
4/2/2009,0.232,0.41,0.8,1.378,2.055
4/3/2009,0.222,0.406,0.825,1.425,2.099
4/6/2009,0.216,0.423,0.86,1.465,2.164
4/7/2009,0.215,0.429,0.859,1.439,2.13
4/8/2009,0.215,0.44,0.875,1.464,2.153
4/9/2009,0.216,0.468,0.904,1.484,2.178
4/10/2009,0.205,0.465,0.875,1.46,2.204
4/13/2009,0.2,0.46,0.861,1.461,2.227
4/14/2009,0.2,0.455,0.87,1.468,2.224
4/15/2009,0.203,0.433,0.835,1.44,2.2
4/16/2009,0.215,0.425,0.854,1.46,2.22
4/17/2009,0.203,0.408,0.846,1.454,2.214
4/20/2009,0.2,0.41,0.86,1.478,2.243
4/21/2009,0.2,0.412,0.84,1.463,2.239
4/22/2009,0.2,0.41,0.823,1.442,2.204
4/23/2009,0.198,0.406,0.824,1.435,2.224
4/24/2009,0.195,0.426,0.84,1.434,2.221
4/27/2009,0.199,0.421,0.865,1.463,2.206
4/28/2009,0.199,0.404,0.815,1.419,2.145
4/30/2009,0.196,0.392,0.823,1.432,2.134
5/1/2009,0.195,0.385,0.804,1.406,2.109
5/7/2009,0.195,0.405,0.826,1.422,2.145
5/8/2009,0.195,0.407,0.852,1.455,2.18
5/11/2009,0.205,0.406,0.849,1.464,2.2
5/12/2009,0.209,0.396,0.85,1.455,2.22
5/13/2009,0.209,0.386,0.854,1.458,2.233
5/14/2009,0.205,0.379,0.83,1.435,2.199
5/15/2009,0.204,0.376,0.814,1.432,2.198
5/18/2009,0.205,0.375,0.799,1.411,2.159
5/19/2009,0.205,0.384,0.812,1.427,2.196
5/20/2009,0.197,0.378,0.806,1.429,2.206
5/21/2009,0.191,0.367,0.805,1.435,2.224
5/22/2009,0.19,0.357,0.801,1.438,2.225
5/25/2009,0.19,0.364,0.815,1.455,2.229
5/26/2009,0.19,0.365,0.814,1.448,2.21
5/27/2009,0.185,0.365,0.836,1.478,2.215
5/28/2009,0.181,0.348,0.822,1.488,2.23
5/29/2009,0.175,0.359,0.82,1.49,2.255
6/1/2009,0.175,0.361,0.819,1.491,2.275
6/2/2009,0.18,0.369,0.836,1.524,2.31
6/3/2009,0.179,0.368,0.826,1.554,2.315
6/4/2009,0.18,0.359,0.796,1.514,2.29
6/5/2009,0.174,0.351,0.801,1.503,2.27
6/8/2009,0.175,0.381,0.845,1.521,2.28
6/9/2009,0.175,0.389,0.854,1.534,2.285
6/10/2009,0.175,0.384,0.856,1.547,2.295
6/11/2009,0.175,0.382,0.855,1.563,2.316
6/12/2009,0.175,0.381,0.87,1.521,2.295
6/15/2009,0.175,0.381,0.859,1.513,2.315
6/16/2009,0.175,0.377,0.832,1.473,2.28
6/17/2009,0.171,0.379,0.83,1.47,2.265
6/18/2009,0.165,0.375,0.815,1.461,2.25
6/19/2009,0.165,0.362,0.793,1.452,2.245
6/22/2009,0.165,0.36,0.784,1.464,2.285
6/23/2009,0.165,0.352,0.76,1.416,2.251
6/24/2009,0.16,0.337,0.735,1.389,2.216
6/25/2009,0.155,0.318,0.731,1.391,2.235
6/26/2009,0.154,0.32,0.73,1.404,2.235
6/29/2009,0.155,0.312,0.715,1.394,2.216
6/30/2009,0.15,0.32,0.725,1.359,2.185
7/1/2009,0.145,0.301,0.71,1.35,2.16
7/2/2009,0.15,0.284,0.7,1.358,2.195
7/3/2009,0.145,0.265,0.68,1.33,2.175
7/6/2009,0.14,0.264,0.675,1.311,2.16
7/7/2009,0.14,0.268,0.69,1.315,2.135
7/8/2009,0.148,0.264,0.678,1.295,2.12
7/9/2009,0.15,0.25,0.674,1.301,2.135
7/10/2009,0.15,0.248,0.67,1.305,2.153
7/13/2009,0.15,0.252,0.67,1.309,2.149
7/14/2009,0.154,0.259,0.689,1.344,2.183
7/15/2009,0.155,0.267,0.68,1.339,2.19
7/16/2009,0.155,0.27,0.68,1.344,2.209
7/17/2009,0.158,0.269,0.675,1.325,2.184
7/21/2009,0.16,0.279,0.7,1.37,2.235
7/22/2009,0.16,0.285,0.715,1.391,2.256
7/23/2009,0.155,0.284,0.701,1.391,2.295
7/24/2009,0.155,0.276,0.685,1.383,2.32
7/27/2009,0.155,0.271,0.68,1.397,2.32
7/28/2009,0.155,0.27,0.679,1.396,2.305
7/29/2009,0.155,0.274,0.686,1.382,2.279
7/30/2009,0.155,0.275,0.692,1.396,2.31
7/31/2009,0.155,0.285,0.714,1.419,2.335
8/3/2009,0.155,0.286,0.73,1.445,2.335
8/4/2009,0.155,0.281,0.725,1.459,2.354
8/5/2009,0.15,0.275,0.716,1.44,2.33
8/6/2009,0.145,0.275,0.725,1.445,2.32
8/7/2009,0.141,0.273,0.724,1.44,2.33
8/10/2009,0.14,0.28,0.749,1.464,2.369
8/11/2009,0.14,0.28,0.75,1.455,2.37
8/12/2009,0.14,0.275,0.729,1.425,2.345
8/13/2009,0.14,0.275,0.725,1.416,2.315
8/14/2009,0.14,0.27,0.702,1.385,2.29
8/17/2009,0.14,0.266,0.679,1.35,2.26
8/18/2009,0.14,0.266,0.665,1.35,2.27
8/19/2009,0.14,0.261,0.655,1.349,2.29
8/20/2009,0.14,0.253,0.66,1.35,2.303
8/21/2009,0.14,0.251,0.636,1.315,2.271
8/24/2009,0.14,0.25,0.645,1.33,2.29
8/25/2009,0.14,0.247,0.636,1.33,2.275
8/26/2009,0.14,0.245,0.63,1.316,2.251
8/27/2009,0.145,0.245,0.625,1.305,2.23
8/28/2009,0.145,0.254,0.621,1.315,2.23
8/31/2009,0.145,0.254,0.614,1.31,2.234
9/1/2009,0.145,0.253,0.609,1.295,2.235
9/2/2009,0.145,0.249,0.592,1.318,2.22
9/3/2009,0.145,0.246,0.599,1.31,2.19
9/4/2009,0.145,0.244,0.611,1.331,2.19
9/7/2009,0.145,0.245,0.636,1.364,2.235
9/8/2009,0.145,0.245,0.606,1.335,2.22
9/9/2009,0.145,0.232,0.617,1.333,2.221
9/10/2009,0.145,0.221,0.605,1.33,2.225
9/11/2009,0.145,0.215,0.585,1.31,2.199
9/14/2009,0.145,0.215,0.57,1.3,2.184
9/15/2009,0.145,0.215,0.59,1.321,2.2
9/16/2009,0.147,0.215,0.591,1.329,2.215
9/17/2009,0.15,0.22,0.615,1.348,2.22
9/18/2009,0.15,0.229,0.629,1.348,2.204
9/24/2009,0.15,0.226,0.606,1.328,2.18
9/25/2009,0.15,0.22,0.59,1.318,2.17
9/28/2009,0.146,0.228,0.585,1.29,2.145
9/29/2009,0.145,0.23,0.586,1.29,2.168
9/30/2009,0.146,0.25,0.601,1.301,2.199
10/1/2009,0.145,0.246,0.594,1.3,2.21
10/2/2009,0.145,0.24,0.564,1.26,2.179
10/5/2009,0.145,0.24,0.574,1.269,2.18
10/6/2009,0.148,0.24,0.565,1.25,2.163
10/7/2009,0.15,0.245,0.584,1.27,2.169
10/8/2009,0.145,0.254,0.594,1.27,2.145
10/9/2009,0.145,0.26,0.615,1.29,2.175
10/13/2009,0.145,0.26,0.615,1.305,2.19
10/14/2009,0.149,0.251,0.605,1.305,2.2
10/15/2009,0.15,0.254,0.62,1.32,2.226
10/16/2009,0.15,0.251,0.626,1.335,2.265
10/19/2009,0.15,0.254,0.63,1.345,2.249
10/20/2009,0.15,0.259,0.64,1.359,2.285
10/21/2009,0.15,0.26,0.631,1.356,2.295
10/22/2009,0.15,0.268,0.65,1.371,2.31
10/23/2009,0.15,0.278,0.664,1.369,2.275
10/26/2009,0.15,0.289,0.699,1.404,2.305
10/27/2009,0.15,0.286,0.705,1.41,2.295
10/28/2009,0.15,0.276,0.709,1.43,2.301
10/29/2009,0.155,0.266,0.679,1.414,2.295
10/30/2009,0.155,0.264,0.679,1.415,2.28
11/2/2009,0.155,0.259,0.655,1.385,2.23
11/4/2009,0.155,0.277,0.683,1.41,2.24
11/5/2009,0.16,0.284,0.705,1.45,2.265
11/6/2009,0.16,0.276,0.709,1.454,2.27
11/9/2009,0.16,0.276,0.723,1.478,2.29
11/10/2009,0.16,0.27,0.714,1.475,2.305
11/11/2009,0.155,0.265,0.695,1.436,2.264
11/12/2009,0.151,0.264,0.656,1.38,2.261
11/13/2009,0.15,0.257,0.628,1.345,2.246
11/16/2009,0.15,0.252,0.621,1.34,2.24
11/17/2009,0.15,0.246,0.592,1.311,2.215
11/18/2009,0.15,0.242,0.589,1.305,2.22
11/19/2009,0.155,0.24,0.594,1.306,2.2
11/20/2009,0.155,0.249,0.599,1.313,2.195
11/24/2009,0.155,0.255,0.598,1.3,2.189
11/25/2009,0.155,0.247,0.595,1.305,2.203
11/26/2009,0.155,0.249,0.58,1.29,2.183
11/27/2009,0.155,0.235,0.544,1.256,2.155
11/30/2009,0.155,0.234,0.545,1.266,2.165
12/1/2009,0.125,0.179,0.466,1.202,2.11
12/2/2009,0.12,0.183,0.484,1.255,2.105
12/3/2009,0.12,0.179,0.485,1.271,2.145
12/4/2009,0.121,0.182,0.495,1.295,2.195
12/7/2009,0.124,0.183,0.505,1.291,2.205
12/8/2009,0.125,0.191,0.499,1.275,2.218
12/9/2009,0.125,0.189,0.479,1.245,2.2
12/10/2009,0.125,0.184,0.484,1.251,2.201
12/11/2009,0.125,0.181,0.494,1.288,2.25
12/14/2009,0.125,0.175,0.515,1.308,2.255
12/15/2009,0.125,0.175,0.504,1.289,2.27
12/16/2009,0.125,0.174,0.485,1.265,2.3
12/17/2009,0.125,0.174,0.499,1.255,2.275
12/18/2009,0.121,0.169,0.464,1.236,2.245
12/21/2009,0.12,0.168,0.44,1.226,2.231
12/22/2009,0.119,0.171,0.463,1.259,2.274
12/24/2009,0.125,0.171,0.47,1.27,2.279
12/25/2009,0.125,0.17,0.478,1.28,2.278
12/28/2009,0.125,0.171,0.494,1.31,2.304
12/29/2009,0.125,0.161,0.484,1.305,2.296
12/30/2009,0.125,0.151,0.473,1.295,2.275
1/4/2010,0.125,0.16,0.499,1.329,2.29
1/5/2010,0.125,0.16,0.494,1.335,2.299
1/6/2010,0.125,0.165,0.505,1.341,2.305
1/7/2010,0.125,0.165,0.51,1.35,2.324
1/8/2010,0.125,0.175,0.525,1.365,2.325
1/12/2010,0.125,0.175,0.519,1.36,2.319
1/13/2010,0.12,0.169,0.51,1.336,2.308
1/14/2010,0.12,0.167,0.526,1.341,2.29
1/15/2010,0.12,0.165,0.524,1.33,2.285
1/18/2010,0.12,0.165,0.524,1.325,2.29
1/19/2010,0.12,0.165,0.519,1.335,2.308
1/20/2010,0.118,0.165,0.519,1.339,2.314
1/21/2010,0.118,0.165,0.53,1.349,2.316
1/22/2010,0.115,0.165,0.518,1.33,2.304
1/25/2010,0.115,0.165,0.524,1.345,2.31
1/26/2010,0.115,0.165,0.506,1.325,2.29
1/27/2010,0.115,0.164,0.494,1.315,2.288
1/28/2010,0.115,0.16,0.5,1.319,2.285
1/29/2010,0.115,0.164,0.5,1.325,2.295
2/1/2010,0.115,0.165,0.51,1.34,2.305
2/2/2010,0.115,0.164,0.529,1.355,2.325
2/3/2010,0.115,0.165,0.535,1.364,2.335
2/4/2010,0.115,0.166,0.55,1.385,2.338
2/5/2010,0.115,0.165,0.535,1.374,2.33
2/8/2010,0.115,0.163,0.524,1.365,2.325
2/9/2010,0.115,0.165,0.52,1.346,2.321
2/10/2010,0.12,0.165,0.515,1.335,2.331
2/12/2010,0.12,0.165,0.525,1.335,2.326
2/15/2010,0.12,0.165,0.519,1.33,2.34
2/16/2010,0.12,0.165,0.51,1.33,2.353
2/17/2010,0.12,0.161,0.51,1.331,2.35
2/18/2010,0.12,0.16,0.506,1.325,2.345
2/19/2010,0.12,0.16,0.515,1.34,2.355
2/22/2010,0.12,0.16,0.53,1.351,2.355
2/23/2010,0.12,0.16,0.525,1.34,2.34
2/24/2010,0.12,0.16,0.515,1.329,2.34
2/25/2010,0.125,0.16,0.5,1.305,2.324
2/26/2010,0.125,0.165,0.505,1.305,2.31
3/1/2010,0.125,0.165,0.51,1.315,2.315
3/2/2010,0.121,0.165,0.504,1.304,2.319
3/3/2010,0.12,0.165,0.505,1.34,2.324
3/4/2010,0.12,0.156,0.489,1.335,2.334
3/5/2010,0.115,0.151,0.474,1.315,2.329
3/8/2010,0.115,0.15,0.479,1.325,2.335
3/9/2010,0.115,0.15,0.474,1.313,2.315
3/10/2010,0.115,0.15,0.478,1.31,2.29
3/11/2010,0.12,0.15,0.484,1.325,2.295
3/12/2010,0.12,0.15,0.525,1.349,2.29
3/15/2010,0.12,0.15,0.52,1.349,2.297
3/16/2010,0.12,0.15,0.51,1.35,2.312
3/17/2010,0.12,0.15,0.515,1.355,2.315
3/18/2010,0.12,0.15,0.533,1.374,2.312
3/19/2010,0.12,0.15,0.53,1.37,2.3
3/23/2010,0.12,0.15,0.514,1.355,2.28
3/24/2010,0.12,0.15,0.51,1.346,2.265
3/25/2010,0.12,0.156,0.534,1.369,2.269
3/26/2010,0.12,0.168,0.553,1.385,2.271
3/29/2010,0.119,0.175,0.564,1.408,2.305
3/30/2010,0.119,0.175,0.554,1.4,2.315
3/31/2010,0.119,0.181,0.559,1.4,2.3
4/1/2010,0.119,0.176,0.533,1.364,2.27
4/2/2010,0.119,0.175,0.535,1.364,2.235
4/5/2010,0.12,0.175,0.549,1.39,2.234
4/6/2010,0.12,0.171,0.554,1.405,2.254
4/7/2010,0.12,0.168,0.56,1.406,2.26
4/8/2010,0.12,0.166,0.554,1.39,2.22
4/9/2010,0.12,0.165,0.551,1.39,2.225
4/12/2010,0.12,0.165,0.56,1.405,2.235
4/13/2010,0.12,0.165,0.54,1.385,2.231
4/14/2010,0.12,0.165,0.539,1.375,2.236
4/15/2010,0.12,0.17,0.535,1.37,2.236
4/16/2010,0.12,0.17,0.52,1.35,2.226
4/19/2010,0.119,0.166,0.496,1.321,2.212
4/20/2010,0.119,0.165,0.5,1.33,2.216
4/21/2010,0.119,0.165,0.505,1.34,2.22
4/22/2010,0.12,0.165,0.49,1.321,2.201
4/23/2010,0.12,0.165,0.486,1.32,2.185
4/26/2010,0.12,0.169,0.5,1.33,2.18
4/27/2010,0.12,0.169,0.495,1.315,2.161
4/28/2010,0.119,0.172,0.469,1.292,2.15
4/30/2010,0.119,0.17,0.47,1.29,2.13
5/6/2010,0.119,0.17,0.465,1.279,2.115
5/7/2010,0.115,0.17,0.465,1.284,2.14
5/10/2010,0.115,0.17,0.488,1.314,2.155
5/11/2010,0.115,0.17,0.479,1.32,2.17
5/12/2010,0.115,0.167,0.466,1.307,2.162
5/13/2010,0.115,0.165,0.472,1.316,2.171
5/14/2010,0.115,0.165,0.464,1.305,2.18
5/17/2010,0.115,0.165,0.455,1.29,2.18
5/18/2010,0.115,0.169,0.465,1.305,2.195
5/19/2010,0.114,0.17,0.453,1.295,2.2
5/20/2010,0.11,0.164,0.434,1.265,2.145
5/21/2010,0.11,0.164,0.425,1.245,2.095
5/24/2010,0.11,0.168,0.44,1.259,2.105
5/25/2010,0.11,0.165,0.423,1.221,2.083
5/26/2010,0.11,0.165,0.424,1.215,2.039
5/27/2010,0.115,0.166,0.445,1.255,2.078
5/28/2010,0.115,0.165,0.44,1.259,2.074
5/31/2010,0.115,0.17,0.438,1.265,2.09
6/1/2010,0.115,0.166,0.433,1.254,2.1
6/2/2010,0.115,0.165,0.42,1.275,2.091
6/3/2010,0.115,0.161,0.415,1.285,2.08
6/4/2010,0.115,0.156,0.394,1.275,2.095
6/7/2010,0.115,0.155,0.378,1.231,2.055
6/8/2010,0.115,0.155,0.39,1.239,2.07
6/9/2010,0.115,0.155,0.379,1.21,2.05
6/10/2010,0.115,0.155,0.385,1.211,2.045
6/11/2010,0.115,0.16,0.429,1.237,2.055
6/14/2010,0.115,0.16,0.425,1.239,2.045
6/15/2010,0.115,0.16,0.419,1.235,2.055
6/16/2010,0.115,0.16,0.42,1.245,2.065
6/17/2010,0.115,0.16,0.413,1.23,2.07
6/18/2010,0.115,0.159,0.405,1.206,2.054
6/21/2010,0.115,0.16,0.409,1.223,2.071
6/22/2010,0.115,0.156,0.394,1.195,2.036
6/23/2010,0.115,0.155,0.394,1.175,2.007
6/24/2010,0.115,0.155,0.39,1.148,1.956
6/25/2010,0.115,0.16,0.389,1.15,1.947
6/28/2010,0.115,0.16,0.385,1.159,1.961
6/29/2010,0.115,0.155,0.363,1.118,1.926
6/30/2010,0.119,0.155,0.354,1.091,1.881
7/1/2010,0.115,0.152,0.333,1.069,1.835
7/2/2010,0.115,0.15,0.339,1.103,1.835
7/5/2010,0.115,0.15,0.344,1.115,1.855
7/6/2010,0.115,0.15,0.35,1.135,1.885
7/7/2010,0.115,0.15,0.354,1.147,1.919
7/8/2010,0.115,0.15,0.364,1.149,1.944
7/9/2010,0.115,0.15,0.38,1.164,1.971
7/12/2010,0.115,0.151,0.369,1.13,1.914
7/13/2010,0.115,0.151,0.375,1.135,1.911
7/14/2010,0.115,0.15,0.384,1.149,1.92
7/15/2010,0.115,0.149,0.354,1.09,1.859
7/16/2010,0.115,0.149,0.355,1.095,1.86
7/20/2010,0.115,0.149,0.353,1.1,1.87
7/21/2010,0.114,0.15,0.349,1.095,1.879
7/22/2010,0.115,0.15,0.34,1.065,1.844
7/23/2010,0.115,0.15,0.359,1.075,1.834
7/26/2010,0.115,0.15,0.359,1.071,1.81
7/27/2010,0.115,0.15,0.355,1.06,1.786
7/28/2010,0.115,0.155,0.368,1.095,1.814
7/29/2010,0.115,0.155,0.36,1.086,1.799
7/30/2010,0.115,0.155,0.358,1.074,1.784
8/2/2010,0.115,0.155,0.355,1.055,1.743
8/3/2010,0.115,0.155,0.364,1.044,1.724
8/4/2010,0.115,0.15,0.345,1.005,1.674
8/5/2010,0.115,0.15,0.351,1.04,1.71
8/6/2010,0.115,0.15,0.355,1.064,1.739
8/9/2010,0.115,0.147,0.345,1.025,1.679
8/10/2010,0.115,0.145,0.359,1.04,1.695
8/11/2010,0.115,0.145,0.34,1.019,1.653
8/12/2010,0.115,0.144,0.304,1.009,1.634
8/13/2010,0.115,0.141,0.291,0.99,1.644
8/16/2010,0.115,0.14,0.28,0.955,1.629
8/17/2010,0.115,0.136,0.28,0.946,1.59
8/18/2010,0.11,0.129,0.27,0.924,1.59
8/19/2010,0.109,0.124,0.273,0.94,1.599
8/20/2010,0.109,0.12,0.265,0.935,1.595
8/23/2010,0.109,0.12,0.265,0.945,1.609
8/24/2010,0.109,0.125,0.265,0.929,1.58
8/25/2010,0.109,0.128,0.259,0.911,1.545
8/26/2010,0.105,0.129,0.264,0.945,1.594
8/27/2010,0.105,0.135,0.289,1.009,1.729
8/30/2010,0.105,0.135,0.293,1.029,1.765
8/31/2010,0.105,0.126,0.261,0.971,1.695
9/1/2010,0.105,0.126,0.284,1.03,1.789
9/2/2010,0.11,0.13,0.309,1.119,1.87
9/3/2010,0.11,0.135,0.32,1.147,1.929
9/6/2010,0.11,0.155,0.376,1.199,1.969
9/7/2010,0.11,0.146,0.347,1.15,1.928
9/8/2010,0.11,0.14,0.31,1.135,1.961
9/9/2010,0.11,0.14,0.313,1.13,2.028
9/10/2010,0.11,0.151,0.353,1.161,2.03
9/13/2010,0.11,0.15,0.389,1.155,2.041
9/14/2010,0.11,0.15,0.376,1.136,2.025
9/15/2010,0.11,0.14,0.315,1.051,1.883
9/16/2010,0.11,0.136,0.306,1.05,1.925
9/17/2010,0.11,0.135,0.309,1.076,1.978
9/21/2010,0.11,0.135,0.3,1.056,1.93
9/22/2010,0.11,0.135,0.293,1.033,1.9
9/24/2010,0.11,0.14,0.294,1.007,1.86
9/27/2010,0.11,0.144,0.299,1.004,1.874
9/28/2010,0.11,0.14,0.28,0.97,1.834
9/29/2010,0.11,0.143,0.273,0.93,1.789
9/30/2010,0.11,0.141,0.268,0.94,1.818
10/1/2010,0.11,0.135,0.26,0.965,1.844
10/4/2010,0.11,0.135,0.254,0.947,1.815
10/5/2010,0.104,0.123,0.228,0.918,1.83
10/6/2010,0.105,0.12,0.209,0.845,1.804
10/7/2010,0.105,0.125,0.235,0.869,1.836
10/8/2010,0.105,0.125,0.233,0.873,1.905
10/12/2010,0.105,0.13,0.238,0.86,1.889
10/13/2010,0.105,0.13,0.249,0.884,1.945
10/14/2010,0.105,0.13,0.249,0.885,1.971
10/15/2010,0.105,0.134,0.263,0.885,1.962
10/18/2010,0.105,0.135,0.265,0.88,1.957
10/19/2010,0.105,0.14,0.279,0.89,1.966
10/20/2010,0.105,0.14,0.284,0.9,1.971
10/21/2010,0.109,0.14,0.287,0.891,1.966
10/22/2010,0.109,0.144,0.295,0.896,1.951
10/25/2010,0.109,0.145,0.299,0.903,1.935
10/26/2010,0.109,0.145,0.295,0.91,1.929
10/27/2010,0.109,0.145,0.305,0.955,1.985
10/28/2010,0.11,0.14,0.284,0.915,1.966
10/29/2010,0.11,0.145,0.304,0.939,1.985
11/1/2010,0.11,0.145,0.306,0.955,1.976
11/2/2010,0.11,0.145,0.31,0.949,1.955
11/4/2010,0.11,0.141,0.3,0.925,1.96
11/5/2010,0.11,0.144,0.315,0.936,2
11/8/2010,0.11,0.145,0.331,0.964,2.015
11/9/2010,0.11,0.145,0.344,0.98,2.005
11/10/2010,0.11,0.145,0.36,1,2.005
11/11/2010,0.11,0.149,0.356,1.01,2.035
11/12/2010,0.11,0.154,0.351,1.003,2.045
11/15/2010,0.115,0.16,0.386,1.055,2.096
11/16/2010,0.115,0.155,0.358,1.036,2.06
11/17/2010,0.115,0.16,0.386,1.065,2.07
11/18/2010,0.115,0.166,0.417,1.115,2.131
11/19/2010,0.115,0.165,0.386,1.071,2.086
11/22/2010,0.115,0.169,0.421,1.134,2.122
11/24/2010,0.115,0.17,0.406,1.134,2.102
11/25/2010,0.12,0.175,0.425,1.16,2.09
11/26/2010,0.12,0.204,0.469,1.195,2.09
11/29/2010,0.12,0.21,0.469,1.183,2.09
11/30/2010,0.12,0.2,0.45,1.194,2.109
12/1/2010,0.12,0.191,0.406,1.154,2.09
12/2/2010,0.12,0.193,0.43,1.21,2.116
12/3/2010,0.12,0.194,0.444,1.215,2.155
12/6/2010,0.12,0.187,0.405,1.165,2.14
12/7/2010,0.12,0.189,0.423,1.178,2.2
12/8/2010,0.12,0.21,0.524,1.25,2.235
12/9/2010,0.125,0.226,0.552,1.267,2.264
12/10/2010,0.125,0.227,0.528,1.205,2.216
12/13/2010,0.125,0.238,0.588,1.256,2.235
12/14/2010,0.129,0.236,0.549,1.255,2.196
12/15/2010,0.13,0.235,0.541,1.265,2.18
12/16/2010,0.125,0.225,0.544,1.279,2.193
12/17/2010,0.12,0.207,0.481,1.201,2.12
12/20/2010,0.12,0.205,0.479,1.19,2.115
12/21/2010,0.13,0.214,0.5,1.183,2.115
12/22/2010,0.13,0.22,0.485,1.149,2.065
12/24/2010,0.129,0.231,0.492,1.161,2.066
12/27/2010,0.129,0.216,0.475,1.17,2.094
12/28/2010,0.124,0.21,0.45,1.141,2.055
12/29/2010,0.124,0.206,0.456,1.169,2.055
12/30/2010,0.124,0.183,0.409,1.128,2
1/4/2011,0.124,0.185,0.43,1.17,2.046
1/5/2011,0.119,0.179,0.425,1.164,2.07
1/6/2011,0.109,0.19,0.484,1.221,2.115
1/7/2011,0.11,0.182,0.473,1.205,2.099
1/11/2011,0.109,0.175,0.453,1.195,2.115
1/12/2011,0.108,0.18,0.459,1.18,2.14
1/13/2011,0.109,0.185,0.484,1.195,2.14
1/14/2011,0.109,0.19,0.494,1.205,2.166
1/17/2011,0.109,0.19,0.509,1.21,2.19
1/18/2011,0.109,0.2,0.506,1.23,2.2
1/19/2011,0.109,0.201,0.541,1.269,2.235
1/20/2011,0.108,0.191,0.496,1.214,2.164
1/21/2011,0.109,0.19,0.494,1.218,2.156
1/24/2011,0.109,0.2,0.505,1.239,2.166
1/25/2011,0.109,0.205,0.529,1.259,2.161
1/26/2011,0.11,0.203,0.514,1.24,2.121
1/27/2011,0.11,0.2,0.501,1.235,2.131
1/28/2011,0.11,0.205,0.489,1.224,2.141
1/31/2011,0.11,0.205,0.495,1.219,2.161
2/1/2011,0.11,0.206,0.51,1.236,2.175
2/2/2011,0.11,0.205,0.51,1.231,2.166
2/3/2011,0.11,0.21,0.535,1.246,2.146
2/4/2011,0.11,0.215,0.56,1.29,2.184
2/7/2011,0.11,0.225,0.565,1.295,2.173
2/8/2011,0.11,0.23,0.59,1.324,2.21
2/9/2011,0.114,0.245,0.619,1.339,2.199
2/10/2011,0.115,0.245,0.599,1.314,2.18
2/14/2011,0.115,0.241,0.595,1.314,2.205
2/15/2011,0.115,0.24,0.585,1.309,2.196
2/16/2011,0.115,0.254,0.628,1.355,2.219
2/17/2011,0.115,0.245,0.61,1.345,2.209
2/18/2011,0.115,0.236,0.588,1.309,2.201
2/21/2011,0.115,0.24,0.6,1.318,2.205
2/22/2011,0.115,0.23,0.565,1.284,2.216
2/23/2011,0.115,0.23,0.54,1.255,2.178
2/24/2011,0.115,0.234,0.534,1.235,2.151
2/25/2011,0.115,0.251,0.555,1.253,2.15
2/28/2011,0.115,0.25,0.555,1.264,2.155
3/1/2011,0.115,0.251,0.561,1.285,2.19
3/2/2011,0.115,0.241,0.534,1.275,2.175
3/3/2011,0.115,0.241,0.54,1.299,2.219
3/4/2011,0.115,0.241,0.554,1.305,2.216
3/7/2011,0.115,0.232,0.535,1.283,2.224
3/8/2011,0.115,0.23,0.55,1.3,2.228
3/9/2011,0.115,0.235,0.57,1.305,2.181
3/10/2011,0.115,0.232,0.574,1.31,2.184
3/11/2011,0.114,0.223,0.558,1.255,2.15
3/14/2011,0.113,0.187,0.486,1.213,2.169
3/15/2011,0.115,0.225,0.506,1.221,2.225
3/16/2011,0.119,0.236,0.52,1.229,2.221
3/17/2011,0.127,0.232,0.51,1.211,2.187
3/18/2011,0.119,0.22,0.49,1.215,2.178
3/22/2011,0.12,0.22,0.51,1.255,2.205
3/23/2011,0.115,0.221,0.495,1.225,2.176
3/24/2011,0.114,0.211,0.485,1.214,2.155
3/25/2011,0.11,0.206,0.475,1.225,2.159
3/28/2011,0.11,0.205,0.485,1.246,2.179
3/29/2011,0.11,0.205,0.484,1.235,2.191
3/30/2011,0.11,0.201,0.496,1.25,2.19
3/31/2011,0.11,0.21,0.5,1.26,2.185
4/1/2011,0.11,0.217,0.514,1.285,2.184
4/4/2011,0.11,0.215,0.511,1.301,2.21
4/5/2011,0.11,0.215,0.516,1.28,2.22
4/6/2011,0.11,0.215,0.532,1.301,2.23
4/7/2011,0.11,0.211,0.549,1.316,2.261
4/8/2011,0.11,0.21,0.556,1.325,2.269
4/11/2011,0.11,0.21,0.551,1.329,2.27
4/12/2011,0.11,0.206,0.56,1.338,2.265
4/13/2011,0.11,0.206,0.554,1.324,2.245
4/14/2011,0.11,0.21,0.534,1.298,2.235
4/15/2011,0.11,0.21,0.536,1.291,2.225
4/18/2011,0.11,0.209,0.525,1.26,2.21
4/19/2011,0.11,0.205,0.506,1.245,2.185
4/20/2011,0.11,0.205,0.505,1.235,2.171
4/21/2011,0.11,0.205,0.505,1.235,2.15
4/22/2011,0.11,0.206,0.495,1.22,2.121
4/25/2011,0.11,0.214,0.505,1.234,2.14
4/26/2011,0.11,0.205,0.491,1.224,2.14
4/27/2011,0.11,0.21,0.485,1.22,2.145
4/28/2011,0.11,0.203,0.475,1.21,2.14
5/2/2011,0.11,0.201,0.466,1.21,2.145
5/6/2011,0.11,0.19,0.425,1.146,2.081
5/9/2011,0.11,0.194,0.434,1.15,2.067
5/10/2011,0.11,0.195,0.43,1.141,2.055
5/11/2011,0.105,0.192,0.426,1.132,2.03
5/12/2011,0.105,0.186,0.43,1.125,2.016
5/13/2011,0.105,0.185,0.426,1.126,2.014
5/16/2011,0.105,0.185,0.44,1.14,2.03
5/17/2011,0.105,0.185,0.446,1.16,2.07
5/18/2011,0.105,0.185,0.445,1.16,2.079
5/19/2011,0.105,0.18,0.455,1.155,2.075
5/20/2011,0.105,0.18,0.44,1.13,2.035
5/23/2011,0.105,0.175,0.425,1.135,2.055
5/24/2011,0.105,0.175,0.425,1.135,2.055
5/25/2011,0.105,0.18,0.42,1.125,2.04
5/26/2011,0.105,0.18,0.44,1.15,2.04
5/27/2011,0.105,0.18,0.415,1.13,2.015
5/30/2011,0.105,0.175,0.41,1.13,2.015
5/31/2011,0.105,0.184,0.43,1.165,2.065
6/1/2011,0.105,0.18,0.44,1.155,2.055
6/2/2011,0.105,0.165,0.4,1.115,2.03
6/3/2011,0.105,0.16,0.405,1.14,2.03
6/6/2011,0.105,0.175,0.42,1.155,2.045
6/7/2011,0.105,0.17,0.435,1.165,2.06
6/8/2011,0.105,0.175,0.425,1.16,2.045
6/9/2011,0.105,0.17,0.405,1.135,2.035
6/10/2011,0.105,0.165,0.425,1.14,2.06
6/13/2011,0.105,0.165,0.425,1.145,2.09
6/14/2011,0.105,0.17,0.435,1.155,2.075
6/15/2011,0.105,0.18,0.45,1.165,2.065
6/16/2011,0.101,0.18,0.425,1.12,2.035
6/17/2011,0.1,0.175,0.41,1.12,2.04
6/20/2011,0.1,0.17,0.405,1.125,2.045
6/21/2011,0.1,0.165,0.42,1.13,2.03
6/22/2011,0.1,0.16,0.41,1.12,2.03
6/23/2011,0.09,0.155,0.4,1.115,2.03
6/24/2011,0.09,0.16,0.395,1.11,2.01
6/27/2011,0.09,0.165,0.385,1.1,2.015
6/28/2011,0.09,0.165,0.39,1.09,1.995
6/29/2011,0.09,0.17,0.41,1.125,2.015
6/30/2011,0.1,0.175,0.43,1.14,2.015
7/1/2011,0.1,0.165,0.43,1.14,2.02
7/4/2011,0.1,0.167,0.433,1.162,2.053
7/5/2011,0.1,0.168,0.438,1.172,2.081
7/6/2011,0.1,0.169,0.445,1.182,2.093
7/7/2011,0.1,0.167,0.445,1.178,2.104
7/8/2011,0.1,0.167,0.447,1.178,2.103
7/11/2011,0.1,0.157,0.424,1.145,2.076
7/12/2011,0.1,0.157,0.398,1.11,2.039
7/13/2011,0.1,0.163,0.406,1.113,2.025
7/14/2011,0.1,0.154,0.373,1.078,2.004
7/15/2011,0.1,0.151,0.378,1.092,2.015
7/19/2011,0.1,0.15,0.368,1.074,2.001
7/20/2011,0.1,0.156,0.377,1.085,2.01
7/21/2011,0.1,0.16,0.392,1.098,2.015
7/22/2011,0.1,0.16,0.393,1.104,2.015
7/25/2011,0.1,0.16,0.383,1.095,2.01
7/26/2011,0.1,0.164,0.383,1.098,2.015
7/27/2011,0.1,0.163,0.376,1.088,2.008
7/28/2011,0.1,0.155,0.368,1.078,2.007
7/29/2011,0.1,0.155,0.376,1.082,2.005
8/1/2011,0.1,0.16,0.374,1.079,2.001
8/2/2011,0.1,0.155,0.36,1.048,1.978
8/3/2011,0.1,0.15,0.349,1.018,1.921
8/4/2011,0.1,0.148,0.351,1.023,1.922
8/5/2011,0.1,0.142,0.338,1.007,1.903
8/8/2011,0.1,0.14,0.333,1.013,1.934
8/9/2011,0.1,0.144,0.352,1.052,1.991
8/10/2011,0.1,0.14,0.343,1.043,1.972
8/11/2011,0.1,0.144,0.352,1.042,1.978
8/12/2011,0.1,0.15,0.357,1.049,2.01
8/15/2011,0.1,0.15,0.35,1.045,2.003
8/16/2011,0.1,0.15,0.347,1.043,2.028
8/17/2011,0.1,0.153,0.34,1.026,1.998
8/18/2011,0.1,0.148,0.327,0.997,1.964
8/19/2011,0.1,0.141,0.309,0.99,1.961
8/22/2011,0.1,0.134,0.294,0.987,1.947
8/23/2011,0.1,0.135,0.314,1.014,1.981
8/24/2011,0.1,0.13,0.302,1.017,1.976
8/25/2011,0.1,0.138,0.33,1.042,2
8/26/2011,0.1,0.135,0.338,1.043,2.006
8/29/2011,0.1,0.131,0.321,1.02,1.999
8/30/2011,0.1,0.142,0.341,1.024,1.99
8/31/2011,0.1,0.14,0.344,1.034,2.001
9/1/2011,0.1,0.15,0.362,1.052,2.023
9/2/2011,0.1,0.145,0.353,1.031,2.017
9/5/2011,0.1,0.143,0.32,1.019,1.982
9/6/2011,0.1,0.141,0.311,0.987,1.947
9/7/2011,0.1,0.145,0.331,1.009,1.947
9/8/2011,0.1,0.144,0.344,1.018,1.996
9/9/2011,0.1,0.141,0.34,1.005,1.98
9/12/2011,0.1,0.141,0.347,1.003,1.973
9/13/2011,0.1,0.144,0.356,1.007,1.951
9/14/2011,0.1,0.136,0.347,0.997,1.942
9/15/2011,0.1,0.138,0.344,0.998,1.936
9/16/2011,0.1,0.14,0.352,1.013,1.935
9/20/2011,0.1,0.138,0.342,0.996,1.921
9/21/2011,0.1,0.132,0.347,0.992,1.91
9/22/2011,0.1,0.134,0.352,0.987,1.86
9/26/2011,0.1,0.129,0.346,0.981,1.863
9/27/2011,0.1,0.126,0.36,1.003,1.889
9/28/2011,0.1,0.127,0.36,1.004,1.918
9/29/2011,0.1,0.145,0.359,1,1.915
9/30/2011,0.1,0.147,0.373,1.032,1.928
10/3/2011,0.1,0.144,0.363,1.027,1.926
10/4/2011,0.1,0.142,0.347,0.992,1.915
10/5/2011,0.1,0.14,0.342,0.968,1.91
10/6/2011,0.1,0.145,0.344,0.978,1.92
10/7/2011,0.1,0.143,0.349,0.988,1.91
10/11/2011,0.1,0.14,0.355,0.999,1.906
10/12/2011,0.1,0.14,0.359,1.004,1.916
10/13/2011,0.1,0.142,0.373,1.023,1.945
10/14/2011,0.1,0.143,0.379,1.019,1.936
10/17/2011,0.1,0.145,0.384,1.028,1.953
10/18/2011,0.1,0.151,0.387,1.026,1.965
10/19/2011,0.1,0.145,0.381,1.022,1.974
10/20/2011,0.1,0.148,0.376,1.01,1.97
10/21/2011,0.1,0.15,0.375,1.01,1.98
10/24/2011,0.1,0.154,0.379,1.026,1.99
10/25/2011,0.1,0.151,0.374,1.023,1.971
10/26/2011,0.1,0.148,0.353,0.999,1.958
10/27/2011,0.1,0.143,0.363,1.012,1.958
10/28/2011,0.1,0.143,0.385,1.044,1.985
10/31/2011,0.1,0.152,0.386,1.047,1.993
11/1/2011,0.1,0.146,0.376,1.028,1.98
11/2/2011,0.1,0.142,0.357,0.998,1.946
11/4/2011,0.1,0.143,0.352,0.993,1.936
11/7/2011,0.1,0.137,0.347,0.996,1.959
11/8/2011,0.1,0.132,0.343,0.981,1.965
11/9/2011,0.1,0.133,0.348,0.982,1.969
11/10/2011,0.1,0.131,0.342,0.973,1.937
11/11/2011,0.1,0.131,0.345,0.971,1.915
11/14/2011,0.1,0.133,0.353,0.979,1.936
11/15/2011,0.1,0.126,0.344,0.973,1.929
11/16/2011,0.1,0.127,0.333,0.953,1.939
11/17/2011,0.1,0.124,0.331,0.962,1.957
11/18/2011,0.1,0.12,0.308,0.949,1.939
11/21/2011,0.1,0.124,0.314,0.96,1.932
11/22/2011,0.1,0.129,0.318,0.968,1.924
11/24/2011,0.1,0.134,0.325,0.979,1.919
11/25/2011,0.1,0.143,0.349,1.028,1.962
11/28/2011,0.1,0.145,0.383,1.058,2.005
11/29/2011,0.1,0.144,0.388,1.062,1.998
11/30/2011,0.1,0.141,0.378,1.072,1.992
12/1/2011,0.1,0.142,0.377,1.065,1.998
12/2/2011,0.1,0.137,0.357,1.07,1.973
12/5/2011,0.1,0.136,0.355,1.054,1.974
12/6/2011,0.1,0.132,0.351,1.045,1.96
12/7/2011,0.1,0.137,0.356,1.045,1.972
12/8/2011,0.1,0.134,0.357,1.043,1.958
12/9/2011,0.1,0.135,0.346,1.021,1.93
12/12/2011,0.1,0.14,0.356,1.024,1.943
12/13/2011,0.1,0.134,0.335,1.005,1.938
12/14/2011,0.1,0.133,0.331,1,1.921
12/15/2011,0.1,0.128,0.329,0.982,1.933
12/16/2011,0.1,0.135,0.351,0.986,1.935
12/19/2011,0.1,0.131,0.349,0.973,1.931
12/20/2011,0.1,0.134,0.351,0.979,1.916
12/21/2011,0.1,0.137,0.351,0.98,1.919
12/22/2011,0.1,0.135,0.35,0.978,1.933
12/26/2011,0.1,0.13,0.348,0.977,1.921
12/27/2011,0.1,0.13,0.344,0.984,1.915
12/28/2011,0.1,0.135,0.354,0.998,1.936
12/29/2011,0.1,0.138,0.354,1,1.94
12/30/2011,0.1,0.136,0.349,0.988,1.914
1/4/2012,0.1,0.136,0.35,0.991,1.928
1/5/2012,0.1,0.13,0.341,0.985,1.928
1/6/2012,0.1,0.134,0.338,0.981,1.93
1/10/2012,0.1,0.131,0.344,0.98,1.919
1/11/2012,0.1,0.132,0.339,0.969,1.92
1/12/2012,0.1,0.132,0.338,0.961,1.935
1/13/2012,0.1,0.133,0.337,0.947,1.926
1/16/2012,0.1,0.133,0.333,0.946,1.91
1/17/2012,0.1,0.135,0.345,0.969,1.93
1/18/2012,0.1,0.133,0.344,0.974,1.937
1/19/2012,0.1,0.131,0.336,0.973,1.938
1/20/2012,0.1,0.131,0.346,0.987,1.938
1/23/2012,0.1,0.133,0.354,1.001,1.945
1/24/2012,0.1,0.134,0.359,1.01,1.95
1/25/2012,0.1,0.132,0.357,1.006,1.946
1/26/2012,0.1,0.133,0.342,0.985,1.935
1/27/2012,0.1,0.131,0.334,0.97,1.927
1/30/2012,0.1,0.132,0.331,0.963,1.92
1/31/2012,0.1,0.128,0.339,0.967,1.915
2/1/2012,0.1,0.126,0.331,0.96,1.895
2/2/2012,0.1,0.131,0.327,0.955,1.893
2/3/2012,0.1,0.135,0.325,0.949,1.891
2/6/2012,0.1,0.133,0.335,0.967,1.895
2/7/2012,0.1,0.131,0.338,0.974,1.925
2/8/2012,0.1,0.132,0.353,0.992,1.929
2/9/2012,0.1,0.129,0.349,0.988,1.934
2/10/2012,0.1,0.125,0.343,0.979,1.932
2/13/2012,0.1,0.129,0.347,0.982,1.946
2/14/2012,0.1,0.125,0.329,0.966,1.944
2/15/2012,0.1,0.114,0.323,0.966,1.943
2/16/2012,0.1,0.108,0.302,0.948,1.929
2/17/2012,0.1,0.109,0.303,0.949,1.907
2/20/2012,0.1,0.106,0.3,0.949,1.898
2/21/2012,0.1,0.108,0.308,0.962,1.912
2/22/2012,0.1,0.111,0.318,0.978,1.931
2/23/2012,0.1,0.111,0.317,0.978,1.938
2/24/2012,0.1,0.112,0.306,0.978,1.942
2/27/2012,0.1,0.11,0.303,0.975,1.941
2/28/2012,0.1,0.112,0.302,0.967,1.936
2/29/2012,0.1,0.112,0.297,0.963,1.936
3/1/2012,0.1,0.116,0.299,0.956,1.936
3/2/2012,0.1,0.111,0.304,0.969,1.948
3/5/2012,0.1,0.111,0.298,0.993,1.955
3/6/2012,0.1,0.115,0.296,0.993,1.95
3/7/2012,0.1,0.115,0.288,0.983,1.946
3/8/2012,0.1,0.115,0.293,0.993,1.951
3/9/2012,0.1,0.115,0.293,0.991,1.961
3/12/2012,0.1,0.115,0.303,0.98,1.955
3/13/2012,0.1,0.11,0.303,0.977,1.947
3/14/2012,0.1,0.11,0.322,1.013,1.962
3/15/2012,0.1,0.119,0.369,1.052,1.97
3/16/2012,0.1,0.116,0.365,1.048,1.983
3/19/2012,0.1,0.113,0.356,1.036,1.962
3/21/2012,0.1,0.113,0.348,1.024,1.948
3/22/2012,0.1,0.117,0.347,1.027,1.951
3/23/2012,0.1,0.114,0.343,1.028,1.953
3/26/2012,0.1,0.115,0.33,1.015,1.944
3/27/2012,0.1,0.117,0.327,1.016,1.953
3/28/2012,0.1,0.114,0.322,1.004,1.95
3/29/2012,0.1,0.117,0.321,0.995,1.949
3/30/2012,0.1,0.118,0.318,0.989,1.94
4/2/2012,0.1,0.122,0.341,1.013,1.96
4/3/2012,0.1,0.124,0.348,1.032,1.982
4/4/2012,0.1,0.118,0.343,1.028,1.982
4/5/2012,0.1,0.123,0.33,1.004,1.968
4/6/2012,0.1,0.118,0.314,0.994,1.955
4/9/2012,0.1,0.112,0.298,0.969,1.936
4/10/2012,0.1,0.111,0.295,0.955,1.93
4/11/2012,0.1,0.11,0.295,0.951,1.919
4/12/2012,0.1,0.11,0.301,0.951,1.92
4/13/2012,0.1,0.112,0.295,0.947,1.904
4/16/2012,0.1,0.114,0.292,0.94,1.915
4/17/2012,0.1,0.111,0.285,0.933,1.896
4/18/2012,0.1,0.113,0.293,0.941,1.9
4/19/2012,0.1,0.111,0.29,0.94,1.891
4/20/2012,0.1,0.111,0.283,0.939,1.911
4/23/2012,0.1,0.111,0.269,0.92,1.899
4/24/2012,0.1,0.114,0.277,0.933,1.912
4/25/2012,0.1,0.112,0.276,0.923,1.901
4/26/2012,0.1,0.114,0.279,0.917,1.892
4/27/2012,0.1,0.111,0.263,0.897,1.895
5/1/2012,0.1,0.115,0.257,0.881,1.867
5/2/2012,0.1,0.113,0.27,0.892,1.872
5/7/2012,0.1,0.11,0.249,0.861,1.83
5/8/2012,0.1,0.112,0.265,0.872,1.84
5/9/2012,0.1,0.11,0.247,0.854,1.82
5/10/2012,0.1,0.112,0.257,0.868,1.825
5/11/2012,0.1,0.105,0.246,0.853,1.83
5/14/2012,0.1,0.108,0.242,0.85,1.828
5/15/2012,0.1,0.108,0.25,0.854,1.82
5/16/2012,0.1,0.105,0.235,0.834,1.786
5/17/2012,0.1,0.11,0.245,0.85,1.779
5/18/2012,0.1,0.1,0.218,0.83,1.742
5/21/2012,0.1,0.103,0.241,0.859,1.786
5/22/2012,0.1,0.103,0.233,0.863,1.797
5/23/2012,0.1,0.103,0.233,0.872,1.824
5/24/2012,0.1,0.103,0.237,0.871,1.814
5/25/2012,0.1,0.105,0.237,0.888,1.849
5/28/2012,0.1,0.103,0.233,0.883,1.847
5/29/2012,0.1,0.1,0.218,0.852,1.809
5/30/2012,0.1,0.103,0.223,0.85,1.803
5/31/2012,0.1,0.105,0.207,0.824,1.774
6/1/2012,0.1,0.105,0.202,0.816,1.783
6/4/2012,0.1,0.11,0.211,0.822,1.796
6/5/2012,0.1,0.102,0.226,0.862,1.842
6/6/2012,0.1,0.102,0.211,0.848,1.845
6/7/2012,0.1,0.102,0.208,0.882,1.865
6/8/2012,0.1,0.102,0.19,0.856,1.84
6/11/2012,0.1,0.103,0.212,0.872,1.849
6/12/2012,0.1,0.102,0.204,0.85,1.844
6/13/2012,0.1,0.102,0.212,0.859,1.887
6/14/2012,0.1,0.103,0.235,0.862,1.893
6/15/2012,0.1,0.102,0.233,0.853,1.871
6/18/2012,0.1,0.103,0.23,0.84,1.857
6/19/2012,0.1,0.102,0.216,0.82,1.847
6/20/2012,0.1,0.103,0.224,0.825,1.862
6/21/2012,0.1,0.102,0.221,0.822,1.88
6/22/2012,0.1,0.103,0.223,0.83,1.882
6/25/2012,0.1,0.102,0.22,0.831,1.889
6/26/2012,0.1,0.103,0.211,0.824,1.881
6/27/2012,0.1,0.102,0.209,0.809,1.88
6/28/2012,0.1,0.111,0.215,0.815,1.874
6/29/2012,0.1,0.114,0.22,0.837,1.89
7/2/2012,0.1,0.097,0.212,0.829,1.867
7/3/2012,0.1,0.098,0.211,0.818,1.857
7/4/2012,0.1,0.108,0.213,0.818,1.873
7/5/2012,0.1,0.1,0.202,0.811,1.874
7/6/2012,0.1,0.105,0.2,0.8,1.871
7/9/2012,0.1,0.089,0.193,0.796,1.861
7/10/2012,0.1,0.102,0.198,0.797,1.846
7/11/2012,0.1,0.097,0.19,0.79,1.814
7/12/2012,0.1,0.094,0.179,0.774,1.813
7/13/2012,0.1,0.105,0.186,0.778,1.798
7/17/2012,0.1,0.102,0.183,0.773,1.785
7/18/2012,0.1,0.1,0.176,0.759,1.762
7/19/2012,0.1,0.102,0.18,0.742,1.72
7/20/2012,0.1,0.1,0.185,0.744,1.746
7/23/2012,0.1,0.1,0.179,0.728,1.735
7/24/2012,0.1,0.098,0.181,0.736,1.767
7/25/2012,0.1,0.102,0.177,0.727,1.775
7/26/2012,0.1,0.098,0.185,0.738,1.771
7/27/2012,0.1,0.102,0.188,0.747,1.777
7/30/2012,0.1,0.105,0.197,0.779,1.804
7/31/2012,0.1,0.103,0.198,0.794,1.824
8/1/2012,0.1,0.096,0.179,0.78,1.809
8/2/2012,0.1,0.098,0.177,0.777,1.82
8/3/2012,0.1,0.093,0.162,0.743,1.79
8/6/2012,0.1,0.094,0.173,0.742,1.786
8/7/2012,0.1,0.1,0.192,0.774,1.815
8/8/2012,0.1,0.088,0.201,0.803,1.851
8/9/2012,0.1,0.095,0.197,0.805,1.857
8/10/2012,0.1,0.093,0.197,0.802,1.845
8/13/2012,0.1,0.088,0.187,0.793,1.833
8/14/2012,0.1,0.102,0.192,0.796,1.835
8/15/2012,0.1,0.1,0.208,0.82,1.862
8/16/2012,0.1,0.1,0.242,0.863,1.885
8/17/2012,0.1,0.09,0.229,0.837,1.861
8/20/2012,0.1,0.105,0.242,0.844,1.864
8/21/2012,0.1,0.103,0.233,0.827,1.86
8/22/2012,0.1,0.105,0.23,0.826,1.86
8/23/2012,0.1,0.092,0.224,0.829,1.885
8/24/2012,0.1,0.1,0.205,0.809,1.887
8/27/2012,0.1,0.092,0.215,0.81,1.89
8/28/2012,0.1,0.103,0.217,0.812,1.896
8/29/2012,0.1,0.101,0.209,0.8,1.891
8/30/2012,0.1,0.103,0.218,0.807,1.888
8/31/2012,0.1,0.095,0.209,0.797,1.887
9/3/2012,0.1,0.082,0.198,0.784,1.872
9/4/2012,0.1,0.106,0.206,0.791,1.878
9/5/2012,0.1,0.089,0.2,0.777,1.862
9/6/2012,0.1,0.106,0.206,0.81,1.871
9/7/2012,0.1,0.114,0.217,0.822,1.879
9/10/2012,0.1,0.076,0.197,0.801,1.885
9/11/2012,0.1,0.103,0.195,0.8,1.882
9/12/2012,0.1,0.105,0.208,0.813,1.889
9/13/2012,0.1,0.1,0.23,0.827,1.905
9/14/2012,0.1,0.098,0.192,0.804,1.897
9/18/2012,0.1,0.096,0.228,0.815,1.932
9/19/2012,0.1,0.096,0.224,0.819,1.948
9/20/2012,0.1,0.096,0.205,0.8,1.944
9/21/2012,0.1,0.096,0.21,0.802,1.933
9/24/2012,0.1,0.096,0.2,0.791,1.917
9/25/2012,0.1,0.096,0.206,0.795,1.916
9/26/2012,0.1,0.096,0.198,0.784,1.89
9/27/2012,0.1,0.096,0.204,0.779,1.891
9/28/2012,0.1,0.098,0.197,0.778,1.891
10/1/2012,0.1,0.102,0.195,0.765,1.894
10/2/2012,0.1,0.102,0.195,0.763,1.894
10/3/2012,0.1,0.102,0.195,0.767,1.905
10/4/2012,0.1,0.102,0.202,0.773,1.915
10/5/2012,0.1,0.102,0.202,0.776,1.919
10/9/2012,0.1,0.102,0.197,0.773,1.924
10/10/2012,0.1,0.102,0.193,0.772,1.918
10/11/2012,0.1,0.102,0.183,0.757,1.924
10/12/2012,0.1,0.102,0.199,0.766,1.929
10/15/2012,0.1,0.102,0.196,0.758,1.922
10/16/2012,0.1,0.102,0.202,0.763,1.921
10/17/2012,0.1,0.102,0.205,0.771,1.926
10/18/2012,0.1,0.11,0.213,0.794,1.95
10/19/2012,0.1,0.11,0.205,0.785,1.938
10/22/2012,0.1,0.102,0.201,0.781,1.932
10/23/2012,0.1,0.102,0.207,0.785,1.946
10/24/2012,0.1,0.102,0.195,0.777,1.956
10/25/2012,0.1,0.102,0.205,0.781,1.964
10/26/2012,0.1,0.102,0.187,0.767,1.939
10/29/2012,0.1,0.098,0.192,0.775,1.945
10/30/2012,0.1,0.098,0.184,0.761,1.959
10/31/2012,0.1,0.1,0.199,0.775,1.963
11/1/2012,0.1,0.103,0.203,0.783,1.95
11/2/2012,0.1,0.103,0.204,0.784,1.948
11/5/2012,0.1,0.1,0.198,0.774,1.942
11/6/2012,0.1,0.095,0.192,0.764,1.941
11/7/2012,0.1,0.1,0.199,0.764,1.954
11/8/2012,0.1,0.1,0.192,0.75,1.925
11/9/2012,0.1,0.1,0.19,0.738,1.915
11/12/2012,0.1,0.1,0.197,0.735,1.91
11/13/2012,0.1,0.103,0.194,0.74,1.904
11/14/2012,0.1,0.103,0.199,0.748,1.91
11/15/2012,0.1,0.098,0.185,0.739,1.938
11/16/2012,0.1,0.1,0.181,0.73,1.956
11/19/2012,0.1,0.103,0.184,0.736,1.956
11/20/2012,0.1,0.095,0.183,0.736,1.948
11/21/2012,0.1,0.098,0.188,0.74,1.942
11/22/2012,0.1,0.098,0.188,0.741,1.952
11/26/2012,0.1,0.103,0.183,0.731,1.94
11/27/2012,0.1,0.098,0.177,0.731,1.938
11/28/2012,0.1,0.095,0.17,0.721,1.923
11/29/2012,0.1,0.098,0.175,0.716,1.922
11/30/2012,0.1,0.098,0.174,0.716,1.945
12/3/2012,0.1,0.1,0.171,0.71,1.941
12/4/2012,0.1,0.098,0.171,0.707,1.955
12/5/2012,0.1,0.098,0.166,0.696,1.952
12/6/2012,0.1,0.098,0.158,0.695,1.899
12/7/2012,0.1,0.1,0.168,0.705,1.895
12/10/2012,0.1,0.098,0.156,0.699,1.887
12/11/2012,0.1,0.098,0.166,0.706,1.905
12/12/2012,0.1,0.098,0.163,0.702,1.902
12/13/2012,0.1,0.1,0.175,0.73,1.94
12/14/2012,0.1,0.098,0.18,0.737,1.961
12/17/2012,0.1,0.098,0.182,0.739,1.961
12/18/2012,0.1,0.1,0.196,0.757,1.991
12/19/2012,0.1,0.098,0.196,0.772,1.992
12/20/2012,0.1,0.098,0.18,0.772,1.979
12/21/2012,0.1,0.098,0.175,0.766,1.949
12/25/2012,0.1,0.098,0.182,0.774,1.94
12/26/2012,0.1,0.098,0.185,0.794,1.96
12/27/2012,0.1,0.098,0.192,0.798,1.976
12/28/2012,0.1,0.098,0.185,0.791,1.979
1/4/2013,0.1,0.098,0.205,0.826,2.003
1/7/2013,0.1,0.098,0.198,0.83,2.005
1/8/2013,0.1,0.098,0.204,0.836,2.01
1/9/2013,0.1,0.098,0.207,0.831,2.014
1/10/2013,0.1,0.098,0.2,0.827,2.006
1/11/2013,0.095,0.085,0.17,0.82,1.999
1/15/2013,0.095,0.081,0.165,0.781,2.01
1/16/2013,0.095,0.078,0.159,0.756,1.993
1/17/2013,0.095,0.078,0.159,0.744,1.976
1/18/2013,0.094,0.078,0.161,0.754,2
1/21/2013,0.095,0.073,0.154,0.738,1.975
1/22/2013,0.095,0.072,0.154,0.73,1.974
1/23/2013,0.095,0.08,0.158,0.735,1.967
1/24/2013,0.095,0.085,0.156,0.726,1.973
1/25/2013,0.095,0.082,0.148,0.72,1.973
1/28/2013,0.095,0.078,0.159,0.75,2.005
1/29/2013,0.095,0.078,0.162,0.765,1.995
1/30/2013,0.095,0.078,0.16,0.774,2.002
1/31/2013,0.095,0.075,0.149,0.754,1.988
2/1/2013,0.095,0.075,0.157,0.771,1.99
2/4/2013,0.095,0.063,0.165,0.807,2.013
2/5/2013,0.095,0.06,0.156,0.793,2.002
2/6/2013,0.085,0.051,0.148,0.778,1.991
2/7/2013,0.08,0.033,0.139,0.767,1.999
2/8/2013,0.075,0.03,0.14,0.765,1.995
2/12/2013,0.075,0.025,0.138,0.753,1.973
2/13/2013,0.08,0.026,0.135,0.745,1.967
2/14/2013,0.08,0.064,0.151,0.768,1.966
2/15/2013,0.08,0.04,0.142,0.753,1.942
2/18/2013,0.08,0.041,0.143,0.747,1.924
2/19/2013,0.08,0.031,0.135,0.742,1.912
2/20/2013,0.08,0.043,0.139,0.745,1.923
2/21/2013,0.075,0.043,0.135,0.742,1.935
2/22/2013,0.075,0.042,0.136,0.73,1.917
2/25/2013,0.075,0.043,0.123,0.708,1.905
2/26/2013,0.07,0.043,0.119,0.69,1.879
2/27/2013,0.07,0.042,0.119,0.67,1.85
2/28/2013,0.064,0.051,0.123,0.663,1.826
3/1/2013,0.055,0.05,0.122,0.66,1.787
3/4/2013,0.047,0.049,0.103,0.616,1.694
3/5/2013,0.047,0.045,0.113,0.632,1.697
3/6/2013,0.048,0.046,0.112,0.648,1.755
3/7/2013,0.049,0.043,0.109,0.678,1.786
3/8/2013,0.048,0.05,0.112,0.648,1.7
3/11/2013,0.048,0.046,0.117,0.66,1.753
3/12/2013,0.047,0.052,0.118,0.642,1.76
3/13/2013,0.045,0.063,0.123,0.633,1.739
3/14/2013,0.043,0.047,0.122,0.628,1.769
3/15/2013,0.044,0.047,0.124,0.625,1.771
3/18/2013,0.042,0.044,0.113,0.596,1.739
3/19/2013,0.043,0.063,0.122,0.6,1.732
3/21/2013,0.043,0.063,0.123,0.582,1.687
3/22/2013,0.041,0.063,0.12,0.566,1.626
3/25/2013,0.041,0.043,0.128,0.563,1.551
3/26/2013,0.04,0.043,0.12,0.543,1.584
3/27/2013,0.04,0.041,0.117,0.522,1.587
3/28/2013,0.04,0.042,0.12,0.513,1.56
3/29/2013,0.04,0.052,0.136,0.551,1.506
4/1/2013,0.04,0.062,0.135,0.571,1.553
4/2/2013,0.04,0.065,0.142,0.564,1.52
4/3/2013,0.04,0.068,0.142,0.56,1.522
4/4/2013,0.046,0.071,0.13,0.446,1.305
4/5/2013,0.058,0.092,0.174,0.534,1.215
4/8/2013,0.07,0.095,0.177,0.52,1.285
4/9/2013,0.08,0.112,0.197,0.528,1.379
4/10/2013,0.084,0.13,0.259,0.584,1.457
4/11/2013,0.089,0.124,0.198,0.547,1.492
4/12/2013,0.095,0.128,0.239,0.614,1.545
4/15/2013,0.095,0.136,0.273,0.649,1.619
4/16/2013,0.095,0.133,0.26,0.587,1.598
4/17/2013,0.095,0.133,0.243,0.602,1.644
4/18/2013,0.095,0.135,0.245,0.587,1.626
4/19/2013,0.09,0.131,0.23,0.581,1.543
4/22/2013,0.09,0.129,0.235,0.61,1.61
4/23/2013,0.09,0.125,0.228,0.586,1.578
4/24/2013,0.09,0.123,0.23,0.591,1.596
4/25/2013,0.09,0.123,0.236,0.583,1.608
4/26/2013,0.09,0.123,0.251,0.591,1.607
4/30/2013,0.09,0.128,0.26,0.609,1.605
5/1/2013,0.09,0.122,0.233,0.591,1.581
5/2/2013,0.09,0.118,0.223,0.565,1.583
5/7/2013,0.09,0.115,0.236,0.594,1.622
5/8/2013,0.09,0.113,0.233,0.597,1.636
5/9/2013,0.09,0.113,0.233,0.6,1.666
5/10/2013,0.09,0.117,0.287,0.696,1.719
5/13/2013,0.094,0.116,0.325,0.754,1.74
5/14/2013,0.095,0.138,0.404,0.862,1.786
5/15/2013,0.095,0.14,0.417,0.855,1.779
5/16/2013,0.095,0.132,0.38,0.82,1.774
5/17/2013,0.095,0.133,0.37,0.797,1.793
5/20/2013,0.095,0.133,0.398,0.849,1.821
5/21/2013,0.095,0.133,0.417,0.879,1.854
5/22/2013,0.095,0.128,0.405,0.891,1.891
5/23/2013,0.095,0.138,0.383,0.863,1.887
5/24/2013,0.09,0.128,0.361,0.834,1.841
5/27/2013,0.09,0.125,0.351,0.83,1.813
5/28/2013,0.09,0.132,0.398,0.906,1.84
5/29/2013,0.085,0.146,0.425,0.933,1.83
5/30/2013,0.085,0.15,0.399,0.904,1.814
5/31/2013,0.085,0.146,0.35,0.857,1.752
6/3/2013,0.085,0.136,0.304,0.817,1.726
6/4/2013,0.085,0.132,0.334,0.88,1.814
6/5/2013,0.085,0.123,0.298,0.847,1.834
6/6/2013,0.08,0.126,0.296,0.833,1.807
6/7/2013,0.08,0.125,0.295,0.856,1.802
6/10/2013,0.08,0.132,0.282,0.842,1.798
6/11/2013,0.0803,0.133,0.324,0.889,1.824
6/12/2013,0.08,0.128,0.337,0.884,1.818
6/13/2013,0.0802,0.137,0.337,0.86,1.804
6/14/2013,0.0851,0.131,0.31,0.824,1.799
6/17/2013,0.0853,0.129,0.3,0.838,1.804
6/18/2013,0.085,0.13,0.332,0.836,1.81
6/19/2013,0.085,0.13,0.323,0.816,1.835
6/20/2013,0.0851,0.136,0.357,0.856,1.876
6/21/2013,0.09,0.136,0.355,0.876,1.88
6/24/2013,0.0902,0.137,0.352,0.879,1.904
6/25/2013,0.09,0.139,0.337,0.853,1.847
6/26/2013,0.0901,0.145,0.341,0.865,1.834
6/27/2013,0.093,0.139,0.316,0.838,1.816
6/28/2013,0.0951,0.132,0.313,0.853,1.839
7/1/2013,0.095,0.147,0.344,0.894,1.882
7/2/2013,0.0952,0.143,0.327,0.894,1.903
7/3/2013,0.0951,0.14,0.312,0.874,1.896
7/4/2013,0.095,0.14,0.322,0.856,1.845
7/5/2013,0.0951,0.138,0.321,0.859,1.864
7/8/2013,0.095,0.138,0.33,0.882,1.883
7/9/2013,0.0952,0.133,0.32,0.87,1.872
7/10/2013,0.095,0.137,0.309,0.859,1.877
7/11/2013,0.0953,0.133,0.301,0.832,1.86
7/12/2013,0.0951,0.132,0.299,0.822,1.853
7/16/2013,0.095,0.132,0.303,0.827,1.856
7/17/2013,0.0953,0.128,0.295,0.82,1.839
7/18/2013,0.0951,0.132,0.29,0.809,1.836
7/19/2013,0.0951,0.128,0.292,0.814,1.845
7/22/2013,0.095,0.132,0.275,0.788,1.833
7/23/2013,0.0952,0.132,0.275,0.779,1.839
7/24/2013,0.0951,0.132,0.28,0.776,1.856
7/25/2013,0.095,0.13,0.299,0.807,1.869
7/26/2013,0.0951,0.13,0.291,0.787,1.827
7/29/2013,0.095,0.132,0.297,0.796,1.834
7/30/2013,0.0952,0.117,0.291,0.796,1.812
7/31/2013,0.0951,0.117,0.292,0.802,1.818
8/1/2013,0.095,0.123,0.293,0.799,1.819
8/2/2013,0.0953,0.121,0.312,0.822,1.833
8/5/2013,0.0951,0.115,0.285,0.778,1.814
8/6/2013,0.095,0.117,0.292,0.788,1.845
8/7/2013,0.0953,0.112,0.28,0.757,1.827
8/8/2013,0.09,0.113,0.282,0.755,1.802
8/9/2013,0.0902,0.111,0.286,0.757,1.799
8/12/2013,0.09,0.11,0.289,0.752,1.786
8/13/2013,0.0902,0.112,0.277,0.742,1.767
8/14/2013,0.0903,0.112,0.287,0.752,1.785
8/15/2013,0.0901,0.112,0.277,0.746,1.803
8/16/2013,0.0902,0.107,0.281,0.757,1.815
8/19/2013,0.09,0.111,0.291,0.769,1.821
8/20/2013,0.0902,0.11,0.278,0.744,1.806
8/21/2013,0.0903,0.115,0.281,0.733,1.796
8/22/2013,0.0901,0.112,0.296,0.753,1.812
8/23/2013,0.0902,0.118,0.311,0.774,1.822
8/26/2013,0.09,0.112,0.303,0.766,1.815
8/27/2013,0.0902,0.114,0.29,0.745,1.802
8/28/2013,0.0903,0.113,0.277,0.725,1.773
8/29/2013,0.0901,0.115,0.268,0.714,1.748
8/30/2013,0.0902,0.108,0.263,0.72,1.757
9/2/2013,0.09,0.115,0.268,0.746,1.777
9/3/2013,0.0902,0.117,0.277,0.752,1.81
9/4/2013,0.0903,0.115,0.277,0.775,1.809
9/5/2013,0.09,0.116,0.28,0.78,1.818
9/6/2013,0.0902,0.115,0.279,0.784,1.823
9/9/2013,0.09,0.114,0.27,0.752,1.806
9/10/2013,0.0902,0.117,0.272,0.747,1.798
9/11/2013,0.0901,0.115,0.261,0.734,1.797
9/12/2013,0.085,0.118,0.256,0.732,1.806
9/13/2013,0.0763,0.115,0.27,0.728,1.807
9/17/2013,0.0751,0.117,0.267,0.72,1.794
9/18/2013,0.0752,0.115,0.26,0.706,1.781
9/19/2013,0.0703,0.112,0.25,0.678,1.752
9/20/2013,0.0602,0.101,0.261,0.695,1.747
9/24/2013,0.0493,0.092,0.245,0.673,1.712
9/25/2013,0.0493,0.094,0.24,0.673,1.689
9/26/2013,0.0473,0.1,0.247,0.697,1.713
9/27/2013,0.0331,0.098,0.238,0.682,1.709
9/30/2013,0.035,0.108,0.243,0.686,1.706
10/1/2013,0.0353,0.107,0.244,0.667,1.69
10/2/2013,0.0372,0.101,0.233,0.644,1.641
10/3/2013,0.0431,0.1,0.221,0.641,1.623
10/4/2013,0.0553,0.099,0.224,0.652,1.632
10/7/2013,0.0551,0.1,0.217,0.646,1.644
10/8/2013,0.0553,0.1,0.223,0.656,1.663
10/9/2013,0.0553,0.097,0.23,0.655,1.646
10/10/2013,0.058,0.105,0.23,0.656,1.633
10/11/2013,0.0603,0.107,0.234,0.657,1.643
10/15/2013,0.0601,0.102,0.244,0.671,1.673
10/16/2013,0.0601,0.095,0.225,0.643,1.646
10/17/2013,0.0653,0.097,0.216,0.629,1.634
10/18/2013,0.0703,0.109,0.209,0.62,1.624
10/21/2013,0.0703,0.103,0.211,0.625,1.624
10/22/2013,0.0702,0.1,0.21,0.621,1.612
10/23/2013,0.0702,0.101,0.208,0.608,1.585
10/24/2013,0.0701,0.11,0.208,0.615,1.61
10/25/2013,0.0752,0.102,0.21,0.617,1.634
10/28/2013,0.0753,0.102,0.209,0.62,1.624
10/29/2013,0.0753,0.106,0.204,0.614,1.64
10/30/2013,0.075,0.096,0.201,0.588,1.612
10/31/2013,0.0703,0.098,0.2,0.595,1.623
11/1/2013,0.0703,0.098,0.196,0.599,1.653
11/5/2013,0.0702,0.105,0.201,0.601,1.65
11/6/2013,0.0702,0.098,0.208,0.612,1.65
11/7/2013,0.06,0.094,0.201,0.595,1.63
11/8/2013,0.0551,0.094,0.2,0.594,1.615
11/11/2013,0.0553,0.092,0.207,0.597,1.61
11/12/2013,0.0551,0.092,0.207,0.604,1.625
11/13/2013,0.0553,0.093,0.208,0.601,1.623
11/14/2013,0.0551,0.097,0.205,0.602,1.636
11/15/2013,0.0551,0.092,0.211,0.634,1.657
11/18/2013,0.0553,0.092,0.21,0.633,1.656
11/19/2013,0.0551,0.092,0.206,0.621,1.663
11/20/2013,0.0553,0.097,0.203,0.615,1.656
11/21/2013,0.0553,0.094,0.205,0.631,1.666
11/22/2013,0.0501,0.102,0.201,0.628,1.664
11/25/2013,0.0472,0.101,0.207,0.644,1.688
11/26/2013,0.045,0.093,0.193,0.619,1.658
11/27/2013,0.0453,0.095,0.192,0.607,1.63
11/28/2013,0.045,0.09,0.19,0.606,1.628
11/29/2013,0.0471,0.089,0.185,0.605,1.641
12/2/2013,0.048,0.087,0.191,0.617,1.66
12/3/2013,0.0493,0.083,0.192,0.634,1.672
12/4/2013,0.0493,0.085,0.191,0.633,1.661
12/5/2013,0.049,0.085,0.195,0.634,1.661
12/6/2013,0.0551,0.086,0.204,0.669,1.688
12/9/2013,0.058,0.086,0.197,0.66,1.68
12/10/2013,0.0601,0.088,0.2,0.663,1.688
12/11/2013,0.0601,0.089,0.2,0.65,1.717
12/12/2013,0.06,0.097,0.198,0.664,1.725
12/13/2013,0.0551,0.098,0.22,0.696,1.741
12/16/2013,0.0553,0.097,0.212,0.69,1.743
12/17/2013,0.0551,0.097,0.207,0.668,1.732
12/18/2013,0.0551,0.098,0.207,0.666,1.685
12/19/2013,0.0553,0.096,0.217,0.674,1.691
12/20/2013,0.0603,0.094,0.214,0.681,1.685
12/24/2013,0.0601,0.098,0.211,0.682,1.685
12/25/2013,0.0601,0.098,0.22,0.696,1.692
12/26/2013,0.0603,0.098,0.225,0.708,1.701
12/27/2013,0.0602,0.09,0.22,0.706,1.703
12/30/2013,0.06,0.094,0.246,0.741,1.738
1/6/2014,0.0603,0.092,0.226,0.727,1.725
1/7/2014,0.0602,0.091,0.219,0.697,1.706
1/8/2014,0.0602,0.094,0.22,0.708,1.704
1/9/2014,0.06,0.093,0.223,0.701,1.699
1/10/2014,0.0651,0.105,0.217,0.702,1.698
1/14/2014,0.065,0.088,0.196,0.657,1.671
1/15/2014,0.0651,0.089,0.202,0.666,1.679
1/16/2014,0.065,0.089,0.21,0.678,1.679
1/17/2014,0.0652,0.088,0.211,0.674,1.704
1/20/2014,0.0601,0.088,0.207,0.669,1.698
1/21/2014,0.06,0.098,0.223,0.689,1.717
1/22/2014,0.0604,0.087,0.207,0.676,1.701
1/23/2014,0.0602,0.088,0.212,0.661,1.664
1/24/2014,0.0553,0.098,0.201,0.632,1.627
1/27/2014,0.0551,0.098,0.202,0.64,1.633
1/28/2014,0.0553,0.097,0.201,0.634,1.654
1/29/2014,0.0504,0.096,0.208,0.635,1.654
1/30/2014,0.0501,0.088,0.201,0.625,1.635
1/31/2014,0.0501,0.082,0.198,0.622,1.635
2/3/2014,0.0502,0.083,0.197,0.615,1.623
2/4/2014,0.05,0.086,0.196,0.614,1.602
2/5/2014,0.05,0.083,0.197,0.6,1.579
2/6/2014,0.0491,0.086,0.201,0.617,1.591
2/7/2014,0.0452,0.077,0.203,0.62,1.611
2/10/2014,0.0453,0.071,0.197,0.608,1.637
2/12/2014,0.0443,0.072,0.194,0.613,1.648
2/13/2014,0.0444,0.075,0.19,0.604,1.63
2/14/2014,0.0401,0.073,0.191,0.599,1.613
2/17/2014,0.0402,0.07,0.193,0.603,1.62
2/18/2014,0.0411,0.078,0.189,0.603,1.624
2/19/2014,0.0451,0.082,0.185,0.605,1.656
2/20/2014,0.0452,0.078,0.179,0.588,1.632
2/21/2014,0.0463,0.077,0.185,0.604,1.65
2/24/2014,0.0452,0.076,0.183,0.596,1.647
2/25/2014,0.0453,0.078,0.185,0.592,1.631
2/26/2014,0.0451,0.078,0.189,0.592,1.638
2/27/2014,0.0413,0.075,0.184,0.587,1.653
2/28/2014,0.036,0.074,0.181,0.586,1.647
3/3/2014,0.0352,0.073,0.172,0.58,1.627
3/4/2014,0.0352,0.076,0.181,0.589,1.621
3/5/2014,0.0351,0.075,0.185,0.609,1.627
3/6/2014,0.0321,0.077,0.185,0.622,1.654
3/7/2014,0.025,0.075,0.186,0.628,1.674
3/10/2014,0.0253,0.077,0.187,0.632,1.677
3/11/2014,0.0251,0.074,0.202,0.635,1.69
3/12/2014,0.0252,0.079,0.191,0.63,1.687
3/13/2014,0.025,0.087,0.203,0.644,1.715
3/14/2014,0.0352,0.092,0.192,0.627,1.705
3/17/2014,0.0352,0.083,0.192,0.624,1.705
3/18/2014,0.0312,0.08,0.198,0.622,1.704
3/19/2014,0.0303,0.075,0.198,0.614,1.701
3/20/2014,0.0213,0.072,0.19,0.601,1.674
3/24/2014,0.0211,0.077,0.198,0.616,1.696
3/25/2014,0.0213,0.077,0.195,0.611,1.694
3/26/2014,0.0212,0.078,0.203,0.632,1.702
3/27/2014,0.0231,0.08,0.2,0.632,1.703
3/28/2014,0.0303,,0.196,0.626,1.699
3/31/2014,0.0302,0.089,0.2,0.642,1.714
4/1/2014,0.0302,0.085,0.196,0.62,1.665
4/2/2014,0.0304,0.083,0.194,0.626,1.683
4/3/2014,0.0351,0.085,0.205,0.645,1.692
4/4/2014,0.05,0.085,0.203,0.648,1.687
4/7/2014,0.0501,0.088,0.19,0.618,1.661
4/8/2014,0.0503,0.085,0.19,0.62,1.692
4/9/2014,0.0504,0.085,0.189,0.616,1.705
4/10/2014,0.0501,0.08,0.19,0.609,1.699
4/11/2014,0.05,0.083,0.193,0.605,1.694
4/14/2014,0.053,0.09,0.192,0.608,1.69
4/15/2014,0.0553,0.09,0.19,0.605,1.691
4/16/2014,0.0551,0.09,0.19,0.61,1.676
4/17/2014,0.0554,0.091,0.19,0.605,1.684
4/18/2014,0.0592,0.088,0.188,0.601,1.684
4/21/2014,0.059,0.088,0.191,0.608,1.701
4/22/2014,0.0601,0.092,0.192,0.605,1.696
4/23/2014,0.0601,0.09,0.197,0.616,1.704
4/24/2014,0.0611,0.09,0.195,0.617,1.695
4/25/2014,0.0651,0.09,0.197,0.623,1.697
4/28/2014,0.065,0.09,0.195,0.617,1.697
4/30/2014,0.0623,0.092,0.197,0.627,1.712
5/1/2014,0.0603,0.09,0.195,0.622,1.708
5/2/2014,0.0562,0.09,0.19,0.611,1.706
5/7/2014,0.0551,0.09,0.19,0.601,1.696
5/8/2014,0.0554,0.088,0.191,0.612,1.697
5/9/2014,0.05,0.085,0.191,0.608,1.697
5/12/2014,0.0452,0.089,0.192,0.611,1.714
5/13/2014,0.0402,0.085,0.192,0.612,1.713
5/14/2014,0.0404,0.085,0.189,0.602,1.701
5/15/2014,0.04,0.085,0.185,0.595,1.695
5/16/2014,0.0401,0.085,0.185,0.584,1.691
5/19/2014,0.0402,0.085,0.19,0.59,1.689
5/20/2014,0.0352,0.083,0.19,0.592,1.696
5/21/2014,0.0343,0.083,0.192,0.598,1.689
5/22/2014,0.0343,0.085,0.191,0.601,1.69
5/23/2014,0.0373,0.083,0.186,0.592,1.695
5/26/2014,0.0373,0.083,0.185,0.589,1.691
5/27/2014,0.0373,0.087,0.186,0.593,1.694
5/28/2014,0.0382,0.09,0.18,0.584,1.681
5/29/2014,0.0391,0.088,0.18,0.576,1.676
5/30/2014,0.0492,0.09,0.176,0.578,1.687
6/2/2014,0.0472,0.09,0.18,0.587,1.694
6/3/2014,0.0453,0.09,0.182,0.589,1.693
6/4/2014,0.0451,0.09,0.179,0.616,1.702
6/5/2014,0.04,0.09,0.18,0.618,1.714
6/6/2014,0.0324,0.088,0.176,0.6,1.705
6/9/2014,0.0323,0.091,0.183,0.603,1.712
6/10/2014,0.0302,0.086,0.183,0.602,1.712
6/11/2014,0.0304,0.085,0.185,0.604,1.713
6/12/2014,0.0303,0.088,0.18,0.602,1.701
6/13/2014,0.0312,0.085,0.188,0.603,1.681
6/16/2014,0.0303,0.084,0.187,0.602,1.669
6/17/2014,0.0302,0.083,0.188,0.595,1.665
6/18/2014,0.03,0.085,0.188,0.602,1.673
6/19/2014,0.0304,0.085,0.183,0.591,1.717
6/20/2014,0.0262,0.085,0.178,0.587,1.711
6/23/2014,0.0253,0.084,0.18,0.584,1.713
6/24/2014,0.0251,0.085,0.175,0.582,1.716
6/25/2014,0.0252,0.088,0.175,0.574,1.707
6/26/2014,0.0241,0.085,0.171,0.572,1.693
6/27/2014,0.0291,0.082,0.171,0.564,1.689
6/30/2014,0.0302,0.073,0.169,0.566,1.688
7/1/2014,0.036,0.069,0.17,0.559,1.672
7/2/2014,0.0451,0.072,0.168,0.561,1.676
7/3/2014,0.0382,0.074,0.168,0.566,1.682
7/4/2014,0.025,0.073,0.168,0.57,1.696
7/7/2014,0.024,0.072,0.16,0.567,1.715
7/8/2014,0.0213,0.061,0.16,0.557,1.702
7/9/2014,0.0182,0.062,0.153,0.551,1.702
7/10/2014,0.018,0.062,0.153,0.546,1.72
7/11/2014,0.0243,0.065,0.152,0.537,1.716
7/14/2014,0.0233,0.062,0.156,0.541,1.702
7/15/2014,0.0232,0.062,0.155,0.544,1.699
7/16/2014,0.0191,0.062,0.163,0.547,1.697
7/17/2014,0.0171,0.062,0.157,0.537,1.669
7/18/2014,0.019,0.062,0.159,0.546,1.667
7/22/2014,0.0192,0.067,0.155,0.54,1.678
7/23/2014,0.0191,0.067,0.152,0.537,1.673
7/24/2014,0.0224,0.067,0.15,0.526,1.651
7/25/2014,0.0311,0.07,0.157,0.536,1.661
7/28/2014,0.0311,0.073,0.156,0.535,1.647
7/29/2014,0.0302,0.067,0.153,0.524,1.656
7/30/2014,0.0304,0.071,0.153,0.53,1.671
7/31/2014,0.0303,0.067,0.158,0.538,1.678
8/1/2014,0.0263,0.069,0.153,0.539,1.684
8/4/2014,0.025,0.071,0.153,0.532,1.691
8/5/2014,0.0223,0.069,0.153,0.523,1.68
8/6/2014,0.0201,0.066,0.152,0.521,1.683
8/7/2014,0.0212,0.069,0.157,0.527,1.689
8/8/2014,0.0233,0.063,0.149,0.505,1.675
8/11/2014,0.0211,0.067,0.157,0.517,1.686
8/12/2014,0.0201,0.066,0.157,0.514,1.67
8/13/2014,0.0191,0.07,0.157,0.515,1.661
8/14/2014,0.0193,0.067,0.15,0.506,1.671
8/15/2014,0.0241,0.07,0.153,0.503,1.667
8/18/2014,0.024,0.071,0.155,0.502,1.663
8/19/2014,0.0243,0.069,0.158,0.504,1.653
8/20/2014,0.0252,0.075,0.165,0.52,1.666
8/21/2014,0.025,0.076,0.167,0.529,1.673
8/22/2014,0.03,0.078,0.152,0.51,1.655
8/25/2014,0.0303,0.077,0.161,0.511,1.639
8/26/2014,0.0302,0.078,0.161,0.503,1.636
8/27/2014,0.03,0.076,0.16,0.498,1.641
8/28/2014,0.0312,0.071,0.156,0.493,1.626
8/29/2014,0.0241,0.075,0.162,0.496,1.625
9/1/2014,0.0232,0.079,0.161,0.496,1.632
9/2/2014,0.023,0.074,0.162,0.505,1.64
9/3/2014,0.0152,0.076,0.163,0.534,1.648
9/4/2014,0.004,0.078,0.163,0.535,1.664
9/5/2014,0,0.075,0.167,0.543,1.66
9/8/2014,-0.004,0.074,0.161,0.531,1.658
9/9/2014,-0.0029,0.075,0.163,0.536,1.677
9/10/2014,-0.0008,0.078,0.169,0.55,1.693
9/11/2014,-0.0008,0.078,0.176,0.566,1.702
9/12/2014,-0.0087,0.077,0.187,0.578,1.696
9/16/2014,-0.0088,0.076,0.186,0.582,1.705
9/17/2014,-0.0099,0.075,0.18,0.56,1.684
9/18/2014,-0.0089,0.067,0.182,0.569,1.696
9/19/2014,0.01,0.067,0.18,0.564,1.699
9/22/2014,-0.0046,0.07,0.173,0.542,1.676
9/24/2014,-0.0056,0.062,0.165,0.528,1.663
9/25/2014,-0.0039,0.063,0.173,0.525,1.64
9/26/2014,-0.0018,0.063,0.172,0.523,1.623
9/29/2014,0,0.078,0.18,0.524,1.611
9/30/2014,0,0.077,0.175,0.531,1.612
10/1/2014,0.0011,0.075,0.162,0.531,1.629
10/2/2014,0.0023,0.067,0.158,0.526,1.634
10/3/2014,-0.0109,0.061,0.15,0.518,1.633
10/6/2014,-0.0148,0.063,0.152,0.523,1.635
10/7/2014,-0.0176,0.055,0.148,0.513,1.633
10/8/2014,-0.0188,0.048,0.14,0.503,1.636
10/9/2014,-0.0198,0.052,0.139,0.492,1.623
10/10/2014,-0.0088,0.06,0.154,0.505,1.645
10/14/2014,-0.0108,0.048,0.151,0.5,1.643
10/15/2014,-0.0128,0.042,0.145,0.491,1.633
10/16/2014,-0.0137,0.046,0.147,0.487,1.627
10/17/2014,-0.0326,0.02,0.136,0.476,1.628
10/20/2014,-0.0568,0.024,0.134,0.488,1.637
10/21/2014,-0.0679,0.03,0.139,0.485,1.623
10/22/2014,-0.0709,0.033,0.137,0.485,1.614
10/23/2014,-0.0729,0.026,0.13,0.478,1.612
10/24/2014,-0.0239,0.019,0.119,0.47,1.615
10/27/2014,-0.0288,0.023,0.121,0.474,1.62
10/28/2014,-0.0349,0.019,0.122,0.461,1.622
10/29/2014,-0.0377,0.022,0.126,0.466,1.631
10/30/2014,-0.0446,0.024,0.122,0.469,1.654
10/31/2014,0.0011,0.033,0.119,0.458,1.604
11/4/2014,0.0023,0.021,0.118,0.444,1.444
11/5/2014,0.004,0.023,0.128,0.471,1.508
11/6/2014,0.0073,0.036,0.126,0.47,1.523
11/7/2014,0.0011,0.033,0.135,0.483,1.527
11/10/2014,-0.0007,0.025,0.124,0.455,1.5
11/11/2014,-0.0027,0.035,0.155,0.492,1.518
11/12/2014,-0.0036,0.047,0.175,0.533,1.544
11/13/2014,-0.0028,0.04,0.149,0.502,1.498
11/14/2014,-0.0539,0.014,0.142,0.483,1.446
11/17/2014,-0.0568,0.016,0.139,0.487,1.425
11/18/2014,-0.0636,0.016,0.152,0.513,1.479
11/19/2014,-0.0758,0.01,0.125,0.483,1.421
11/20/2014,-0.0836,0.01,0.119,0.473,1.387
11/21/2014,-0.0226,0.008,0.12,0.462,1.415
11/25/2014,-0.0229,0.036,0.121,0.452,1.409
11/26/2014,-0.0228,0.006,0.109,0.437,1.399
11/27/2014,-0.0267,0.014,0.109,0.427,1.391
11/28/2014,-0.0448,0.008,0.106,0.421,1.383
12/1/2014,-0.0468,0.01,0.102,0.428,1.376
12/2/2014,-0.0477,0.006,0.091,0.424,1.37
12/3/2014,-0.0489,0.002,0.072,0.436,1.381
12/4/2014,-0.0458,-0.003,0.078,0.437,1.416
12/5/2014,-0.0057,-0.004,0.075,0.421,1.416
12/8/2014,-0.0057,0.002,0.092,0.444,1.425
12/9/2014,-0.0058,-0.002,0.077,0.419,1.376
12/10/2014,-0.0056,0.005,0.075,0.414,1.384
12/11/2014,-0.0089,0.005,0.08,0.411,1.382
12/12/2014,-0.0079,0.007,0.078,0.396,1.388
12/15/2014,-0.0049,0.007,0.074,0.378,1.377
12/16/2014,-0.0046,0.003,0.052,0.361,1.372
12/17/2014,-0.0048,0.005,0.054,0.363,1.367
12/18/2014,-0.0049,-0.005,0.048,0.361,1.349
12/19/2014,-0.001,-0.037,0.037,0.356,1.322
12/22/2014,-0.001,-0.033,0.039,0.338,1.302
12/24/2014,0,-0.038,0.041,0.334,1.28
12/25/2014,0,-0.037,0.039,0.315,1.237
12/26/2014,0,,0.048,0.33,1.264
12/29/2014,0,-0.016,0.035,0.325,1.266
12/30/2014,0,-0.022,0.03,0.329,1.239
1/5/2015,0.02,-0.015,0.03,0.325,1.24
1/6/2015,-0.014,-0.021,0.015,0.293,1.18
1/7/2015,-0.043,-0.021,0.022,0.301,1.16
1/8/2015,-0.027,-0.022,0.022,0.294,1.108
1/9/2015,-0.057,-0.031,0.012,0.279,1.148
1/13/2015,-0.0549,-0.02,0.013,0.268,1.128
1/14/2015,-0.0547,-0.02,0.011,0.259,1.104
1/15/2015,-0.0549,-0.019,0.02,0.253,1.091
1/16/2015,-0.0389,-0.02,0.016,0.243,1.087
1/19/2015,-0.0406,-0.02,0.013,0.201,1.071
1/20/2015,-0.0469,-0.025,0.005,0.223,1.076
1/21/2015,-0.055,-0.025,0.022,0.252,1.091
1/22/2015,-0.0576,-0.012,0.065,0.32,1.221
1/23/2015,-0.0008,-0.011,0.015,0.234,1.206
1/26/2015,-0.0016,-0.013,0.017,0.23,1.314
1/27/2015,-0.0029,-0.013,0.041,0.263,1.341
1/28/2015,-0.0017,0.005,0.061,0.295,1.302
1/29/2015,-0.0008,0.006,0.058,0.297,1.298
1/30/2015,-0.0047,0.009,0.046,0.278,1.276
2/2/2015,-0.0068,0.028,0.066,0.289,1.251
2/3/2015,-0.0137,0.027,0.107,0.366,1.321
2/4/2015,-0.0159,0.032,0.106,0.381,1.351
2/5/2015,-0.0157,0.05,0.116,0.361,1.356
2/6/2015,0,0.034,0.088,0.339,1.326
2/9/2015,0,0.05,0.109,0.354,1.348
2/10/2015,0,0.052,0.127,0.395,1.41
2/12/2015,0,0.05,0.123,0.396,1.421
2/13/2015,0,0.047,0.14,0.424,1.463
2/16/2015,0,0.045,0.152,0.441,1.481
2/17/2015,0.0033,0.038,0.128,0.399,1.487
2/18/2015,0.0043,0.04,0.136,0.411,1.486
2/19/2015,0.0052,0.033,0.12,0.393,1.439
2/20/2015,0,0.034,0.116,0.391,1.422
2/23/2015,-0.0049,0.034,0.112,0.383,1.43
2/24/2015,-0.0058,0.035,0.107,0.377,1.414
2/25/2015,-0.0078,0.025,0.094,0.34,1.381
2/26/2015,-0.0079,0.026,0.096,0.343,1.431
2/27/2015,0,0.018,0.073,0.335,1.421
3/2/2015,0,0.025,0.079,0.35,1.441
3/3/2015,0,0.026,0.103,0.376,1.503
3/4/2015,-0.0069,0.024,0.101,0.409,1.501
3/5/2015,-0.0087,0.011,0.096,0.404,1.458
3/6/2015,0,0.012,0.091,0.396,1.447
3/9/2015,0,0.023,0.128,0.435,1.486
3/10/2015,0,0.034,0.144,0.469,1.521
3/11/2015,0,0.028,0.12,0.42,1.505
3/12/2015,0,0.028,0.111,0.389,1.486
3/13/2015,0,0.019,0.137,0.41,1.487
3/16/2015,-0.0008,0.017,0.133,0.418,1.47
3/17/2015,-0.0008,0.019,0.123,0.425,1.454
3/18/2015,-0.0008,0.012,0.103,0.366,1.345
3/19/2015,0,0.011,0.078,0.337,1.286
3/20/2015,0.0061,0.011,0.081,0.329,1.301
3/23/2015,0.0062,0.019,0.075,0.314,1.314
3/24/2015,0.0062,0.027,0.085,0.31,1.289
3/25/2015,0.0073,0.027,0.09,0.33,1.27
3/26/2015,0.0092,0.029,0.089,0.329,1.264
3/27/2015,0.02,0.041,0.125,0.375,1.371
3/30/2015,0.0053,0.04,0.129,0.374,1.339
3/31/2015,0.005,0.046,0.141,0.405,1.346
4/1/2015,0.0052,0.038,0.118,0.388,1.358
4/2/2015,0.0043,0.027,0.1,0.341,1.32
4/3/2015,0.002,0.02,0.1,0.368,1.371
4/6/2015,0.002,0.016,0.09,0.34,1.367
4/7/2015,0.002,0.02,0.095,0.36,1.383
4/8/2015,0.0021,0.024,0.104,0.364,1.384
4/9/2015,0.0013,0.014,0.103,0.367,1.394
4/10/2015,-0.0086,0.012,0.095,0.345,1.374
4/13/2015,-0.0087,0.013,0.098,0.343,1.388
4/14/2015,-0.0088,0.01,0.081,0.33,1.364
4/15/2015,-0.0086,0.014,0.081,0.329,1.352
4/16/2015,-0.0087,0.014,0.083,0.329,1.325
4/17/2015,-0.0198,0.008,0.07,0.308,1.289
4/20/2015,-0.0196,0.009,0.084,0.31,1.274
4/21/2015,-0.0199,0.01,0.085,0.315,1.306
4/22/2015,-0.0197,0.005,0.073,0.306,1.296
4/23/2015,-0.0199,0.004,0.074,0.315,1.31
4/24/2015,-0.0178,-0.016,0.057,0.29,1.3
4/27/2015,-0.0188,0.004,0.068,0.309,1.329
4/28/2015,-0.0189,0.01,0.065,0.301,1.331
4/30/2015,-0.0029,0.012,0.09,0.342,1.356
5/1/2015,-0.0186,0.01,0.106,0.363,1.369
5/7/2015,-0.0189,0.027,0.132,0.43,1.44
5/8/2015,-0.0186,0.017,0.111,0.421,1.437
5/11/2015,-0.0049,0.01,0.089,0.396,1.432
5/12/2015,-0.0046,-0.004,0.131,0.449,1.485
5/13/2015,-0.0039,0.004,0.13,0.455,1.5
5/14/2015,-0.0017,-0.009,0.12,0.454,1.489
5/15/2015,0,-0.005,0.096,0.404,1.442
5/18/2015,0,-0.013,0.101,0.39,1.412
5/19/2015,0.0012,-0.015,0.098,0.379,1.398
5/20/2015,0.0013,-0.008,0.101,0.396,1.447
5/21/2015,0.0013,-0.005,0.109,0.414,1.466
5/22/2015,0.002,-0.004,0.11,0.419,1.469
5/25/2015,0,-0.002,0.113,0.424,1.483
5/26/2015,0,0.002,0.109,0.423,1.478
5/27/2015,0,0.005,0.098,0.39,1.463
5/28/2015,0,-0.007,0.093,0.401,1.499
5/29/2015,0.0032,0.004,0.09,0.394,1.474
6/1/2015,0.0012,0.005,0.1,0.409,1.501
6/2/2015,-0.0029,0.004,0.095,0.423,1.493
6/3/2015,-0.0026,0.009,0.109,0.474,1.519
6/4/2015,-0.0026,0.012,0.129,0.509,1.545
6/5/2015,0.002,-0.001,0.111,0.491,1.521
6/8/2015,0.002,0.004,0.111,0.496,1.541
6/9/2015,0.002,0.008,0.1,0.458,1.496
6/10/2015,0.0013,0.012,0.135,0.511,1.5
6/11/2015,0.0013,0.006,0.154,0.536,1.506
6/12/2015,0,0.013,0.125,0.518,1.504
6/15/2015,0,0.004,0.116,0.509,1.498
6/16/2015,0,0.001,0.111,0.502,1.499
6/17/2015,0,0.005,0.11,0.481,1.488
6/18/2015,0,0.016,0.102,0.449,1.471
6/19/2015,0,0.013,0.118,0.423,1.449
6/22/2015,0,0.012,0.122,0.437,1.427
6/23/2015,0,0.007,0.13,0.465,1.452
6/24/2015,0,0.001,0.121,0.464,1.451
6/25/2015,0,0.01,0.129,0.48,1.475
6/26/2015,0,-0.001,0.116,0.47,1.457
6/29/2015,0,0.017,0.12,0.451,1.448
6/30/2015,0,0.009,0.127,0.465,1.439
7/1/2015,0,0.004,0.123,0.483,1.459
7/2/2015,0,0.017,0.15,0.525,1.496
7/3/2015,-0.0036,0.018,0.123,0.488,1.473
7/6/2015,-0.0049,0.025,0.12,0.475,1.476
7/7/2015,-0.0046,0.011,0.102,0.458,1.472
7/8/2015,-0.0056,0.01,0.101,0.419,1.419
7/9/2015,-0.0057,0.011,0.105,0.448,1.44
7/10/2015,-0.0766,0.023,0.11,0.447,1.459
7/13/2015,-0.0766,0.024,0.129,0.455,1.465
7/14/2015,-0.0767,0.014,0.124,0.464,1.469
7/15/2015,-0.0768,0.01,0.126,0.456,1.451
7/16/2015,-0.0769,0.012,0.122,0.448,1.439
7/17/2015,-0.0008,0.012,0.105,0.426,1.445
7/21/2015,-0.0008,0.012,0.105,0.42,1.435
7/22/2015,-0.0008,0.012,0.101,0.423,1.414
7/23/2015,-0.0008,0.008,0.107,0.417,1.397
7/24/2015,-0.0016,0.008,0.106,0.411,1.4
7/27/2015,-0.0016,0.009,0.103,0.409,1.408
7/28/2015,-0.0016,0.009,0.107,0.412,1.413
7/29/2015,-0.0017,0.014,0.095,0.41,1.406
7/30/2015,-0.0017,0.01,0.106,0.411,1.421
7/31/2015,-0.0118,0.01,0.1,0.415,1.415
8/3/2015,-0.0116,0.014,0.098,0.418,1.423
8/4/2015,-0.0109,0.005,0.08,0.391,1.404
8/5/2015,-0.0108,0.01,0.09,0.401,1.416
8/6/2015,-0.0079,0.016,0.101,0.426,1.453
8/7/2015,-0.0036,0.01,0.101,0.42,1.44
8/10/2015,-0.0058,0.005,0.095,0.41,1.435
8/11/2015,-0.0058,0.005,0.081,0.394,1.421
8/12/2015,-0.0056,-0.005,0.084,0.359,1.396
8/13/2015,-0.0057,0.008,0.092,0.384,1.424
8/14/2015,-0.0028,0.007,0.081,0.384,1.41
8/17/2015,-0.0016,0.005,0.089,0.399,1.416
8/18/2015,-0.0016,0.005,0.079,0.377,1.4
8/19/2015,-0.0017,0.009,0.076,0.376,1.4
8/20/2015,-0.0048,0.005,0.076,0.366,1.387
8/21/2015,-0.0145,0.006,0.075,0.366,1.378
8/24/2015,-0.0147,0.005,0.069,0.348,1.363
8/25/2015,-0.0149,0.008,0.085,0.385,1.397
8/26/2015,-0.0115,0.009,0.074,0.371,1.384
8/27/2015,-0.0086,0.012,0.077,0.393,1.412
8/28/2015,-0.0008,0.014,0.072,0.379,1.395
8/31/2015,-0.0008,0.015,0.068,0.38,1.4
9/1/2015,-0.0008,0.009,0.068,0.361,1.401
9/2/2015,-0.0008,0.016,0.075,0.395,1.41
9/3/2015,-0.0008,0.016,0.079,0.401,1.406
9/4/2015,-0.0008,0.016,0.066,0.36,1.38
9/7/2015,-0.0008,0.016,0.07,0.37,1.374
9/8/2015,-0.0008,0.016,0.069,0.355,1.362
9/9/2015,-0.0008,0.016,0.072,0.369,1.407
9/10/2015,-0.0008,0.017,0.07,0.35,1.418
9/11/2015,-0.0028,0.016,0.06,0.345,1.419
9/14/2015,-0.0099,0.017,0.072,0.364,1.424
9/15/2015,-0.0096,0.023,0.088,0.382,1.432
9/16/2015,-0.0099,0.02,0.084,0.37,1.429
9/17/2015,-0.0095,0.015,0.085,0.365,1.419
9/18/2015,-0.0156,0.012,0.061,0.314,1.368
9/24/2015,-0.0158,0.015,0.059,0.331,1.365
9/25/2015,-0.0348,0.01,0.061,0.324,1.36
9/28/2015,-0.0348,0.01,0.066,0.358,1.396
9/29/2015,-0.0268,0.014,0.059,0.332,1.374
9/30/2015,-0.0225,0.02,0.066,0.356,1.404
10/1/2015,-0.0175,0.01,0.051,0.325,1.375
10/2/2015,-0.0248,0.004,0.048,0.317,1.37
10/5/2015,-0.0247,0.005,0.044,0.313,1.359
10/6/2015,-0.0249,0.007,0.055,0.329,1.371
10/7/2015,-0.0248,0.005,0.066,0.341,1.38
10/8/2015,-0.0247,0.01,0.07,0.333,1.356
10/9/2015,-0.0049,0.01,0.063,0.32,1.343
10/13/2015,-0.005,0.009,0.064,0.315,1.338
10/14/2015,-0.0048,0.01,0.053,0.31,1.338
10/15/2015,-0.0036,0.01,0.061,0.324,1.355
10/16/2015,-0.0098,0.009,0.06,0.32,1.345
10/19/2015,-0.0099,0.012,0.068,0.332,1.36
10/20/2015,-0.0097,0.015,0.057,0.314,1.35
10/21/2015,-0.0096,0.016,0.062,0.32,1.373
10/22/2015,-0.0097,0.012,0.055,0.308,1.349
10/23/2015,-0.0026,0.016,0.049,0.303,1.339
10/26/2015,-0.0026,0.016,0.058,0.321,1.361
10/27/2015,-0.0027,0.008,0.046,0.308,1.339
10/28/2015,-0.0028,0.003,0.037,0.287,1.334
10/29/2015,-0.0028,0.005,0.04,0.3,1.345
10/30/2015,-0.0007,0.007,0.043,0.309,1.349
11/2/2015,-0.0007,0.007,0.049,0.316,1.364
11/4/2015,-0.0008,0.007,0.049,0.323,1.372
11/5/2015,-0.0048,0.006,0.05,0.319,1.37
11/6/2015,-0.0049,0.001,0.05,0.324,1.371
11/9/2015,-0.0049,0.003,0.048,0.335,1.398
11/10/2015,-0.0046,-0.005,0.041,0.319,1.386
11/11/2015,-0.0048,0.005,0.038,0.318,1.386
11/12/2015,-0.0048,0.005,0.044,0.301,1.385
11/13/2015,-0.0349,-0.005,0.044,0.305,1.396
11/16/2015,-0.0349,-0.005,0.048,0.303,1.388
11/17/2015,-0.0349,-0.01,0.035,0.299,1.394
11/18/2015,-0.0677,-0.015,0.035,0.3,1.401
11/19/2015,-0.1117,-0.02,0.038,0.3,1.385
11/20/2015,-0.1037,-0.02,0.045,0.324,1.409
11/24/2015,-0.1036,-0.002,0.046,0.32,1.402
11/25/2015,-0.1026,-0.007,0.039,0.304,1.386
11/26/2015,-0.0847,-0.005,0.039,0.3,1.378
11/27/2015,-0.0498,-0.008,0.042,0.308,1.383
11/30/2015,-0.0499,-0.005,0.041,0.307,1.383
12/1/2015,-0.0496,-0.005,0.04,0.299,1.38
12/2/2015,-0.0577,-0.005,0.035,0.322,1.385
12/3/2015,-0.0579,-0.015,0.036,0.319,1.393
12/4/2015,-0.0707,-0.018,0.051,0.341,1.415
12/7/2015,-0.0706,-0.019,0.046,0.33,1.405
12/8/2015,-0.0687,-0.027,0.035,0.32,1.383
12/9/2015,-0.0569,-0.026,0.034,0.306,1.374
12/10/2015,-0.0369,-0.03,0.037,0.312,1.367
12/11/2015,-0.0169,-0.024,0.046,0.322,1.371
12/14/2015,-0.0167,-0.025,0.045,0.3,1.366
12/15/2015,-0.0169,-0.025,0.033,0.3,1.358
12/16/2015,-0.0226,-0.025,0.047,0.304,1.357
12/17/2015,-0.0228,-0.031,0.044,0.3,1.342
12/18/2015,-0.0138,-0.048,0.035,0.27,1.301
12/21/2015,-0.0139,-0.034,0.04,0.28,1.272
12/22/2015,-0.0136,-0.049,0.044,0.275,1.272
12/24/2015,-0.0129,-0.009,0.042,0.281,1.271
12/25/2015,-0.0368,-0.007,0.048,0.279,1.27
12/28/2015,-0.0438,-0.01,0.039,0.267,1.268
12/29/2015,-0.0419,-0.007,0.04,0.268,1.274
12/30/2015,-0.0408,-0.009,0.028,0.265,1.273
1/4/2016,-0.0389,-0.009,0.027,0.262,1.268
1/5/2016,-0.0377,-0.015,0.01,0.26,1.251
1/6/2016,-0.0347,-0.014,0.023,0.25,1.242
1/7/2016,-0.0326,-0.004,0.017,0.244,1.217
1/8/2016,-0.0269,-0.016,0.02,0.229,1.201
1/12/2016,-0.0268,-0.022,0.02,0.222,1.185
1/13/2016,-0.0269,-0.031,0.013,0.2,1.179
1/14/2016,-0.0268,-0.021,0.024,0.244,1.245
1/15/2016,-0.0237,-0.019,0.004,0.221,1.236
1/18/2016,-0.0236,-0.026,0.021,0.212,1.206
1/19/2016,-0.0218,-0.022,0.028,0.225,1.225
1/20/2016,-0.0208,-0.007,0.025,0.217,1.21
1/21/2016,-0.0206,-0.003,0.029,0.233,1.199
1/22/2016,-0.0336,-0.016,0.022,0.24,1.185
1/25/2016,-0.0348,-0.022,0.013,0.226,1.185
1/26/2016,-0.0348,-0.013,0.014,0.22,1.168
1/27/2016,-0.0399,-0.01,0.01,0.214,1.145
1/28/2016,-0.0395,-0.031,0.017,0.229,1.175
1/29/2016,-0.1057,-0.072,-0.065,0.1,0.995
2/1/2016,-0.1956,-0.158,-0.118,0.055,0.964
2/2/2016,-0.1979,-0.145,-0.097,0.086,1.086
2/3/2016,-0.1976,-0.174,-0.135,0.065,1.076
2/4/2016,-0.1978,-0.17,-0.147,0.057,1.061
2/5/2016,-0.1677,-0.191,-0.18,0.027,1.073
2/8/2016,-0.1617,-0.188,-0.17,0.045,1.08
2/9/2016,-0.1618,-0.24,-0.25,-0.025,1.054
2/10/2016,-0.1599,-0.217,-0.21,0.022,1.092
2/12/2016,-0.1156,-0.155,-0.138,0.09,1.156
2/15/2016,-0.1148,-0.138,-0.119,0.088,1.162
2/16/2016,-0.1165,-0.163,-0.147,0.03,1.05
2/17/2016,-0.1177,-0.142,-0.122,0.055,1.046
2/18/2016,-0.1178,-0.185,-0.14,0.02,1.02
2/19/2016,-0.1179,-0.195,-0.156,0.013,1.016
2/22/2016,-0.1175,-0.207,-0.175,-0.005,1.015
2/23/2016,-0.1176,-0.197,-0.166,0.004,0.979
2/24/2016,-0.1175,-0.217,-0.2,-0.055,0.919
2/25/2016,-0.1185,-0.22,-0.195,-0.069,0.834
2/26/2016,-0.0938,-0.226,-0.21,-0.065,0.846
2/29/2016,-0.0949,-0.235,-0.223,-0.06,0.855
3/1/2016,-0.0947,-0.217,-0.215,-0.06,0.789
3/2/2016,-0.0947,-0.209,-0.195,-0.028,0.792
3/3/2016,-0.0949,-0.185,-0.165,-0.01,0.765
3/4/2016,-0.0988,-0.201,-0.19,-0.044,0.702
3/7/2016,-0.0986,-0.21,-0.199,-0.049,0.69
3/8/2016,-0.0989,-0.232,-0.23,-0.099,0.475
3/9/2016,-0.0907,-0.157,-0.155,-0.015,0.716
3/10/2016,-0.0905,-0.167,-0.157,-0.017,0.77
3/11/2016,-0.0877,-0.155,-0.141,-0.005,0.8
3/14/2016,-0.0887,-0.17,-0.168,-0.039,0.746
3/15/2016,-0.1036,-0.145,-0.125,-0.007,0.699
3/16/2016,-0.1107,-0.182,-0.196,-0.079,0.641
3/17/2016,-0.1116,-0.208,-0.18,-0.044,0.6
3/18/2016,-0.1098,-0.234,-0.225,-0.093,0.446
3/22/2016,-0.1098,-0.205,-0.211,-0.097,0.383
3/23/2016,-0.1116,-0.233,-0.225,-0.114,0.46
3/24/2016,-0.1138,-0.211,-0.217,-0.084,0.527
3/25/2016,-0.1197,-0.24,-0.231,-0.093,0.507
3/28/2016,-0.1198,-0.223,-0.225,-0.084,0.515
3/29/2016,-0.1199,-0.218,-0.22,-0.083,0.515
3/30/2016,-0.1198,-0.224,-0.22,-0.088,0.507
3/31/2016,-0.1195,-0.184,-0.182,-0.029,0.54
4/1/2016,-0.1188,-0.223,-0.205,-0.059,0.414
4/4/2016,-0.1157,-0.225,-0.223,-0.075,0.4
4/5/2016,-0.1126,-0.218,-0.198,-0.053,0.434
4/6/2016,-0.0938,-0.229,-0.209,-0.058,0.457
4/7/2016,-0.1169,-0.24,-0.207,-0.052,0.415
4/8/2016,-0.4788,-0.252,-0.235,-0.075,0.429
4/11/2016,-0.4768,-0.244,-0.224,-0.086,0.393
4/12/2016,-0.4739,-0.251,-0.235,-0.102,0.406
4/13/2016,-0.4718,-0.24,-0.212,-0.076,0.416
4/14/2016,-0.4709,-0.262,-0.21,-0.092,0.405
4/15/2016,-0.1848,-0.248,-0.225,-0.115,0.395
4/18/2016,-0.1869,-0.251,-0.223,-0.11,0.374
4/19/2016,-0.1869,-0.264,-0.241,-0.123,0.328
4/20/2016,-0.1888,-0.263,-0.251,-0.133,0.283
4/21/2016,-0.2275,-0.257,-0.228,-0.114,0.264
4/22/2016,-0.3016,-0.281,-0.255,-0.11,0.34
4/25/2016,-0.3096,-0.256,-0.215,-0.06,0.418
4/26/2016,-0.3095,-0.263,-0.236,-0.1,0.34
4/27/2016,-0.3095,-0.233,-0.194,-0.047,0.389
4/28/2016,-0.2848,-0.236,-0.195,-0.075,0.334
5/2/2016,-0.2847,-0.239,-0.23,-0.124,0.267
5/6/2016,-0.2846,-0.248,-0.237,-0.114,0.27
5/9/2016,-0.2837,-0.241,-0.227,-0.095,0.291
5/10/2016,-0.2758,-0.244,-0.227,-0.085,0.324
5/11/2016,-0.2379,-0.235,-0.225,-0.104,0.301
5/12/2016,-0.2377,-0.253,-0.231,-0.118,0.328
5/13/2016,-0.2598,-0.25,-0.229,-0.109,0.353
5/16/2016,-0.2656,-0.245,-0.224,-0.104,0.376
5/17/2016,-0.2658,-0.24,-0.219,-0.102,0.364
5/18/2016,-0.2648,-0.24,-0.214,-0.093,0.374
5/19/2016,-0.2597,-0.225,-0.195,-0.065,0.349
5/20/2016,-0.2627,-0.244,-0.227,-0.113,0.319
5/23/2016,-0.2627,-0.233,-0.209,-0.094,0.336
5/24/2016,-0.2679,-0.234,-0.221,-0.104,0.338
5/25/2016,-0.2696,-0.226,-0.209,-0.083,0.357
5/26/2016,-0.2746,-0.225,-0.225,-0.12,0.32
5/27/2016,-0.2827,-0.237,-0.234,-0.113,0.297
5/30/2016,-0.2826,-0.23,-0.221,-0.113,0.333
5/31/2016,-0.2838,-0.233,-0.225,-0.105,0.304
6/1/2016,-0.2839,-0.24,-0.231,-0.112,0.33
6/2/2016,-0.2808,-0.234,-0.215,-0.1,0.322
6/3/2016,-0.2549,-0.23,-0.22,-0.095,0.32
6/6/2016,-0.2549,-0.239,-0.232,-0.11,0.3
6/7/2016,-0.2549,-0.239,-0.23,-0.118,0.278
6/8/2016,-0.2536,-0.239,-0.218,-0.1,0.311
6/9/2016,-0.2518,-0.244,-0.242,-0.125,0.304
6/10/2016,-0.2659,-0.269,-0.264,-0.14,0.276
6/13/2016,-0.2636,-0.265,-0.265,-0.157,0.253
6/14/2016,-0.2616,-0.273,-0.272,-0.155,0.239
6/15/2016,-0.2609,-0.277,-0.286,-0.179,0.216
6/16/2016,-0.2569,-0.27,-0.28,-0.191,0.149
6/17/2016,-0.2537,-0.249,-0.238,-0.15,0.24
6/20/2016,-0.2516,-0.246,-0.24,-0.145,0.27
6/21/2016,-0.2507,-0.243,-0.232,-0.142,0.267
6/22/2016,-0.2476,-0.23,-0.23,-0.138,0.257
6/23/2016,-0.2479,-0.225,-0.228,-0.14,0.209
6/24/2016,-0.2647,-0.27,-0.271,-0.17,0.151
6/27/2016,-0.2685,-0.28,-0.275,-0.19,0.1
6/28/2016,-0.2859,-0.296,-0.305,-0.215,0.064
6/29/2016,-0.2735,-0.297,-0.315,-0.23,0.094
6/30/2016,-0.2729,-0.295,-0.306,-0.217,0.135
7/1/2016,-0.3278,-0.328,-0.352,-0.253,0.104
7/4/2016,-0.3269,-0.324,-0.344,-0.24,0.081
7/5/2016,-0.3269,-0.325,-0.345,-0.247,0.061
7/6/2016,-0.3269,-0.33,-0.352,-0.265,0.052
7/7/2016,-0.3269,-0.341,-0.358,-0.274,0.072
7/8/2016,-0.3128,-0.351,-0.366,-0.282,0.095
7/11/2016,-0.3139,-0.346,-0.351,-0.267,0.106
7/12/2016,-0.3129,-0.346,-0.352,-0.27,0.15
7/13/2016,-0.3108,-0.351,-0.35,-0.28,0.13
7/14/2016,-0.3005,-0.345,-0.347,-0.257,0.149
7/15/2016,-0.2859,-0.33,-0.307,-0.225,0.19
7/19/2016,-0.2758,-0.319,-0.306,-0.219,0.204
7/20/2016,-0.2688,-0.322,-0.325,-0.232,0.21
7/21/2016,-0.2676,-0.316,-0.315,-0.216,0.278
7/22/2016,-0.2745,-0.326,-0.328,-0.22,0.255
7/25/2016,-0.2739,-0.329,-0.339,-0.24,0.27
7/26/2016,-0.2737,-0.33,-0.339,-0.245,0.267
7/27/2016,-0.2757,-0.361,-0.37,-0.287,0.293
7/28/2016,-0.2759,-0.347,-0.35,-0.27,0.25
7/29/2016,-0.2709,-0.25,-0.266,-0.19,0.26
8/1/2016,-0.2739,-0.233,-0.224,-0.135,0.29
8/2/2016,-0.2746,-0.17,-0.155,-0.075,0.325
8/3/2016,-0.2718,-0.172,-0.168,-0.083,0.369
8/4/2016,-0.2689,-0.171,-0.168,-0.078,0.423
8/5/2016,-0.2287,-0.187,-0.185,-0.093,0.388
8/8/2016,-0.2276,-0.17,-0.155,-0.039,0.42
8/9/2016,-0.2275,-0.187,-0.184,-0.077,0.443
8/10/2016,-0.2267,-0.196,-0.188,-0.095,0.393
8/12/2016,-0.2278,-0.191,-0.177,-0.102,0.348
8/15/2016,-0.2296,-0.184,-0.159,-0.085,0.34
8/16/2016,-0.2297,-0.194,-0.174,-0.085,0.357
8/17/2016,-0.2297,-0.186,-0.156,-0.07,0.354
8/18/2016,-0.2298,-0.195,-0.175,-0.082,0.354
8/19/2016,-0.2389,-0.201,-0.179,-0.078,0.325
8/22/2016,-0.2387,-0.203,-0.168,-0.06,0.353
8/23/2016,-0.2369,-0.205,-0.178,-0.08,0.318
8/24/2016,-0.2366,-0.185,-0.165,-0.068,0.336
8/25/2016,-0.2369,-0.181,-0.173,-0.085,0.333
8/26/2016,-0.2446,-0.172,-0.167,-0.07,0.351
8/29/2016,-0.2458,-0.181,-0.176,-0.063,0.38
8/30/2016,-0.2486,-0.197,-0.182,-0.075,0.41
8/31/2016,-0.2497,-0.196,-0.173,-0.063,0.429
9/1/2016,-0.2496,-0.182,-0.157,-0.048,0.448
9/2/2016,-0.2495,-0.179,-0.149,-0.033,0.513
9/5/2016,-0.2739,-0.185,-0.151,-0.033,0.537
9/6/2016,-0.2758,-0.175,-0.15,-0.018,0.505
9/7/2016,-0.2757,-0.192,-0.172,-0.048,0.421
9/8/2016,-0.2759,-0.185,-0.16,-0.034,0.437
9/9/2016,-0.2979,-0.2,-0.158,-0.015,0.518
9/12/2016,-0.3149,-0.234,-0.163,-0.002,0.554
9/13/2016,-0.3278,-0.244,-0.173,-0.013,0.518
9/14/2016,-0.3278,-0.259,-0.193,-0.021,0.577
9/15/2016,-0.3278,-0.26,-0.206,-0.038,0.566
9/16/2016,-0.366,-0.255,-0.204,-0.039,0.555
9/20/2016,-0.3659,-0.265,-0.205,-0.063,0.505
9/21/2016,-0.3436,-0.223,-0.174,-0.027,0.517
9/23/2016,-0.3429,-0.209,-0.184,-0.045,0.48
9/26/2016,-0.3419,-0.227,-0.196,-0.064,0.492
9/27/2016,-0.3416,-0.255,-0.238,-0.074,0.51
9/28/2016,-0.3417,-0.293,-0.239,-0.09,0.465
9/29/2016,-0.3418,-0.285,-0.238,-0.08,0.445
9/30/2016,-0.3976,-0.287,-0.245,-0.089,0.46
10/3/2016,-0.3988,-0.275,-0.229,-0.068,0.458
10/4/2016,-0.3987,-0.278,-0.226,-0.072,0.463
10/5/2016,-0.3986,-0.276,-0.223,-0.057,0.503
10/6/2016,-0.3909,-0.275,-0.216,-0.058,0.503
10/7/2016,-0.3128,-0.273,-0.213,-0.059,0.521
10/11/2016,-0.3127,-0.256,-0.193,-0.045,0.533
10/12/2016,-0.3046,-0.26,-0.195,-0.056,0.505
10/13/2016,-0.2909,-0.26,-0.194,-0.056,0.498
10/14/2016,-0.2906,-0.267,-0.203,-0.054,0.502
10/17/2016,-0.291,-0.267,-0.202,-0.052,0.507
10/18/2016,-0.289,-0.27,-0.204,-0.05,0.503
10/19/2016,-0.2869,-0.272,-0.212,-0.057,0.508
10/20/2016,-0.2808,-0.265,-0.21,-0.065,0.506
10/21/2016,-0.3039,-0.25,-0.195,-0.052,0.51
10/24/2016,-0.308,-0.241,-0.188,-0.051,0.498
10/25/2016,-0.307,-0.25,-0.199,-0.065,0.493
10/26/2016,-0.3038,-0.249,-0.199,-0.064,0.489
10/27/2016,-0.2828,-0.259,-0.196,-0.052,0.502
10/28/2016,-0.2636,-0.236,-0.183,-0.042,0.523
10/31/2016,-0.2716,-0.239,-0.189,-0.048,0.513
11/1/2016,-0.2737,-0.243,-0.192,-0.046,0.512
11/2/2016,-0.2759,-0.258,-0.199,-0.063,0.49
11/4/2016,-0.2849,-0.258,-0.207,-0.062,0.492
11/7/2016,-0.2848,-0.251,-0.2,-0.046,0.503
11/8/2016,-0.2859,-0.256,-0.199,-0.061,0.502
11/9/2016,-0.2957,-0.263,-0.204,-0.067,0.488
11/10/2016,-0.2958,-0.252,-0.177,-0.037,0.531
11/11/2016,-0.2769,-0.239,-0.164,-0.022,0.535
11/14/2016,-0.2768,-0.209,-0.144,-0.009,0.556
11/15/2016,-0.2766,-0.174,-0.113,0.009,0.572
11/16/2016,-0.2749,-0.1,-0.04,0.027,0.583
11/17/2016,-0.2727,-0.155,-0.099,0.011,0.565
11/18/2016,-0.2879,-0.165,-0.088,0.04,0.607
11/21/2016,-0.2898,-0.172,-0.099,0.03,0.614
11/22/2016,-0.2897,-0.154,-0.086,0.033,0.631
11/24/2016,-0.2897,-0.161,-0.086,0.032,0.647
11/25/2016,-0.2997,-0.138,-0.077,0.042,0.611
11/28/2016,-0.2998,-0.146,-0.091,0.022,0.576
11/29/2016,-0.3208,-0.17,-0.095,0.02,0.574
11/30/2016,-0.3358,-0.157,-0.094,0.025,0.575
12/1/2016,-0.3347,-0.17,-0.09,0.031,0.598
12/2/2016,-0.3919,-0.18,-0.1,0.04,0.595
12/5/2016,-0.3968,-0.179,-0.1,0.041,0.596
12/6/2016,-0.3968,-0.191,-0.094,0.05,0.625
12/7/2016,-0.4026,-0.19,-0.102,0.032,0.628
12/8/2016,-0.4027,-0.179,-0.086,0.049,0.665
12/9/2016,-0.4427,-0.179,-0.082,0.061,0.708
12/12/2016,-0.4428,-0.18,-0.065,0.088,0.795
12/13/2016,-0.4428,-0.176,-0.075,0.086,0.809
12/14/2016,-0.4418,-0.189,-0.075,0.059,0.761
12/15/2016,-0.4319,-0.19,-0.057,0.09,0.737
12/16/2016,-0.3976,-0.175,-0.058,0.081,0.668
12/19/2016,-0.3976,-0.168,-0.058,0.088,0.727
12/20/2016,-0.4006,-0.188,-0.073,0.071,0.666
12/21/2016,-0.4027,-0.18,-0.078,0.061,0.66
12/22/2016,-0.4466,-0.174,-0.079,0.056,0.693
12/26/2016,-0.4467,-0.175,-0.08,0.061,0.69
12/27/2016,-0.4468,-0.177,-0.082,0.064,0.684
12/28/2016,-0.4319,-0.162,-0.086,0.06,0.722
12/29/2016,-0.4107,-0.166,-0.106,0.04,0.712
12/30/2016,-0.3909,-0.18,-0.108,0.046,0.723
1/4/2017,-0.3676,-0.19,-0.103,0.065,0.748
1/5/2017,-0.3518,-0.197,-0.114,0.06,0.763
1/6/2017,-0.3547,-0.204,-0.118,0.059,0.743
1/10/2017,-0.3496,-0.249,-0.121,0.064,0.754
1/11/2017,-0.3469,-0.244,-0.129,0.065,0.77
1/12/2017,-0.3137,-0.221,-0.126,0.04,0.739
1/13/2017,-0.2659,-0.222,-0.124,0.05,0.735
1/16/2017,-0.2656,-0.222,-0.124,0.053,0.738
1/17/2017,-0.2779,-0.224,-0.124,0.047,0.737
1/18/2017,-0.2787,-0.228,-0.115,0.057,0.732
1/19/2017,-0.2786,-0.236,-0.101,0.077,0.782
1/20/2017,-0.3098,-0.232,-0.123,0.066,0.809
1/23/2017,-0.3096,-0.227,-0.124,0.057,0.792
1/24/2017,-0.3098,-0.233,-0.134,0.052,0.795
1/25/2017,-0.3087,-0.218,-0.1,0.074,0.819
1/26/2017,-0.3089,-0.204,-0.081,0.091,0.838
1/27/2017,-0.2856,-0.192,-0.093,0.084,0.844
1/30/2017,-0.2876,-0.232,-0.093,0.085,0.84
1/31/2017,-0.2888,-0.194,-0.09,0.087,0.832
2/1/2017,-0.2887,-0.215,-0.089,0.098,0.841
2/2/2017,-0.2887,-0.207,-0.087,0.116,0.87
2/3/2017,-0.287,-0.225,-0.09,0.1,0.872
2/6/2017,-0.2839,-0.212,-0.073,0.106,0.907
2/7/2017,-0.2767,-0.211,-0.077,0.108,0.911
2/8/2017,-0.2679,-0.215,-0.083,0.098,0.908
2/9/2017,-0.2448,-0.191,-0.086,0.099,0.867
2/10/2017,-0.2156,-0.207,-0.081,0.092,0.858
2/13/2017,-0.2197,-0.202,-0.08,0.093,0.871
2/14/2017,-0.2209,-0.209,-0.084,0.098,0.895
2/15/2017,-0.2188,-0.235,-0.1,0.091,0.897
2/16/2017,-0.2219,-0.235,-0.091,0.099,0.919
2/17/2017,-0.2676,-0.236,-0.095,0.094,0.925
2/20/2017,-0.2677,-0.229,-0.088,0.102,0.924
2/21/2017,-0.2687,-0.23,-0.095,0.095,0.92
2/22/2017,-0.2688,-0.257,-0.117,0.083,0.902
2/23/2017,-0.2966,-0.257,-0.111,0.084,0.858
2/24/2017,-0.3286,-0.255,-0.131,0.068,0.854
2/27/2017,-0.3286,-0.265,-0.137,0.054,0.805
2/28/2017,-0.3269,-0.263,-0.138,0.056,0.809
3/1/2017,-0.3169,-0.247,-0.128,0.065,0.849
3/2/2017,-0.3348,-0.275,-0.141,0.069,0.88
3/3/2017,-0.4006,-0.284,-0.152,0.078,0.855
3/6/2017,-0.4077,-0.291,-0.151,0.074,0.827
3/7/2017,-0.4057,-0.288,-0.148,0.076,0.846
3/8/2017,-0.3937,-0.28,-0.14,0.08,0.872
3/9/2017,-0.3936,-0.255,-0.116,0.096,0.865
3/10/2017,-0.3818,-0.261,-0.116,0.089,0.869
3/13/2017,-0.3779,-0.251,-0.108,0.09,0.875
3/14/2017,-0.3496,-0.255,-0.11,0.097,0.874
3/15/2017,-0.3295,-0.248,-0.109,0.097,0.864
3/16/2017,-0.3306,-0.261,-0.13,0.075,0.834
3/17/2017,-0.3348,-0.255,-0.13,0.075,0.84
3/21/2017,-0.3357,-0.254,-0.139,0.066,0.856
3/22/2017,-0.3356,-0.254,-0.149,0.061,0.841
3/23/2017,-0.3256,-0.268,-0.158,0.057,0.837
3/24/2017,-0.3139,-0.259,-0.149,0.065,0.833
3/27/2017,-0.3079,-0.26,-0.157,0.056,0.841
3/28/2017,-0.2909,-0.262,-0.152,0.058,0.829
3/29/2017,-0.2657,-0.246,-0.138,0.058,0.828
3/30/2017,-0.2377,-0.228,-0.129,0.068,0.838
3/31/2017,-0.1957,-0.186,-0.118,0.07,0.853
4/3/2017,-0.1689,-0.16,-0.103,0.075,0.851
4/4/2017,-0.1527,-0.176,-0.122,0.066,0.869
4/5/2017,-0.1576,-0.195,-0.135,0.066,0.874
4/6/2017,-0.1477,-0.208,-0.136,0.06,0.837
4/7/2017,-0.1398,-0.209,-0.144,0.061,0.846
4/10/2017,-0.1389,-0.205,-0.145,0.059,0.853
4/11/2017,-0.1396,-0.224,-0.159,0.037,0.836
4/12/2017,-0.1337,-0.213,-0.158,0.029,0.811
4/13/2017,-0.1138,-0.211,-0.158,0.031,0.793
4/14/2017,-0.1078,-0.225,-0.175,0.01,0.765
4/17/2017,-0.1098,-0.207,-0.162,0.008,0.73
4/18/2017,-0.1239,-0.22,-0.164,0.01,0.781
4/19/2017,-0.1296,-0.21,-0.17,0.011,0.766
4/20/2017,-0.1476,-0.219,-0.168,0.02,0.763
4/21/2017,-0.1656,-0.22,-0.17,0.016,0.76
4/24/2017,-0.1666,-0.213,-0.158,0.022,0.775
4/25/2017,-0.1677,-0.2,-0.151,0.026,0.779
4/26/2017,-0.1568,-0.205,-0.16,0.016,0.804
4/27/2017,-0.1418,-0.186,-0.143,0.023,0.803
4/28/2017,-0.1416,-0.209,-0.154,0.018,0.781
5/1/2017,-0.1389,-0.206,-0.161,0.014,0.789
5/2/2017,-0.1357,-0.196,-0.154,0.021,0.796
5/8/2017,-0.1376,-0.198,-0.148,0.027,0.807
5/9/2017,-0.1388,-0.181,-0.131,0.04,0.829
5/10/2017,-0.1385,-0.177,-0.128,0.042,0.827
5/11/2017,-0.1305,-0.176,-0.114,0.054,0.842
5/12/2017,-0.1328,-0.172,-0.119,0.047,0.843
5/15/2017,-0.1326,-0.165,-0.116,0.044,0.834
5/16/2017,-0.1295,-0.164,-0.114,0.046,0.841
5/17/2017,-0.1246,-0.154,-0.109,0.046,0.838
5/18/2017,-0.1248,-0.152,-0.107,0.047,0.801
5/19/2017,-0.1299,-0.156,-0.118,0.04,0.798
5/22/2017,-0.1297,-0.161,-0.118,0.053,0.812
5/23/2017,-0.1295,-0.155,-0.12,0.049,0.804
5/24/2017,-0.1268,-0.158,-0.113,0.053,0.807
5/25/2017,-0.1266,-0.165,-0.115,0.05,0.815
5/26/2017,-0.1299,-0.163,-0.116,0.042,0.799
5/29/2017,-0.1297,-0.167,-0.116,0.039,0.804
5/30/2017,-0.1295,-0.164,-0.119,0.043,0.801
5/31/2017,-0.1277,-0.158,-0.113,0.049,0.804
6/1/2017,-0.1209,-0.161,-0.113,0.047,0.818
6/2/2017,-0.117,-0.153,-0.109,0.055,0.812
6/5/2017,-0.1177,-0.145,-0.105,0.05,0.805
6/6/2017,-0.1157,-0.142,-0.111,0.042,0.799
6/7/2017,-0.1029,-0.112,-0.096,0.047,0.802
6/8/2017,-0.0949,-0.101,-0.078,0.069,0.839
6/9/2017,-0.1037,-0.104,-0.068,0.056,0.826
6/12/2017,-0.1107,-0.107,-0.074,0.058,0.828
6/13/2017,-0.1107,-0.1,-0.064,0.064,0.82
6/14/2017,-0.1038,-0.108,-0.065,0.07,0.819
6/15/2017,-0.1038,-0.117,-0.074,0.053,0.797
6/16/2017,-0.1029,-0.114,-0.074,0.056,0.819
6/19/2017,-0.1016,-0.105,-0.069,0.055,0.814
6/20/2017,-0.1007,-0.111,-0.074,0.057,0.813
6/21/2017,-0.0965,-0.097,-0.069,0.062,0.8
6/22/2017,-0.0929,-0.099,-0.067,0.058,0.776
6/23/2017,-0.0967,-0.098,-0.073,0.057,0.805
6/26/2017,-0.0949,-0.101,-0.076,0.054,0.814
6/27/2017,-0.0947,-0.107,-0.089,0.047,0.805
6/28/2017,-0.0929,-0.114,-0.083,0.064,0.821
6/29/2017,-0.0888,-0.118,-0.078,0.063,0.817
6/30/2017,-0.0947,-0.12,-0.064,0.086,0.853
7/3/2017,-0.0937,-0.119,-0.069,0.086,0.856
7/4/2017,-0.0926,-0.124,-0.064,0.081,0.861
7/5/2017,-0.0916,-0.105,-0.049,0.092,0.879
7/6/2017,-0.0905,-0.095,-0.036,0.104,0.893
7/7/2017,-0.0916,-0.103,-0.043,0.087,0.905
7/10/2017,-0.0926,-0.096,-0.031,0.094,0.894
7/11/2017,-0.0937,-0.099,-0.033,0.096,0.913
7/12/2017,-0.0955,-0.106,-0.04,0.089,0.897
7/13/2017,-0.0989,-0.106,-0.04,0.084,0.864
7/14/2017,-0.1136,-0.104,-0.044,0.083,0.874
7/18/2017,-0.1136,-0.101,-0.047,0.072,0.87
7/19/2017,-0.1146,-0.11,-0.055,0.075,0.869
7/20/2017,-0.1179,-0.107,-0.052,0.078,0.868
7/21/2017,-0.1258,-0.118,-0.063,0.067,0.862
7/24/2017,-0.1277,-0.117,-0.067,0.072,0.872
7/25/2017,-0.1329,-0.104,-0.059,0.076,0.86
7/26/2017,-0.1285,-0.105,-0.055,0.079,0.864
7/27/2017,-0.1248,-0.111,-0.06,0.073,0.861
7/28/2017,-0.1299,-0.114,-0.059,0.076,0.866
7/31/2017,-0.1306,-0.113,-0.058,0.083,0.879
8/1/2017,-0.1295,-0.113,-0.057,0.078,0.882
8/2/2017,-0.1246,-0.113,-0.057,0.078,0.884
8/3/2017,-0.1147,-0.116,-0.066,0.069,0.869
8/4/2017,-0.1119,-0.107,-0.059,0.065,0.873
8/7/2017,-0.1107,-0.103,-0.053,0.072,0.882
8/8/2017,-0.1107,-0.102,-0.055,0.07,0.875
8/9/2017,-0.1077,-0.113,-0.067,0.058,0.859
8/10/2017,-0.1156,-0.107,-0.063,0.063,0.853
8/14/2017,-0.1206,-0.109,-0.067,0.058,0.848
8/15/2017,-0.1249,-0.112,-0.076,0.05,0.85
8/16/2017,-0.1246,-0.112,-0.074,0.042,0.868
8/17/2017,-0.1248,-0.105,-0.074,0.054,0.869
8/18/2017,-0.1418,-0.137,-0.1,0.033,0.852
8/21/2017,-0.1438,-0.134,-0.104,0.031,0.847
8/22/2017,-0.1438,-0.129,-0.092,0.043,0.838
8/23/2017,-0.1416,-0.13,-0.094,0.038,0.833
8/24/2017,-0.1499,-0.137,-0.113,0.027,0.827
8/25/2017,-0.1746,-0.152,-0.132,0.019,0.84
8/28/2017,-0.1749,-0.154,-0.129,0.011,0.836
8/29/2017,-0.1748,-0.153,-0.145,0.009,0.835
8/30/2017,-0.1737,-0.147,-0.13,0.011,0.836
8/31/2017,-0.2008,-0.161,-0.136,0.009,0.829
9/1/2017,-0.2299,-0.167,-0.146,-0.001,0.823
9/4/2017,-0.2226,-0.149,-0.144,-0.009,0.811
9/5/2017,-0.2167,-0.145,-0.129,0.006,0.811
9/6/2017,-0.2028,-0.145,-0.135,0.012,0.813
9/7/2017,-0.1938,-0.145,-0.137,0.01,0.824
9/8/2017,-0.1848,-0.149,-0.151,0.004,0.816
9/11/2017,-0.1828,-0.145,-0.134,0.01,0.817
9/12/2017,-0.1799,-0.129,-0.115,0.02,0.825
9/13/2017,-0.1556,-0.134,-0.118,0.034,0.832
9/14/2017,-0.1397,-0.125,-0.095,0.05,0.86
9/15/2017,-0.1248,-0.134,-0.119,0.029,0.831
9/19/2017,-0.1249,-0.129,-0.108,0.039,0.844
9/20/2017,-0.1246,-0.12,-0.104,0.029,0.84
9/21/2017,-0.1078,-0.125,-0.099,0.04,0.826
9/22/2017,-0.1078,-0.125,-0.109,0.034,0.814
9/25/2017,-0.1098,-0.124,-0.111,0.028,0.825
9/26/2017,-0.1098,-0.124,-0.108,0.034,0.83
9/27/2017,-0.1146,-0.118,-0.085,0.059,0.86
9/28/2017,-0.1217,-0.108,-0.067,0.074,0.882
9/29/2017,-0.1719,-0.121,-0.08,0.068,0.866
10/2/2017,-0.1718,-0.104,-0.061,0.075,0.882
10/3/2017,-0.1717,-0.109,-0.068,0.074,0.89
10/4/2017,-0.1717,-0.131,-0.093,0.055,0.879
10/5/2017,-0.1748,-0.136,-0.098,0.046,0.876
10/6/2017,-0.1708,-0.136,-0.093,0.056,0.887
10/10/2017,-0.1707,-0.144,-0.093,0.055,0.888
10/11/2017,-0.1707,-0.141,-0.091,0.066,0.879
10/12/2017,-0.1706,-0.142,-0.087,0.067,0.868
10/13/2017,-0.1827,-0.141,-0.086,0.064,0.877
10/16/2017,-0.1847,-0.14,-0.085,0.064,0.88
10/17/2017,-0.1847,-0.135,-0.08,0.07,0.88
10/18/2017,-0.1828,-0.128,-0.074,0.073,0.891
10/19/2017,-0.1897,-0.144,-0.089,0.067,0.886
10/20/2017,-0.2059,-0.13,-0.077,0.075,0.894
10/23/2017,-0.2077,-0.134,-0.079,0.069,0.886
10/24/2017,-0.2068,-0.13,-0.075,0.069,0.88
10/25/2017,-0.1928,-0.135,-0.08,0.07,0.871
10/26/2017,-0.1937,-0.143,-0.088,0.07,0.873
10/27/2017,-0.1998,-0.144,-0.09,0.073,0.877
10/30/2017,-0.1996,-0.155,-0.087,0.07,0.879
10/31/2017,-0.1996,-0.16,-0.094,0.071,0.873
11/1/2017,-0.1986,-0.149,-0.095,0.061,0.855
11/2/2017,-0.2038,-0.161,-0.095,0.055,0.849
11/6/2017,-0.2048,-0.179,-0.12,0.024,0.82
11/7/2017,-0.2096,-0.18,-0.13,0.032,0.82
11/8/2017,-0.2196,-0.203,-0.135,0.026,0.807
11/9/2017,-0.2236,-0.196,-0.124,0.03,0.803
11/10/2017,-0.2336,-0.178,-0.107,0.043,0.811
11/13/2017,-0.2296,-0.165,-0.097,0.05,0.828
11/14/2017,-0.2138,-0.183,-0.069,0.05,0.829
11/15/2017,-0.2116,-0.184,-0.111,0.046,0.822
11/16/2017,-0.2168,-0.188,-0.113,0.052,0.822
11/17/2017,-0.2416,-0.197,-0.122,0.036,0.823
11/20/2017,-0.2429,-0.198,-0.128,0.038,0.817
11/21/2017,-0.243,-0.196,-0.133,0.033,0.815
11/22/2017,-0.2488,-0.184,-0.13,0.025,0.807
11/24/2017,-0.2538,-0.178,-0.126,0.029,0.839
11/27/2017,-0.2407,-0.17,-0.116,0.043,0.844
11/28/2017,-0.2378,-0.166,-0.118,0.04,0.846
11/29/2017,-0.2377,-0.167,-0.116,0.03,0.832
11/30/2017,-0.2006,-0.156,-0.111,0.039,0.828
12/1/2017,-0.1778,-0.151,-0.116,0.035,0.837
12/4/2017,-0.1716,-0.145,-0.109,0.041,0.839
12/5/2017,-0.1467,-0.129,-0.094,0.046,0.844
12/6/2017,-0.1499,-0.136,-0.102,0.055,0.841
12/7/2017,-0.1495,-0.14,-0.104,0.057,0.832
12/8/2017,-0.1656,-0.146,-0.112,0.053,0.823
12/11/2017,-0.1666,-0.15,-0.111,0.05,0.825
12/12/2017,-0.1696,-0.15,-0.118,0.047,0.815
12/13/2017,-0.1748,-0.154,-0.11,0.05,0.824
12/14/2017,-0.1726,-0.154,-0.11,0.05,0.81
12/15/2017,-0.1736,-0.147,-0.109,0.046,0.813
12/18/2017,-0.1789,-0.146,-0.112,0.042,0.81
12/19/2017,-0.1789,-0.15,-0.11,0.042,0.8
12/20/2017,-0.1788,-0.144,-0.098,0.06,0.815
12/21/2017,-0.1918,-0.146,-0.101,0.061,0.82
12/22/2017,-0.1967,-0.145,-0.105,0.048,0.82
12/25/2017,-0.1958,-0.15,-0.115,0.04,0.818
12/26/2017,-0.1936,-0.149,-0.1,0.049,0.818
12/27/2017,-0.1908,-0.14,-0.095,0.056,0.82
12/28/2017,-0.1779,-0.132,-0.094,0.058,0.82
12/29/2017,-0.1616,-0.132,-0.101,0.048,0.813
1/4/2018,-0.1528,-0.138,-0.094,0.057,0.815
1/5/2018,-0.1459,-0.125,-0.095,0.063,0.82
1/9/2018,-0.1409,-0.134,-0.089,0.071,0.838
1/10/2018,-0.1359,-0.121,-0.072,0.086,0.85
1/11/2018,-0.1305,-0.131,-0.078,0.072,0.846
1/12/2018,-0.1369,-0.134,-0.075,0.078,0.835
1/15/2018,-0.1376,-0.132,-0.072,0.077,0.834
1/16/2018,-0.1367,-0.13,-0.082,0.083,0.838
1/17/2018,-0.1385,-0.126,-0.069,0.09,0.844
1/18/2018,-0.1477,-0.126,-0.07,0.084,0.83
1/19/2018,-0.1529,-0.13,-0.076,0.085,0.83
1/22/2018,-0.1529,-0.132,-0.076,0.079,0.825
1/23/2018,-0.1539,-0.14,-0.086,0.076,0.82
1/24/2018,-0.1537,-0.132,-0.077,0.084,0.83
1/25/2018,-0.1547,-0.127,-0.071,0.085,0.828
1/26/2018,-0.1556,-0.126,-0.076,0.078,0.825
1/29/2018,-0.1557,-0.122,-0.072,0.089,0.813
1/30/2018,-0.1567,-0.127,-0.068,0.097,0.82
1/31/2018,-0.1596,-0.131,-0.078,0.085,0.818
2/1/2018,-0.1598,-0.123,-0.064,0.1,0.828
2/2/2018,-0.1619,-0.128,-0.071,0.086,0.822
2/5/2018,-0.1629,-0.134,-0.078,0.084,0.819
2/6/2018,-0.1618,-0.136,-0.083,0.078,0.815
2/7/2018,-0.1608,-0.145,-0.08,0.076,0.815
2/8/2018,-0.1588,-0.146,-0.08,0.081,0.82
2/9/2018,-0.1579,-0.148,-0.084,0.066,0.81
2/13/2018,-0.1597,-0.148,-0.083,0.071,0.803
2/14/2018,-0.1637,-0.15,-0.084,0.065,0.79
2/15/2018,-0.1639,-0.152,-0.095,0.067,0.797
2/16/2018,-0.1766,-0.154,-0.1,0.059,0.79
2/19/2018,-0.1799,-0.147,-0.095,0.062,0.794
2/20/2018,-0.1799,-0.149,-0.093,0.066,0.793
2/21/2018,-0.1876,-0.15,-0.1,0.056,0.78
2/22/2018,-0.1898,-0.152,-0.1,0.056,0.77
2/23/2018,-0.1897,-0.15,-0.105,0.053,0.755
2/26/2018,-0.1898,-0.15,-0.11,0.047,0.76
2/27/2018,-0.191,-0.164,-0.114,0.047,0.763
2/28/2018,-0.1976,-0.156,-0.106,0.053,0.763
3/1/2018,-0.1999,-0.157,-0.111,0.043,0.755
3/2/2018,-0.2037,-0.157,-0.103,0.068,0.763
3/5/2018,-0.2039,-0.165,-0.126,0.043,0.747
3/6/2018,-0.2029,-0.162,-0.115,0.056,0.747
3/7/2018,-0.2028,-0.157,-0.112,0.05,0.747
3/8/2018,-0.1978,-0.152,-0.114,0.054,0.756
3/9/2018,-0.1889,-0.153,-0.115,0.053,0.771
3/12/2018,-0.1828,-0.147,-0.112,0.053,0.763
3/13/2018,-0.1757,-0.143,-0.113,0.053,0.763
3/14/2018,-0.161,-0.142,-0.097,0.05,0.763
3/15/2018,-0.152,-0.138,-0.1,0.046,0.762
3/16/2018,-0.1587,-0.144,-0.109,0.038,0.758
3/19/2018,-0.1627,-0.145,-0.109,0.043,0.759
3/20/2018,-0.164,-0.152,-0.107,0.043,0.757
3/22/2018,-0.1617,-0.157,-0.113,0.038,0.756
3/23/2018,-0.1738,-0.153,-0.119,0.024,0.743
3/26/2018,-0.1766,-0.152,-0.118,0.024,0.744
3/27/2018,-0.1769,-0.148,-0.111,0.038,0.74
3/28/2018,-0.178,-0.148,-0.109,0.039,0.733
3/29/2018,-0.1666,-0.137,-0.102,0.04,0.745
3/30/2018,-0.1557,-0.133,-0.101,0.049,0.743
4/2/2018,-0.1509,-0.133,-0.106,0.045,0.752
4/3/2018,-0.1368,-0.135,-0.116,0.03,0.723
4/4/2018,-0.1359,-0.133,-0.114,0.033,0.713
4/5/2018,-0.141,-0.13,-0.106,0.046,0.737
4/6/2018,-0.1406,-0.14,-0.108,0.046,0.744
4/9/2018,-0.1476,-0.142,-0.111,0.04,0.743
4/10/2018,-0.1539,-0.15,-0.117,0.036,0.736
4/11/2018,-0.1546,-0.15,-0.117,0.035,0.728
4/12/2018,-0.1648,-0.152,-0.112,0.037,0.71
4/13/2018,-0.1799,-0.15,-0.106,0.038,0.698
4/16/2018,-0.1766,-0.146,-0.101,0.047,0.711
4/17/2018,-0.1766,-0.147,-0.108,0.045,0.71
4/18/2018,-0.1686,-0.147,-0.107,0.038,0.703
4/19/2018,-0.1689,-0.136,-0.101,0.043,0.708
4/20/2018,-0.1717,-0.125,-0.09,0.06,0.736
4/23/2018,-0.1716,-0.124,-0.086,0.067,0.749
4/24/2018,-0.1719,-0.133,-0.098,0.058,0.749
4/25/2018,-0.1718,-0.129,-0.088,0.067,0.757
4/26/2018,-0.1548,-0.128,-0.094,0.06,0.754
4/27/2018,-0.1446,-0.132,-0.1,0.055,0.746
5/1/2018,-0.1446,-0.135,-0.112,0.043,0.721
5/2/2018,-0.1367,-0.133,-0.102,0.045,0.732
5/7/2018,-0.1368,-0.135,-0.108,0.045,0.731
5/8/2018,-0.137,-0.126,-0.102,0.053,0.743
5/9/2018,-0.1329,-0.129,-0.098,0.054,0.738
5/10/2018,-0.1305,-0.132,-0.102,0.053,0.742
5/11/2018,-0.1205,-0.133,-0.103,0.047,0.742
5/14/2018,-0.1229,-0.133,-0.102,0.053,0.748
5/15/2018,-0.1339,-0.13,-0.093,0.06,0.753
5/16/2018,-0.1346,-0.132,-0.095,0.057,0.756
5/17/2018,-0.1359,-0.131,-0.097,0.063,0.769
5/18/2018,-0.1349,-0.135,-0.098,0.061,0.765
5/21/2018,-0.1369,-0.132,-0.099,0.059,0.761
5/22/2018,-0.1389,-0.135,-0.103,0.055,0.765
5/23/2018,-0.1438,-0.137,-0.11,0.046,0.753
5/24/2018,-0.1437,-0.138,-0.107,0.049,0.75
5/25/2018,-0.1437,-0.136,-0.115,0.041,0.744
5/28/2018,-0.1438,-0.138,-0.113,0.043,0.736
5/29/2018,-0.1496,-0.142,-0.117,0.034,0.714
5/30/2018,-0.1547,-0.141,-0.119,0.035,0.705
5/31/2018,-0.155,-0.142,-0.118,0.04,0.719
6/1/2018,-0.1499,-0.133,-0.095,0.048,0.72
6/4/2018,-0.1459,-0.132,-0.103,0.051,0.733
6/5/2018,-0.1397,-0.127,-0.101,0.054,0.725
6/6/2018,-0.1367,-0.125,-0.099,0.055,0.736
6/7/2018,-0.1298,-0.123,-0.098,0.055,0.725
6/8/2018,-0.1266,-0.121,-0.1,0.047,0.717
6/11/2018,-0.1307,-0.125,-0.099,0.049,0.73
6/12/2018,-0.1326,-0.126,-0.098,0.054,0.733
6/13/2018,-0.1329,-0.127,-0.105,0.054,0.733
6/14/2018,-0.1307,-0.13,-0.108,0.043,0.73
6/15/2018,-0.1226,-0.131,-0.108,0.038,0.714
6/18/2018,-0.1268,-0.131,-0.11,0.04,0.717
6/19/2018,-0.1287,-0.133,-0.114,0.034,0.714
6/20/2018,-0.1397,-0.131,-0.108,0.039,0.719
6/21/2018,-0.1408,-0.131,-0.109,0.04,0.718
6/22/2018,-0.1407,-0.131,-0.112,0.035,0.713
6/25/2018,-0.1378,-0.131,-0.113,0.035,0.714
6/26/2018,-0.1438,-0.129,-0.11,0.038,0.717
6/27/2018,-0.1426,-0.126,-0.109,0.039,0.718
6/28/2018,-0.1416,-0.126,-0.108,0.036,0.712
6/29/2018,-0.1359,-0.115,-0.108,0.036,0.713
7/2/2018,-0.1348,-0.127,-0.113,0.025,0.707
7/3/2018,-0.1347,-0.125,-0.112,0.033,0.706
7/4/2018,-0.1396,-0.125,-0.112,0.029,0.698
7/5/2018,-0.1398,-0.126,-0.12,0.038,0.67
7/6/2018,-0.1406,-0.129,-0.116,0.033,0.684
7/9/2018,-0.1439,-0.125,-0.114,0.04,0.682
7/10/2018,-0.1438,-0.122,-0.107,0.045,0.693
7/11/2018,-0.1438,-0.125,-0.103,0.043,0.699
7/12/2018,-0.1468,-0.127,-0.103,0.04,0.687
7/13/2018,-0.1459,-0.127,-0.103,0.04,0.686
7/17/2018,-0.15,-0.126,-0.103,0.043,0.682
7/18/2018,-0.1497,-0.121,-0.099,0.045,0.688
7/19/2018,-0.1515,-0.127,-0.103,0.042,0.69
7/20/2018,-0.1516,-0.121,-0.105,0.035,0.69
7/23/2018,-0.1479,-0.1,-0.076,0.086,0.784
7/24/2018,-0.1509,-0.121,-0.087,0.086,0.814
7/25/2018,-0.1589,-0.121,-0.101,0.074,0.786
7/26/2018,-0.1568,-0.117,-0.093,0.094,0.811
7/27/2018,-0.1578,-0.108,-0.087,0.104,0.821
7/30/2018,-0.1889,-0.112,-0.084,0.102,0.836
7/31/2018,-0.191,-0.106,-0.089,0.062,0.759
8/1/2018,-0.1828,-0.093,-0.048,0.131,0.815
8/2/2018,-0.1707,-0.099,-0.056,0.126,0.842
8/3/2018,-0.1679,-0.11,-0.075,0.11,0.847
8/6/2018,-0.1697,-0.106,-0.07,0.11,0.849
8/7/2018,-0.1699,-0.105,-0.07,0.116,0.859
8/8/2018,-0.1526,-0.105,-0.067,0.113,0.873
8/9/2018,-0.1515,-0.109,-0.065,0.115,0.852
8/10/2018,-0.1578,-0.113,-0.075,0.101,0.844
8/13/2018,-0.1627,-0.111,-0.079,0.101,0.836
8/14/2018,-0.1629,-0.111,-0.072,0.112,0.851
8/15/2018,-0.1627,-0.111,-0.077,0.101,0.855
8/16/2018,-0.1576,-0.118,-0.073,0.102,0.855
8/17/2018,-0.1547,-0.129,-0.084,0.098,0.852
8/20/2018,-0.1557,-0.123,-0.085,0.104,0.854
8/21/2018,-0.1558,-0.121,-0.082,0.086,0.83
8/22/2018,-0.1547,-0.116,-0.078,0.099,0.855
8/23/2018,-0.1546,-0.116,-0.077,0.1,0.848
8/24/2018,-0.1608,-0.112,-0.074,0.101,0.84
8/27/2018,-0.1586,-0.113,-0.075,0.097,0.828
8/28/2018,-0.1637,-0.111,-0.073,0.098,0.849
8/29/2018,-0.1669,-0.111,-0.073,0.103,0.845
8/30/2018,-0.1667,-0.109,-0.068,0.111,0.852
8/31/2018,-0.1617,-0.112,-0.076,0.107,0.851
9/3/2018,-0.1496,-0.107,-0.066,0.118,0.858
9/4/2018,-0.1496,-0.112,-0.065,0.123,0.861
9/5/2018,-0.1488,-0.112,-0.068,0.115,0.851
9/6/2018,-0.1489,-0.111,-0.069,0.111,0.847
9/7/2018,-0.1419,-0.105,-0.067,0.113,0.848
9/10/2018,-0.1299,-0.105,-0.062,0.118,0.852
9/11/2018,-0.1297,-0.107,-0.062,0.115,0.838
9/12/2018,-0.1295,-0.107,-0.063,0.113,0.838
9/13/2018,-0.1296,-0.105,-0.068,0.112,0.843
9/14/2018,-0.1286,-0.104,-0.062,0.118,0.844
9/18/2018,-0.1306,-0.103,-0.061,0.117,0.855
9/19/2018,-0.1308,-0.1,-0.057,0.124,0.86
9/20/2018,-0.1305,-0.102,-0.057,0.123,0.858
9/21/2018,-0.1308,-0.105,-0.054,0.133,0.9
9/25/2018,-0.136,-0.102,-0.052,0.133,0.912
9/26/2018,-0.1347,-0.107,-0.06,0.126,0.91
9/27/2018,-0.1347,-0.114,-0.069,0.12,0.893
9/28/2018,-0.1346,-0.111,-0.067,0.13,0.908
10/1/2018,-0.2597,-0.111,-0.063,0.136,0.931
10/2/2018,-0.2647,-0.111,-0.065,0.13,0.92
10/3/2018,-0.2758,-0.112,-0.065,0.141,0.92
10/4/2018,-0.2759,-0.106,-0.055,0.159,0.955
10/5/2018,-0.281,-0.117,-0.063,0.155,0.948
10/9/2018,-0.3297,-0.113,-0.058,0.161,0.95
10/10/2018,-0.32,-0.115,-0.062,0.156,0.944
10/11/2018,-0.3187,-0.117,-0.065,0.146,0.929
10/12/2018,-0.3106,-0.113,-0.062,0.15,0.912
10/15/2018,-0.2898,-0.115,-0.065,0.144,0.915
10/16/2018,-0.2898,-0.114,-0.059,0.148,0.917
10/17/2018,-0.2898,-0.115,-0.054,0.148,0.913
10/18/2018,-0.2889,-0.115,-0.052,0.152,0.916
10/19/2018,-0.2796,-0.116,-0.054,0.149,0.914
10/22/2018,-0.2857,-0.114,-0.053,0.154,0.921
10/23/2018,-0.2848,-0.111,-0.055,0.152,0.919
10/24/2018,-0.2948,-0.113,-0.063,0.135,0.896
10/25/2018,-0.2997,-0.121,-0.076,0.117,0.868
10/26/2018,-0.31,-0.117,-0.078,0.113,0.865
10/29/2018,-0.3198,-0.121,-0.086,0.11,0.858
10/30/2018,-0.3197,-0.123,-0.084,0.122,0.864
10/31/2018,-0.3196,-0.123,-0.08,0.127,0.872
11/1/2018,-0.3198,-0.123,-0.082,0.123,0.873
11/2/2018,-0.315,-0.128,-0.08,0.129,0.885
11/5/2018,-0.3098,-0.128,-0.082,0.128,0.882
11/6/2018,-0.2997,-0.126,-0.077,0.131,0.891
11/7/2018,-0.285,-0.127,-0.08,0.123,0.891
11/8/2018,-0.2846,-0.133,-0.079,0.122,0.894
11/9/2018,-0.2829,-0.135,-0.084,0.123,0.891
11/12/2018,-0.2446,-0.137,-0.084,0.119,0.885
11/13/2018,-0.2449,-0.138,-0.084,0.114,0.874
11/14/2018,-0.2448,-0.139,-0.087,0.111,0.873
11/15/2018,-0.2449,-0.134,-0.084,0.109,0.866
11/16/2018,-0.2897,-0.139,-0.09,0.104,0.859
11/19/2018,-0.3198,-0.144,-0.101,0.097,0.844
11/20/2018,-0.3186,-0.14,-0.097,0.102,0.848
11/21/2018,-0.3186,-0.141,-0.101,0.095,0.83
11/22/2018,-0.305,-0.139,-0.098,0.1,0.828
11/26/2018,-0.2898,-0.14,-0.105,0.09,0.816
11/27/2018,-0.2887,-0.14,-0.1,0.092,0.813
11/28/2018,-0.2848,-0.132,-0.09,0.1,0.829
11/29/2018,-0.2849,-0.141,-0.103,0.082,0.815
11/30/2018,-0.1799,-0.129,-0.1,0.092,0.819
12/3/2018,-0.1698,-0.13,-0.105,0.086,0.816
12/4/2018,-0.1996,-0.129,-0.109,0.074,0.791
12/5/2018,-0.2347,-0.139,-0.114,0.066,0.791
12/6/2018,-0.2349,-0.137,-0.118,0.064,0.805
12/7/2018,-0.1998,-0.141,-0.125,0.059,0.811
12/10/2018,-0.2298,-0.145,-0.135,0.043,0.795
12/11/2018,-0.2238,-0.14,-0.125,0.05,0.797
12/12/2018,-0.2398,-0.137,-0.116,0.055,0.795
12/13/2018,-0.2397,-0.144,-0.111,0.057,0.803
12/14/2018,-0.25,-0.154,-0.126,0.035,0.786
12/17/2018,-0.2549,-0.151,-0.126,0.041,0.783
12/18/2018,-0.2748,-0.154,-0.145,0.026,0.763
12/19/2018,-0.3049,-0.15,-0.144,0.035,0.76
12/20/2018,-0.3047,-0.145,-0.137,0.027,0.724
12/21/2018,-0.2348,-0.138,-0.118,0.047,0.749
12/25/2018,-0.1798,-0.146,-0.14,0.019,0.711
12/26/2018,-0.1696,-0.127,-0.123,0.022,0.719
12/27/2018,-0.1597,-0.124,-0.123,0.026,0.733
12/28/2018,-0.1526,-0.141,-0.142,0.003,0.719
1/4/2019,-0.1896,-0.178,-0.184,-0.038,0.663
1/7/2019,-0.1897,-0.165,-0.169,-0.01,0.689
1/8/2019,-0.1598,-0.136,-0.137,0.012,0.706
1/9/2019,-0.1547,-0.14,-0.135,0.032,0.708
1/10/2019,-0.158,-0.149,-0.144,0.024,0.695
1/11/2019,-0.1699,-0.148,-0.149,0.017,0.701
1/15/2019,-0.1687,-0.151,-0.141,0.013,0.703
1/16/2019,-0.1799,-0.159,-0.151,0.01,0.701
1/17/2019,-0.1798,-0.167,-0.155,0.006,0.7
1/18/2019,-0.2096,-0.165,-0.15,0.016,0.7
1/21/2019,-0.195,-0.167,-0.152,0.008,0.696
1/22/2019,-0.1948,-0.167,-0.155,0.003,0.684
1/23/2019,-0.1949,-0.164,-0.154,0.005,0.674
1/24/2019,-0.1945,-0.16,-0.149,0.011,0.675
1/25/2019,-0.2096,-0.168,-0.163,-0.003,0.658
1/28/2019,-0.2799,-0.162,-0.159,0.002,0.654
1/29/2019,-0.2768,-0.155,-0.152,0.009,0.662
1/30/2019,-0.2496,-0.158,-0.155,0.005,0.662
1/31/2019,-0.2499,-0.164,-0.158,0.005,0.653
2/1/2019,-0.2647,-0.173,-0.173,-0.012,0.606
2/4/2019,-0.2697,-0.169,-0.165,-0.009,0.61
2/5/2019,-0.27,-0.164,-0.157,-0.009,0.602
2/6/2019,-0.2619,-0.159,-0.156,-0.013,0.599
2/7/2019,-0.25,-0.157,-0.15,-0.008,0.614
2/8/2019,-0.2496,-0.164,-0.163,-0.029,0.582
2/12/2019,-0.2296,-0.162,-0.154,-0.013,0.6
2/13/2019,-0.23,-0.161,-0.147,-0.006,0.622
2/14/2019,-0.2196,-0.168,-0.159,-0.014,0.612
2/15/2019,-0.2196,-0.168,-0.165,-0.021,0.599
2/18/2019,-0.2067,-0.172,-0.167,-0.022,0.598
2/19/2019,-0.2088,-0.177,-0.173,-0.028,0.591
2/20/2019,-0.2076,-0.178,-0.175,-0.033,0.586
2/21/2019,-0.2076,-0.18,-0.174,-0.038,0.571
2/22/2019,-0.2079,-0.175,-0.173,-0.037,0.582
2/25/2019,-0.2116,-0.171,-0.168,-0.035,0.585
2/26/2019,-0.2046,-0.163,-0.164,-0.026,0.607
2/27/2019,-0.1886,-0.162,-0.161,-0.025,0.608
2/28/2019,-0.1908,-0.152,-0.156,-0.022,0.607
3/1/2019,-0.1799,-0.145,-0.149,-0.007,0.627
3/4/2019,-0.1588,-0.141,-0.142,0.004,0.644
3/5/2019,-0.1589,-0.137,-0.135,0.01,0.65
3/6/2019,-0.1587,-0.14,-0.145,-0.004,0.631
3/7/2019,-0.1587,-0.142,-0.142,-0.007,0.621
3/8/2019,-0.1196,-0.146,-0.152,-0.033,0.585
3/11/2019,-0.1349,-0.148,-0.15,-0.033,0.587
3/12/2019,-0.1348,-0.149,-0.153,-0.028,0.596
3/13/2019,-0.1346,-0.154,-0.163,-0.042,0.576
3/14/2019,-0.1447,-0.162,-0.167,-0.041,0.57
3/15/2019,-0.15,-0.154,-0.16,-0.034,0.582
3/18/2019,-0.16,-0.154,-0.161,-0.035,0.583
3/19/2019,-0.1668,-0.162,-0.161,-0.04,0.563
3/20/2019,-0.1848,-0.157,-0.162,-0.036,0.573
3/22/2019,-0.17,-0.172,-0.186,-0.069,0.527
3/25/2019,-0.1816,-0.18,-0.192,-0.084,0.501
3/26/2019,-0.1808,-0.167,-0.176,-0.065,0.539
3/27/2019,-0.1796,-0.167,-0.178,-0.067,0.536
3/28/2019,-0.18,-0.175,-0.19,-0.09,0.496
3/29/2019,-0.17,-0.169,-0.195,-0.081,0.505
4/1/2019,-0.1697,-0.168,-0.184,-0.073,0.525
4/2/2019,-0.1699,-0.155,-0.17,-0.062,0.525
4/3/2019,-0.1547,-0.153,-0.167,-0.045,0.518
4/4/2019,-0.148,-0.155,-0.166,-0.044,0.522
4/5/2019,-0.1495,-0.149,-0.154,-0.029,0.55
4/8/2019,-0.1696,-0.155,-0.164,-0.045,0.541
4/9/2019,-0.1778,-0.161,-0.166,-0.048,0.541
4/10/2019,-0.1897,-0.163,-0.166,-0.053,0.535
4/11/2019,-0.1978,-0.161,-0.167,-0.055,0.518
4/12/2019,-0.1996,-0.161,-0.17,-0.056,0.523
4/15/2019,-0.1896,-0.156,-0.155,-0.025,0.555
4/16/2019,-0.1889,-0.148,-0.142,-0.022,0.545
4/17/2019,-0.1866,-0.142,-0.131,-0.006,0.584
4/18/2019,-0.1848,-0.152,-0.153,-0.027,0.56
4/19/2019,-0.1848,-0.15,-0.151,-0.03,0.596
4/22/2019,-0.1497,-0.149,-0.148,-0.031,0.588
4/23/2019,-0.1559,-0.148,-0.147,-0.028,0.575
4/24/2019,-0.1746,-0.149,-0.152,-0.037,0.567
4/25/2019,-0.1696,-0.145,-0.156,-0.031,0.585
4/26/2019,-0.1699,-0.149,-0.161,-0.04,0.566
5/7/2019,-0.1779,-0.152,-0.164,-0.052,0.548
5/8/2019,-0.1646,-0.153,-0.162,-0.049,0.536
5/9/2019,-0.1598,-0.155,-0.163,-0.048,0.537
5/10/2019,-0.1696,-0.157,-0.164,-0.049,0.541
5/13/2019,-0.1609,-0.156,-0.163,-0.048,0.545
5/14/2019,-0.1627,-0.156,-0.161,-0.05,0.539
5/15/2019,-0.1629,-0.155,-0.16,-0.051,0.535
5/16/2019,-0.1626,-0.156,-0.166,-0.061,0.515
5/17/2019,-0.1576,-0.156,-0.162,-0.052,0.532
5/20/2019,-0.1496,-0.154,-0.157,-0.043,0.546
5/21/2019,-0.1529,-0.152,-0.156,-0.045,0.541
5/22/2019,-0.1526,-0.152,-0.161,-0.056,0.52
5/23/2019,-0.1546,-0.151,-0.163,-0.059,0.516
5/24/2019,-0.1547,-0.152,-0.169,-0.07,0.506
5/27/2019,-0.1516,-0.155,-0.168,-0.069,0.51
5/28/2019,-0.1538,-0.159,-0.175,-0.072,0.493
5/29/2019,-0.1597,-0.171,-0.188,-0.09,0.467
5/30/2019,-0.1646,-0.164,-0.178,-0.079,0.486
5/31/2019,-0.1595,-0.171,-0.193,-0.094,0.459
6/3/2019,-0.1578,-0.178,-0.198,-0.093,0.462
6/4/2019,-0.156,-0.187,-0.206,-0.102,0.445
6/5/2019,-0.1576,-0.219,-0.24,-0.123,0.416
6/6/2019,-0.1546,-0.203,-0.234,-0.12,0.409
6/7/2019,-0.14,-0.198,-0.232,-0.12,0.386
6/10/2019,-0.147,-0.194,-0.229,-0.119,0.36
6/11/2019,-0.145,-0.187,-0.218,-0.109,0.358
6/12/2019,-0.1446,-0.192,-0.221,-0.111,0.342
6/13/2019,-0.148,-0.197,-0.224,-0.113,0.369
6/14/2019,-0.1397,-0.202,-0.232,-0.129,0.367
6/17/2019,-0.1398,-0.192,-0.222,-0.123,0.377
6/18/2019,-0.1377,-0.197,-0.225,-0.124,0.368
6/19/2019,-0.1376,-0.214,-0.238,-0.137,0.344
6/20/2019,-0.1377,-0.232,-0.262,-0.165,0.305
6/21/2019,-0.1307,-0.23,-0.261,-0.156,0.337
6/24/2019,-0.1297,-0.229,-0.259,-0.154,0.357
6/25/2019,-0.1348,-0.229,-0.262,-0.155,0.347
6/26/2019,-0.1339,-0.213,-0.247,-0.136,0.381
6/27/2019,-0.134,-0.207,-0.243,-0.141,0.392
6/28/2019,-0.125,-0.217,-0.256,-0.158,0.362
7/1/2019,-0.1086,-0.217,-0.243,-0.146,0.382
7/2/2019,-0.1127,-0.212,-0.236,-0.146,0.382
7/3/2019,-0.1128,-0.216,-0.248,-0.15,0.352
7/4/2019,-0.1129,-0.215,-0.25,-0.155,0.343
7/5/2019,-0.1129,-0.21,-0.246,-0.155,0.342
7/8/2019,-0.1369,-0.202,-0.234,-0.145,0.357
7/9/2019,-0.1368,-0.193,-0.223,-0.138,0.352
7/10/2019,-0.138,-0.177,-0.206,-0.118,0.378
7/11/2019,-0.1446,-0.191,-0.22,-0.135,0.364
7/12/2019,-0.145,-0.179,-0.203,-0.114,0.392
7/16/2019,-0.1479,-0.183,-0.211,-0.119,0.387
7/17/2019,-0.1447,-0.186,-0.211,-0.121,0.38
7/18/2019,-0.1446,-0.193,-0.219,-0.13,0.377
7/19/2019,-0.1346,-0.198,-0.227,-0.132,0.379
7/22/2019,-0.1348,-0.198,-0.227,-0.136,0.382
7/23/2019,-0.1318,-0.198,-0.229,-0.142,0.378
7/24/2019,-0.132,-0.202,-0.231,-0.147,0.359
7/25/2019,-0.1316,-0.206,-0.235,-0.151,0.355
7/26/2019,-0.1239,-0.208,-0.234,-0.148,0.358
7/29/2019,-0.1238,-0.205,-0.229,-0.143,0.37
7/30/2019,-0.1227,-0.208,-0.238,-0.15,0.361
7/31/2019,-0.1228,-0.202,-0.236,-0.153,0.354
8/1/2019,-0.1229,-0.183,-0.218,-0.13,0.372
8/2/2019,-0.0998,-0.201,-0.249,-0.163,0.328
8/5/2019,-0.1078,-0.211,-0.271,-0.191,0.289
8/6/2019,-0.1016,-0.219,-0.269,-0.182,0.312
8/7/2019,-0.1049,-0.227,-0.278,-0.191,0.281
8/8/2019,-0.1029,-0.236,-0.279,-0.194,0.264
8/9/2019,-0.11,-0.265,-0.297,-0.217,0.219
8/13/2019,-0.1169,-0.28,-0.315,-0.233,0.186
8/14/2019,-0.1165,-0.268,-0.302,-0.219,0.2
8/15/2019,-0.1185,-0.277,-0.311,-0.233,0.168
8/16/2019,-0.1296,-0.273,-0.311,-0.228,0.191
8/19/2019,-0.1418,-0.277,-0.315,-0.223,0.217
8/20/2019,-0.1447,-0.293,-0.326,-0.233,0.201
8/21/2019,-0.1446,-0.3,-0.333,-0.236,0.186
8/22/2019,-0.1446,-0.301,-0.335,-0.236,0.199
8/23/2019,-0.1578,-0.293,-0.323,-0.231,0.211
8/26/2019,-0.1639,-0.312,-0.35,-0.264,0.164
8/27/2019,-0.1596,-0.295,-0.335,-0.264,0.163
8/28/2019,-0.1648,-0.303,-0.344,-0.275,0.159
8/29/2019,-0.1646,-0.309,-0.354,-0.285,0.141
8/30/2019,-0.1696,-0.296,-0.345,-0.269,0.156
9/2/2019,-0.1598,-0.295,-0.345,-0.266,0.152
9/3/2019,-0.1596,-0.289,-0.347,-0.284,0.112
9/4/2019,-0.164,-0.294,-0.345,-0.277,0.12
9/5/2019,-0.1637,-0.285,-0.329,-0.26,0.142
9/6/2019,-0.1696,-0.294,-0.333,-0.237,0.218
9/9/2019,-0.1787,-0.307,-0.341,-0.251,0.235
9/10/2019,-0.1786,-0.286,-0.314,-0.221,0.291
9/11/2019,-0.1786,-0.268,-0.284,-0.199,0.289
9/12/2019,-0.1749,-0.275,-0.3,-0.212,0.292
9/13/2019,-0.1499,-0.241,-0.251,-0.153,0.343
9/17/2019,-0.1397,-0.245,-0.256,-0.152,0.356
9/18/2019,-0.1396,-0.268,-0.292,-0.182,0.331
9/19/2019,-0.1499,-0.291,-0.32,-0.212,0.331
9/20/2019,-0.1539,-0.294,-0.327,-0.207,0.361
9/24/2019,-0.1476,-0.317,-0.353,-0.234,0.35
9/25/2019,-0.1425,-0.335,-0.382,-0.255,0.367
9/26/2019,-0.143,-0.326,-0.365,-0.246,0.333
9/27/2019,-0.1499,-0.317,-0.356,-0.235,0.326
9/30/2019,-0.3906,-0.315,-0.355,-0.213,0.371
10/1/2019,-0.3898,-0.28,-0.287,-0.149,0.412
10/2/2019,-0.3896,-0.303,-0.323,-0.164,0.399
10/3/2019,-0.3799,-0.324,-0.353,-0.196,0.349
10/4/2019,-0.3698,-0.331,-0.363,-0.211,0.354
10/7/2019,-0.3676,-0.33,-0.372,-0.222,0.366
10/8/2019,-0.3676,-0.316,-0.354,-0.201,0.379
10/9/2019,-0.3638,-0.308,-0.345,-0.2,0.388
10/10/2019,-0.36,-0.304,-0.344,-0.203,0.365
10/11/2019,-0.3476,-0.291,-0.313,-0.179,0.391
10/15/2019,-0.2898,-0.276,-0.296,-0.169,0.399
10/16/2019,-0.2797,-0.26,-0.284,-0.161,0.392
10/17/2019,-0.2797,-0.247,-0.269,-0.151,0.397
10/18/2019,-0.2496,-0.232,-0.269,-0.131,0.42
10/21/2019,-0.2096,-0.233,-0.258,-0.125,0.431
10/23/2019,-0.2196,-0.244,-0.266,-0.135,0.413
10/24/2019,-0.2236,-0.241,-0.268,-0.139,0.402
10/25/2019,-0.2237,-0.229,-0.256,-0.136,0.405
10/28/2019,-0.1998,-0.207,-0.244,-0.122,0.408
10/29/2019,-0.1996,-0.2,-0.228,-0.102,0.432
10/30/2019,-0.1979,-0.214,-0.239,-0.109,0.416
10/31/2019,-0.1978,-0.23,-0.263,-0.133,0.389
11/1/2019,-0.1947,-0.263,-0.301,-0.176,0.348
11/5/2019,-0.1697,-0.234,-0.259,-0.122,0.39
11/6/2019,-0.1696,-0.187,-0.209,-0.079,0.409
11/7/2019,-0.1699,-0.174,-0.183,-0.064,0.428
11/8/2019,-0.21,-0.166,-0.178,-0.05,0.458
11/11/2019,-0.2146,-0.19,-0.194,-0.063,0.451
11/12/2019,-0.2146,-0.16,-0.15,-0.02,0.492
11/13/2019,-0.2149,-0.186,-0.174,-0.042,0.474
11/14/2019,-0.2148,-0.194,-0.187,-0.067,0.452
11/15/2019,-0.2148,-0.194,-0.186,-0.068,0.455
11/18/2019,-0.2196,-0.201,-0.186,-0.077,0.446
11/19/2019,-0.2196,-0.201,-0.196,-0.08,0.448
11/20/2019,-0.2196,-0.207,-0.216,-0.106,0.416
11/21/2019,-0.2398,-0.191,-0.201,-0.105,0.401
11/22/2019,-0.2549,-0.181,-0.184,-0.074,0.431
11/25/2019,-0.2146,-0.184,-0.187,-0.077,0.446
11/26/2019,-0.2146,-0.184,-0.192,-0.088,0.419
11/27/2019,-0.2149,-0.194,-0.209,-0.108,0.394
11/28/2019,-0.2128,-0.178,-0.182,-0.082,0.413
11/29/2019,-0.1698,-0.169,-0.171,-0.073,0.416
12/2/2019,-0.1546,-0.158,-0.151,-0.045,0.435
12/3/2019,-0.1547,-0.151,-0.139,-0.022,0.449
12/4/2019,-0.1498,-0.155,-0.153,-0.038,0.431
12/5/2019,-0.1447,-0.151,-0.14,-0.028,0.432
12/6/2019,-0.135,-0.135,-0.119,-0.006,0.454
12/9/2019,-0.1068,-0.124,-0.092,-0.002,0.453
12/10/2019,-0.11,-0.115,-0.102,-0.013,0.435
12/11/2019,-0.1397,-0.115,-0.091,0.003,0.443
12/12/2019,-0.1399,-0.126,-0.118,-0.012,0.445
12/13/2019,-0.1597,-0.127,-0.123,-0.018,0.431
12/16/2019,-0.1596,-0.124,-0.113,-0.011,0.418
12/17/2019,-0.1647,-0.114,-0.099,-0.004,0.418
12/18/2019,-0.1649,-0.117,-0.107,-0.012,0.421
12/19/2019,-0.1499,-0.105,-0.086,0.003,0.428
12/20/2019,-0.1495,-0.096,-0.076,0.014,0.455
12/23/2019,-0.1098,-0.091,-0.074,0.016,0.458
12/24/2019,-0.1098,-0.094,-0.08,0.012,0.464
12/25/2019,-0.1098,-0.112,-0.112,-0.019,0.43
12/26/2019,-0.1098,-0.115,-0.109,-0.011,0.446
12/27/2019,-0.1099,-0.124,-0.104,0,0.444
12/30/2019,-0.1099,-0.131,-0.118,-0.011,0.425
1/6/2020,-0.1099,-0.148,-0.125,-0.02,0.411
1/7/2020,-0.0995,-0.117,-0.105,-0.005,0.44
1/8/2020,-0.1098,-0.121,-0.113,-0.002,0.425
1/9/2020,-0.1248,-0.126,-0.105,0.01,0.441
1/10/2020,-0.1348,-0.136,-0.11,0,0.442
1/14/2020,-0.1219,-0.122,-0.085,0.016,0.458
1/15/2020,-0.1237,-0.121,-0.089,0.01,0.461
1/16/2020,-0.1238,-0.123,-0.09,0.015,0.462
1/17/2020,-0.1266,-0.13,-0.099,0.003,0.464
1/20/2020,-0.1299,-0.121,-0.095,0.01,0.476
1/21/2020,-0.1297,-0.124,-0.103,0.005,0.45
1/22/2020,-0.1295,-0.118,-0.106,0.002,0.447
1/23/2020,-0.1298,-0.124,-0.119,-0.017,0.415
1/24/2020,-0.1248,-0.125,-0.118,-0.02,0.41
1/27/2020,-0.1197,-0.136,-0.14,-0.044,0.374
1/28/2020,-0.1277,-0.128,-0.131,-0.039,0.379
1/29/2020,-0.1379,-0.131,-0.134,-0.039,0.37
1/30/2020,-0.1298,-0.144,-0.154,-0.058,0.351
1/31/2020,-0.1349,-0.143,-0.166,-0.066,0.375
2/3/2020,-0.1447,-0.137,-0.167,-0.057,0.393
2/4/2020,-0.1487,-0.149,-0.157,-0.047,0.397
2/5/2020,-0.1439,-0.138,-0.137,-0.035,0.422
2/6/2020,-0.1446,-0.128,-0.124,-0.017,0.423
2/7/2020,-0.145,-0.145,-0.139,-0.038,0.399
2/10/2020,-0.1447,-0.153,-0.15,-0.055,0.375
2/12/2020,-0.1446,-0.147,-0.131,-0.034,0.391
2/13/2020,-0.1398,-0.15,-0.133,-0.034,0.392
2/14/2020,-0.1349,-0.132,-0.123,-0.027,0.393
2/17/2020,-0.1258,-0.138,-0.129,-0.033,0.378
2/18/2020,-0.1268,-0.154,-0.153,-0.06,0.35
2/19/2020,-0.1266,-0.154,-0.149,-0.047,0.37
2/20/2020,-0.1266,-0.15,-0.136,-0.039,0.365
2/21/2020,-0.1348,-0.162,-0.161,-0.056,0.352
2/25/2020,-0.1326,-0.191,-0.208,-0.104,0.335
2/26/2020,-0.1417,-0.194,-0.196,-0.086,0.348
2/27/2020,-0.1459,-0.201,-0.208,-0.105,0.349
2/28/2020,-0.1797,-0.248,-0.255,-0.153,0.288
3/2/2020,-0.1988,-0.242,-0.23,-0.117,0.302
3/3/2020,-0.1989,-0.236,-0.229,-0.107,0.326
3/4/2020,-0.1996,-0.261,-0.249,-0.126,0.325
3/5/2020,-0.1989,-0.245,-0.228,-0.112,0.35
3/6/2020,-0.3098,-0.276,-0.263,-0.121,0.318
3/9/2020,-0.3446,-0.306,-0.301,-0.163,0.251
3/10/2020,-0.3419,-0.241,-0.221,-0.048,0.319
3/11/2020,-0.3399,-0.221,-0.21,-0.066,0.302
3/12/2020,-0.3399,-0.221,-0.193,-0.057,0.316
3/13/2020,-0.2997,-0.191,-0.093,0.054,0.35
3/16/2020,-0.3118,-0.168,-0.095,0.017,0.363
3/17/2020,-0.3199,-0.174,-0.093,0.018,0.365
3/18/2020,-0.2696,-0.146,-0.052,0.081,0.429
3/19/2020,-0.2776,-0.161,-0.053,0.083,0.451
3/23/2020,-0.4199,-0.192,-0.063,0.07,0.451
3/24/2020,-0.4396,-0.211,-0.108,0.041,0.437
3/25/2020,-0.4396,-0.232,-0.065,0.05,0.433
3/26/2020,-0.3299,-0.225,-0.116,0.002,0.431
3/27/2020,-0.1999,-0.124,-0.093,0.017,0.433
3/30/2020,-0.2098,-0.14,-0.127,0.019,0.418
3/31/2020,-0.2288,-0.135,-0.093,0.022,0.433
4/1/2020,-0.1996,-0.105,-0.103,0.013,0.422
4/2/2020,-0.1845,-0.108,-0.105,-0.007,0.399
4/3/2020,-0.1296,-0.134,-0.11,-0.008,0.396
4/6/2020,-0.1496,-0.112,-0.09,0.023,0.44
4/7/2020,-0.1496,-0.102,-0.08,0.019,0.458
4/8/2020,-0.1597,-0.106,-0.086,0.024,0.447
4/9/2020,-0.1646,-0.147,-0.102,0.017,0.457
4/10/2020,-0.1648,-0.159,-0.109,0.018,0.443
4/13/2020,-0.1516,-0.156,-0.112,0.023,0.453
4/14/2020,-0.1447,-0.144,-0.102,0.03,0.46
4/15/2020,-0.1497,-0.138,-0.097,0.014,0.466
4/16/2020,-0.1598,-0.142,-0.103,0.017,0.477
4/17/2020,-0.1595,-0.124,-0.09,0.027,0.511
4/20/2020,-0.1598,-0.119,-0.092,0.022,0.499
4/21/2020,-0.1596,-0.117,-0.093,0.022,0.487
4/22/2020,-0.1698,-0.132,-0.111,0.002,0.45
4/23/2020,-0.1698,-0.145,-0.116,0.008,0.434
4/24/2020,-0.1696,-0.149,-0.145,-0.016,0.449
4/27/2020,-0.1529,-0.146,-0.161,-0.035,0.439
4/28/2020,-0.1526,-0.172,-0.16,-0.038,0.427
4/30/2020,-0.1495,-0.175,-0.152,-0.03,0.435
5/1/2020,-0.1496,-0.139,-0.136,-0.019,0.446
5/7/2020,-0.1446,-0.139,-0.11,0.005,0.467
5/8/2020,-0.1586,-0.153,-0.121,-0.001,0.464
5/11/2020,-0.1439,-0.127,-0.11,0.014,0.493
5/12/2020,-0.1438,-0.136,-0.111,0.002,0.476
5/13/2020,-0.1438,-0.149,-0.108,0.001,0.469
5/14/2020,-0.1399,-0.146,-0.114,-0.002,0.467
5/15/2020,-0.1307,-0.145,-0.113,0.001,0.482
5/18/2020,-0.1299,-0.154,-0.132,-0.007,0.479
5/19/2020,-0.1306,-0.153,-0.118,0.006,0.49
5/20/2020,-0.1316,-0.148,-0.116,0.006,0.464
5/21/2020,-0.1329,-0.151,-0.129,0.001,0.449
5/22/2020,-0.1336,-0.166,-0.137,0,0.459
5/25/2020,-0.1176,-0.144,-0.122,0.002,0.486
5/26/2020,-0.1169,-0.146,-0.125,0.008,0.496
5/27/2020,-0.1165,-0.143,-0.122,0.004,0.489
5/28/2020,-0.1185,-0.147,-0.124,0.002,0.495
5/29/2020,-0.1169,-0.151,-0.126,0.005,0.51
6/1/2020,-0.1049,-0.123,-0.123,0.014,0.531
6/2/2020,-0.1069,-0.141,-0.125,0.012,0.524
6/3/2020,-0.1077,-0.144,-0.115,0.016,0.527
6/4/2020,-0.1077,-0.141,-0.099,0.036,0.555
6/5/2020,-0.1099,-0.125,-0.079,0.05,0.578
6/8/2020,-0.1078,-0.126,-0.081,0.052,0.59
6/9/2020,-0.1078,-0.138,-0.103,0.02,0.546
6/10/2020,-0.1077,-0.143,-0.099,0.025,0.545
6/11/2020,-0.1077,-0.14,-0.108,0.011,0.533
6/12/2020,-0.1248,-0.141,-0.103,0.013,0.551
6/15/2020,-0.1168,-0.164,-0.113,0.009,0.53
6/16/2020,-0.1185,-0.141,-0.1,0.021,0.559
6/17/2020,-0.1165,-0.141,-0.101,0.021,0.569
6/18/2020,-0.1246,-0.138,-0.109,0.019,0.571
6/19/2020,-0.1349,-0.142,-0.103,0.018,0.572
6/22/2020,-0.1026,-0.128,-0.109,0.012,0.567
6/23/2020,-0.1029,-0.127,-0.108,0.014,0.581
6/24/2020,-0.104,-0.133,-0.101,0.015,0.587
6/25/2020,-0.0997,-0.124,-0.101,0.015,0.58
6/26/2020,-0.0978,-0.118,-0.103,0.012,0.583
6/29/2020,-0.0938,-0.124,-0.103,0.018,0.591
6/30/2020,-0.0937,-0.131,-0.1,0.028,0.596
7/1/2020,-0.0897,-0.128,-0.086,0.047,0.639
7/2/2020,-0.0799,-0.116,-0.089,0.036,0.65
7/3/2020,-0.0927,-0.13,-0.094,0.028,0.626
7/6/2020,-0.1139,-0.127,-0.086,0.041,0.631
7/7/2020,-0.114,-0.121,-0.087,0.046,0.623
7/8/2020,-0.1136,-0.126,-0.099,0.034,0.572
7/9/2020,-0.1146,-0.125,-0.104,0.031,0.56
7/10/2020,-0.1147,-0.118,-0.096,0.027,0.562
7/13/2020,-0.0836,-0.124,-0.087,0.04,0.606
7/14/2020,-0.0866,-0.129,-0.092,0.033,0.6
7/15/2020,-0.0876,-0.133,-0.096,0.035,0.613
7/16/2020,-0.0877,-0.143,-0.099,0.026,0.594
7/17/2020,-0.0879,-0.127,-0.11,0.024,0.589
7/20/2020,-0.0897,-0.125,-0.091,0.031,0.599
7/21/2020,-0.0847,-0.131,-0.111,0.025,0.581
7/22/2020,-0.0896,-0.127,-0.107,0.019,0.576
7/27/2020,-0.0926,-0.11,-0.101,0.022,0.577
7/28/2020,-0.0899,-0.116,-0.109,0.023,0.566
7/29/2020,-0.0897,-0.115,-0.113,0.023,0.544
7/30/2020,-0.0877,-0.128,-0.114,0.021,0.545
7/31/2020,-0.0879,-0.121,-0.114,0.02,0.532
8/3/2020,-0.0787,-0.119,-0.103,0.026,0.558
8/4/2020,-0.0779,-0.12,-0.115,0.018,0.556
8/5/2020,-0.0776,-0.121,-0.112,0.012,0.545
8/6/2020,-0.0756,-0.102,-0.105,0.02,0.554
8/7/2020,-0.0627,-0.116,-0.097,0.012,0.553
8/11/2020,-0.0609,-0.103,-0.082,0.033,0.575
8/12/2020,-0.0616,-0.104,-0.079,0.045,0.605
8/13/2020,-0.0656,-0.111,-0.081,0.035,0.594
8/14/2020,-0.0817,-0.109,-0.068,0.051,0.621
8/17/2020,-0.0889,-0.108,-0.077,0.047,0.621
8/18/2020,-0.0928,-0.109,-0.084,0.039,0.619
8/19/2020,-0.0968,-0.11,-0.086,0.032,0.607
8/20/2020,-0.0999,-0.104,-0.084,0.036,0.612
8/21/2020,-0.0998,-0.108,-0.081,0.034,0.618
8/24/2020,-0.0896,-0.097,-0.089,0.027,0.606
8/25/2020,-0.0926,-0.104,-0.082,0.035,0.594
8/26/2020,-0.0928,-0.101,-0.075,0.046,0.608
8/27/2020,-0.0927,-0.113,-0.079,0.043,0.6
8/28/2020,-0.098,-0.109,-0.067,0.059,0.623
8/31/2020,-0.1266,-0.108,-0.07,0.051,0.617
9/1/2020,-0.1239,-0.112,-0.074,0.047,0.616
9/2/2020,-0.1237,-0.106,-0.078,0.043,0.616
9/3/2020,-0.1238,-0.113,-0.08,0.04,0.611
9/4/2020,-0.1367,-0.119,-0.084,0.041,0.613
9/7/2020,-0.1398,-0.119,-0.08,0.047,0.624
9/8/2020,-0.1339,-0.123,-0.085,0.04,0.615
9/9/2020,-0.1367,-0.114,-0.085,0.031,0.601
9/10/2020,-0.1368,-0.119,-0.089,0.028,0.601
9/11/2020,-0.1195,-0.124,-0.095,0.027,0.585
9/14/2020,-0.1197,-0.12,-0.096,0.021,0.584
9/15/2020,-0.1198,-0.133,-0.099,0.021,0.585
9/16/2020,-0.1199,-0.134,-0.105,0.021,0.593
9/17/2020,-0.1197,-0.134,-0.107,0.017,0.591
9/18/2020,-0.1198,-0.138,-0.114,0.015,0.59
9/23/2020,-0.1207,-0.146,-0.124,0.008,0.589
9/24/2020,-0.1285,-0.136,-0.118,0.011,0.596
9/25/2020,-0.1419,-0.147,-0.115,0.011,0.607
9/28/2020,-0.1846,-0.136,-0.107,0.023,0.618
9/29/2020,-0.1816,-0.128,-0.112,0.017,0.606
9/30/2020,-0.1767,-0.127,-0.111,0.016,0.6
10/1/2020,-0.1769,-0.119,-0.107,0.017,0.613
10/2/2020,-0.177,-0.126,-0.11,0.022,0.609
10/5/2020,-0.1448,-0.125,-0.108,0.027,0.619
10/6/2020,-0.1448,-0.117,-0.09,0.039,0.639
10/7/2020,-0.1447,-0.117,-0.092,0.041,0.64
10/8/2020,-0.1439,-0.105,-0.105,0.038,0.631
10/9/2020,-0.1439,-0.12,-0.094,0.036,0.64
10/12/2020,-0.0897,-0.127,-0.091,0.032,0.644
10/13/2020,-0.0898,-0.124,-0.099,0.03,0.65
10/14/2020,-0.0896,-0.128,-0.097,0.032,0.643
10/15/2020,-0.0898,-0.129,-0.105,0.023,0.634
10/16/2020,-0.0896,-0.133,-0.107,0.023,0.622
10/19/2020,-0.0927,-0.133,-0.107,0.026,0.622
10/20/2020,-0.0929,-0.131,-0.11,0.022,0.61
10/21/2020,-0.0927,-0.126,-0.1,0.035,0.632
10/22/2020,-0.093,-0.128,-0.095,0.035,0.631
10/23/2020,-0.0928,-0.12,-0.093,0.041,0.646
10/26/2020,-0.0817,-0.129,-0.094,0.035,0.645
10/27/2020,-0.0879,-0.13,-0.094,0.031,0.636
10/28/2020,-0.0896,-0.12,-0.099,0.025,0.633
10/29/2020,-0.0898,-0.12,-0.102,0.032,0.634
10/30/2020,-0.094,-0.115,-0.091,0.042,0.65
11/2/2020,-0.0898,-0.111,-0.083,0.045,0.649
11/4/2020,-0.0927,-0.114,-0.097,0.038,0.642
11/5/2020,-0.0946,-0.125,-0.109,0.022,0.614
11/6/2020,-0.0989,-0.136,-0.114,0.021,0.632
11/9/2020,-0.0976,-0.132,-0.11,0.021,0.634
11/10/2020,-0.0967,-0.117,-0.085,0.045,0.659
11/11/2020,-0.1017,-0.123,-0.091,0.041,0.658
11/12/2020,-0.1018,-0.129,-0.1,0.03,0.651
11/13/2020,-0.1066,-0.129,-0.108,0.025,0.655
11/16/2020,-0.1128,-0.131,-0.115,0.021,0.657
11/17/2020,-0.1098,-0.135,-0.112,0.025,0.651
11/18/2020,-0.1098,-0.134,-0.116,0.018,0.629
11/19/2020,-0.1046,-0.129,-0.114,0.018,0.637
11/20/2020,-0.1139,-0.135,-0.117,0.012,0.63
11/24/2020,-0.1048,-0.132,-0.113,0.025,0.649
11/25/2020,-0.1036,-0.142,-0.111,0.021,0.653
11/26/2020,-0.0998,-0.143,-0.109,0.026,0.654
11/27/2020,-0.0879,-0.136,-0.099,0.031,0.654
11/30/2020,-0.0866,-0.118,-0.094,0.032,0.653
12/1/2020,-0.0898,-0.124,-0.106,0.02,0.652
12/2/2020,-0.0896,-0.123,-0.102,0.026,0.657
12/3/2020,-0.0898,-0.113,-0.096,0.026,0.648
12/4/2020,-0.0896,-0.119,-0.107,0.024,0.657
12/7/2020,-0.0859,-0.129,-0.106,0.023,0.654
12/8/2020,-0.0848,-0.12,-0.114,0.019,0.637
12/9/2020,-0.0896,-0.123,-0.112,0.022,0.628
12/10/2020,-0.0898,-0.13,-0.116,0.015,0.617
12/11/2020,-0.0879,-0.133,-0.123,0.014,0.617
12/14/2020,-0.0957,-0.127,-0.119,0.011,0.629
12/15/2020,-0.0956,-0.124,-0.118,0.005,0.624
12/16/2020,-0.0958,-0.121,-0.117,0.01,0.626
12/17/2020,-0.096,-0.121,-0.113,0.011,0.628
12/18/2020,-0.0989,-0.124,-0.122,0.01,0.63
12/21/2020,-0.1026,-0.127,-0.123,0.011,0.636
12/22/2020,-0.1029,-0.126,-0.118,0.01,0.632
12/23/2020,-0.1028,-0.125,-0.116,0.012,0.624
12/24/2020,-0.103,-0.12,-0.115,0.017,0.631
12/25/2020,-0.1029,-0.13,-0.111,0.02,0.639
12/28/2020,-0.1029,-0.119,-0.112,0.025,0.647
12/29/2020,-0.1029,-0.116,-0.105,0.025,0.653
12/30/2020,-0.1028,-0.115,-0.109,0.021,0.651
1/4/2021,-0.1027,-0.116,-0.108,0.021,0.651
1/5/2021,-0.1027,-0.128,-0.116,0.011,0.643
1/6/2021,-0.0838,-0.105,-0.105,0.021,0.654
1/7/2021,-0.0839,-0.11,-0.101,0.039,0.66
1/8/2021,-0.0885,-0.117,-0.11,0.035,0.651
1/12/2021,-0.0899,-0.105,-0.106,0.041,0.655
1/13/2021,-0.0906,-0.112,-0.113,0.04,0.644
1/14/2021,-0.0907,-0.11,-0.093,0.041,0.646
1/15/2021,-0.0967,-0.114,-0.105,0.043,0.655
1/18/2021,-0.0996,-0.11,-0.089,0.055,0.66
1/19/2021,-0.0986,-0.109,-0.099,0.057,0.665
1/20/2021,-0.0947,-0.118,-0.104,0.049,0.667
1/21/2021,-0.0947,-0.12,-0.106,0.043,0.647
1/22/2021,-0.0936,-0.125,-0.107,0.049,0.655
1/25/2021,-0.0889,-0.12,-0.107,0.05,0.658
1/26/2021,-0.0899,-0.124,-0.11,0.039,0.651
1/27/2021,-0.0897,-0.118,-0.099,0.049,0.657
1/28/2021,-0.0899,-0.123,-0.107,0.04,0.648
1/29/2021,-0.0976,-0.111,-0.109,0.054,0.664
2/1/2021,-0.1049,-0.113,-0.105,0.059,0.677
2/2/2021,-0.1048,-0.111,-0.102,0.054,0.671
2/3/2021,-0.1048,-0.113,-0.109,0.058,0.671
2/4/2021,-0.1046,-0.115,-0.106,0.061,0.662
2/5/2021,-0.1037,-0.118,-0.104,0.06,0.659
2/8/2021,-0.1049,-0.107,-0.1,0.071,0.674
2/9/2021,-0.1028,-0.108,-0.096,0.073,0.672
2/10/2021,-0.1026,-0.109,-0.091,0.083,0.672
2/12/2021,-0.1086,-0.117,-0.11,0.068,0.668
2/15/2021,-0.1079,-0.118,-0.1,0.081,0.677
2/16/2021,-0.1079,-0.112,-0.095,0.085,0.679
2/17/2021,-0.1086,-0.107,-0.077,0.099,0.69
2/18/2021,-0.1086,-0.113,-0.083,0.097,0.678
2/19/2021,-0.1037,-0.105,-0.074,0.109,0.69
2/22/2021,-0.1037,-0.103,-0.065,0.125,0.704
2/24/2021,-0.1036,-0.093,-0.065,0.126,0.724
2/25/2021,-0.1038,-0.086,-0.05,0.153,0.751
2/26/2021,-0.1058,-0.106,-0.057,0.162,0.757
3/1/2021,-0.1098,-0.114,-0.06,0.155,0.733
3/2/2021,-0.1098,-0.121,-0.071,0.128,0.711
3/3/2021,-0.1098,-0.115,-0.074,0.119,0.679
3/4/2021,-0.1098,-0.118,-0.073,0.132,0.715
3/5/2021,-0.1046,-0.128,-0.09,0.096,0.68
3/8/2021,-0.1026,-0.112,-0.062,0.123,0.704
3/9/2021,-0.0998,-0.116,-0.063,0.127,0.711
3/10/2021,-0.0989,-0.116,-0.065,0.128,0.705
3/11/2021,-0.0986,-0.109,-0.081,0.102,0.663
3/12/2021,-0.1037,-0.126,-0.07,0.123,0.696
3/15/2021,-0.1049,-0.138,-0.089,0.111,0.682
3/16/2021,-0.1048,-0.141,-0.095,0.105,0.678
3/17/2021,-0.1048,-0.133,-0.089,0.1,0.665
3/18/2021,-0.1066,-0.137,-0.086,0.114,0.67
3/19/2021,-0.1057,-0.136,-0.085,0.113,0.674
3/22/2021,-0.1056,-0.132,-0.094,0.083,0.642
3/23/2021,-0.1056,-0.127,-0.093,0.082,0.629
3/24/2021,-0.1059,-0.139,-0.1,0.073,0.632
3/25/2021,-0.1058,-0.111,-0.091,0.086,0.65
3/26/2021,-0.106,-0.135,-0.098,0.083,0.672
3/29/2021,-0.0946,-0.139,-0.092,0.075,0.643
3/30/2021,-0.0998,-0.135,-0.093,0.091,0.656
3/31/2021,-0.0997,-0.124,-0.09,0.095,0.669
4/1/2021,-0.0998,-0.111,-0.079,0.113,0.705
4/2/2021,-0.0997,-0.114,-0.078,0.126,0.704
4/5/2021,-0.0889,-0.118,-0.08,0.12,0.701
4/6/2021,-0.0868,-0.115,-0.084,0.113,0.687
4/7/2021,-0.0888,-0.119,-0.091,0.099,0.662
4/8/2021,-0.0938,-0.128,-0.098,0.098,0.669
4/9/2021,-0.0997,-0.122,-0.081,0.11,0.681
4/12/2021,-0.0999,-0.125,-0.088,0.108,0.68
4/13/2021,-0.0998,-0.128,-0.09,0.107,0.672
4/14/2021,-0.0997,-0.121,-0.094,0.093,0.652
4/15/2021,-0.0998,-0.123,-0.091,0.09,0.652
4/16/2021,-0.103,-0.117,-0.093,0.093,0.66
4/19/2021,-0.1026,-0.122,-0.092,0.087,0.656
4/20/2021,-0.1029,-0.127,-0.083,0.089,0.644
4/21/2021,-0.1048,-0.127,-0.095,0.08,0.632
4/22/2021,-0.1046,-0.128,-0.102,0.072,0.638
4/23/2021,-0.1066,-0.128,-0.101,0.071,0.642
4/26/2021,-0.1079,-0.126,-0.087,0.082,0.649
4/27/2021,-0.1079,-0.128,-0.093,0.085,0.647
4/28/2021,-0.1078,-0.13,-0.081,0.098,0.657
4/30/2021,-0.1077,-0.122,-0.081,0.097,0.664
5/6/2021,-0.1077,-0.121,-0.092,0.09,0.655
5/7/2021,-0.1037,-0.13,-0.089,0.088,0.657
5/10/2021,-0.1037,-0.125,-0.089,0.087,0.652
5/11/2021,-0.1037,-0.127,-0.092,0.078,0.643
5/12/2021,-0.1036,-0.125,-0.088,0.084,0.642
5/13/2021,-0.1017,-0.121,-0.08,0.094,0.673
5/14/2021,-0.1029,-0.124,-0.091,0.089,0.659
5/17/2021,-0.1078,-0.125,-0.092,0.085,0.654
5/18/2021,-0.1078,-0.128,-0.083,0.088,0.662
5/19/2021,-0.1077,-0.123,-0.087,0.082,0.666
5/20/2021,-0.1077,-0.119,-0.084,0.085,0.673
5/21/2021,-0.1116,-0.117,-0.088,0.083,0.676
5/24/2021,-0.1348,-0.124,-0.093,0.08,0.68
5/25/2021,-0.1347,-0.125,-0.09,0.078,0.677
5/26/2021,-0.1346,-0.126,-0.092,0.074,0.672
5/27/2021,-0.1346,-0.12,-0.087,0.081,0.674
5/28/2021,-0.1077,-0.122,-0.09,0.083,0.675
5/31/2021,-0.1078,-0.126,-0.093,0.087,0.679
6/1/2021,-0.1078,-0.114,-0.09,0.083,0.688
6/2/2021,-0.1077,-0.121,-0.091,0.083,0.695
6/3/2021,-0.1077,-0.121,-0.093,0.084,0.692
6/4/2021,-0.1046,-0.116,-0.079,0.087,0.697
6/7/2021,-0.1049,-0.12,-0.094,0.083,0.696
6/8/2021,-0.1036,-0.118,-0.096,0.078,0.686
6/9/2021,-0.1036,-0.117,-0.097,0.069,0.671
6/10/2021,-0.1038,-0.121,-0.098,0.055,0.669
6/11/2021,-0.1028,-0.121,-0.112,0.035,0.659
6/14/2021,-0.1029,-0.115,-0.109,0.041,0.658
6/15/2021,-0.1028,-0.115,-0.108,0.051,0.678
6/16/2021,-0.1027,-0.119,-0.104,0.051,0.685
6/17/2021,-0.1007,-0.108,-0.086,0.063,0.689
6/18/2021,-0.1018,-0.117,-0.096,0.059,0.683
6/21/2021,-0.0989,-0.112,-0.098,0.05,0.676
6/22/2021,-0.0988,-0.107,-0.092,0.056,0.673
6/23/2021,-0.0986,-0.107,-0.09,0.056,0.67
6/24/2021,-0.0987,-0.108,-0.091,0.056,0.672
6/25/2021,-0.1029,-0.112,-0.099,0.047,0.681
6/28/2021,-0.1029,-0.099,-0.092,0.058,0.687
6/29/2021,-0.1028,-0.109,-0.092,0.062,0.69
6/30/2021,-0.1027,-0.093,-0.096,0.058,0.69
7/1/2021,-0.1029,-0.113,-0.108,0.042,0.68
7/2/2021,-0.0998,-0.113,-0.106,0.045,0.668
7/5/2021,-0.1016,-0.113,-0.111,0.039,0.678
7/6/2021,-0.1015,-0.108,-0.097,0.044,0.672
7/7/2021,-0.1019,-0.111,-0.097,0.034,0.673
7/8/2021,-0.1029,-0.113,-0.117,0.026,0.659
7/9/2021,-0.1046,-0.113,-0.113,0.033,0.676
7/12/2021,-0.1016,-0.113,-0.115,0.03,0.672
7/13/2021,-0.1015,-0.119,-0.117,0.025,0.672
7/14/2021,-0.1019,-0.122,-0.121,0.019,0.669
7/15/2021,-0.1068,-0.123,-0.124,0.014,0.637
7/16/2021,-0.1248,-0.124,-0.116,0.025,0.645
7/19/2021,-0.1246,-0.127,-0.124,0.015,0.65
7/20/2021,-0.1246,-0.128,-0.126,0.01,0.64
7/21/2021,-0.1156,-0.126,-0.127,0.018,0.66
7/26/2021,-0.1078,-0.12,-0.128,0.012,0.648
7/27/2021,-0.1078,-0.126,-0.124,0.018,0.656
7/28/2021,-0.1077,-0.125,-0.122,0.02,0.65
7/29/2021,-0.1077,-0.126,-0.123,0.021,0.642
7/30/2021,-0.1099,-0.116,-0.121,0.022,0.641
8/2/2021,-0.1127,-0.116,-0.124,0.017,0.646
8/3/2021,-0.1127,-0.118,-0.126,0.011,0.637
8/4/2021,-0.1128,-0.119,-0.131,0.006,0.63
8/5/2021,-0.1129,-0.126,-0.128,0.007,0.638
8/6/2021,-0.1125,-0.122,-0.123,0.015,0.642
8/10/2021,-0.1086,-0.108,-0.119,0.025,0.649
8/11/2021,-0.1098,-0.119,-0.11,0.036,0.658
8/12/2021,-0.1099,-0.118,-0.116,0.027,0.655
8/13/2021,-0.1195,-0.116,-0.116,0.031,0.656
8/16/2021,-0.1496,-0.123,-0.121,0.022,0.652
8/17/2021,-0.1496,-0.117,-0.126,0.015,0.645
8/18/2021,-0.1497,-0.136,-0.126,0.02,0.648
8/19/2021,-0.1198,-0.133,-0.119,0.016,0.647
8/20/2021,-0.1195,-0.122,-0.127,0.011,0.645
8/23/2021,-0.1238,-0.122,-0.117,0.021,0.65
8/24/2021,-0.1239,-0.108,-0.116,0.018,0.654
8/25/2021,-0.1237,-0.116,-0.113,0.023,0.653
8/26/2021,-0.1238,-0.12,-0.109,0.026,0.644
8/27/2021,-0.1195,-0.108,-0.108,0.027,0.652
8/30/2021,-0.1197,-0.106,-0.113,0.022,0.651
8/31/2021,-0.1198,-0.126,-0.108,0.025,0.651
9/1/2021,-0.1199,-0.115,-0.106,0.031,0.652
9/2/2021,-0.1198,-0.125,-0.104,0.036,0.646
9/3/2021,-0.12,-0.124,-0.101,0.042,0.65
9/6/2021,-0.1197,-0.123,-0.089,0.051,0.662
9/7/2021,-0.1185,-0.121,-0.098,0.043,0.664
9/8/2021,-0.1186,-0.12,-0.094,0.045,0.669
9/9/2021,-0.1185,-0.122,-0.099,0.043,0.661
9/10/2021,-0.1187,-0.123,-0.094,0.048,0.659
9/13/2021,-0.1188,-0.101,-0.096,0.049,0.651
9/14/2021,-0.1185,-0.123,-0.092,0.051,0.654
9/15/2021,-0.1186,-0.128,-0.1,0.036,0.65
9/16/2021,-0.1187,-0.128,-0.091,0.053,0.653
9/17/2021,-0.1148,-0.122,-0.091,0.054,0.658
9/21/2021,-0.1149,-0.129,-0.096,0.041,0.655
9/22/2021,-0.1146,-0.118,-0.1,0.039,0.653
9/24/2021,-0.1147,-0.1,-0.083,0.06,0.677
9/27/2021,-0.1437,-0.111,-0.08,0.061,0.689
9/28/2021,-0.1437,-0.111,-0.08,0.085,0.695
9/29/2021,-0.1436,-0.12,-0.071,0.078,0.68
9/30/2021,-0.1436,-0.123,-0.076,0.072,0.676
10/1/2021,-0.1388,-0.109,-0.091,0.062,0.663
10/4/2021,-0.1339,-0.111,-0.087,0.054,0.672
10/5/2021,-0.1337,-0.109,-0.083,0.06,0.678
10/6/2021,-0.1336,-0.104,-0.077,0.084,0.687
10/7/2021,-0.1336,-0.098,-0.088,0.071,0.677
10/8/2021,-0.1267,-0.1,-0.081,0.087,0.696
10/11/2021,-0.1098,-0.093,-0.073,0.091,0.695
10/12/2021,-0.1098,-0.105,-0.076,0.093,0.696
10/13/2021,-0.1117,-0.107,-0.075,0.093,0.701
10/14/2021,-0.1118,-0.107,-0.08,0.081,0.686
10/15/2021,-0.1119,-0.11,-0.072,0.083,0.694
10/18/2021,-0.1178,-0.106,-0.068,0.096,0.706
10/19/2021,-0.1167,-0.107,-0.075,0.088,0.702
10/20/2021,-0.1149,-0.104,-0.054,0.094,0.704
10/21/2021,-0.1146,-0.103,-0.072,0.091,0.7
10/22/2021,-0.1159,-0.103,-0.065,0.097,0.711
10/25/2021,-0.1068,-0.097,-0.06,0.106,0.715
10/26/2021,-0.1067,-0.096,-0.053,0.108,0.706
10/27/2021,-0.1067,-0.084,-0.063,0.1,0.699
10/28/2021,-0.1066,-0.098,-0.071,0.093,0.689
10/29/2021,-0.1179,-0.095,-0.067,0.099,0.672
11/1/2021,-0.1179,-0.096,-0.062,0.096,0.679
11/2/2021,-0.1176,-0.097,-0.077,0.078,0.689
11/4/2021,-0.1178,-0.102,-0.082,0.073,0.68
11/5/2021,-0.1196,-0.108,-0.093,0.06,0.676
11/8/2021,-0.1246,-0.112,-0.092,0.061,0.68
11/9/2021,-0.1248,-0.113,-0.09,0.064,0.683
11/10/2021,-0.1249,-0.114,-0.09,0.063,0.671
11/11/2021,-0.1247,-0.111,-0.081,0.069,0.68
11/12/2021,-0.1248,-0.113,-0.064,0.076,0.681
11/15/2021,-0.1398,-0.094,-0.084,0.066,0.676
11/16/2021,-0.1398,-0.106,-0.079,0.076,0.68
11/17/2021,-0.1397,-0.117,-0.078,0.079,0.686
11/18/2021,-0.1399,-0.116,-0.075,0.079,0.684
11/19/2021,-0.1279,-0.117,-0.076,0.08,0.685
11/22/2021,-0.1547,-0.129,-0.082,0.075,0.681
11/24/2021,-0.1548,-0.122,-0.076,0.083,0.693
11/25/2021,-0.1547,-0.119,-0.072,0.086,0.692
11/26/2021,-0.1536,-0.13,-0.082,0.074,0.676
11/29/2021,-0.1596,-0.115,-0.079,0.076,0.686
11/30/2021,-0.1597,-0.124,-0.091,0.057,0.666
12/1/2021,-0.1556,-0.114,-0.087,0.065,0.676
12/2/2021,-0.1559,-0.108,-0.088,0.063,0.676
12/3/2021,-0.1447,-0.109,-0.097,0.053,0.669
12/6/2021,-0.1448,-0.098,-0.095,0.045,0.666
12/7/2021,-0.1436,-0.108,-0.089,0.056,0.675
12/8/2021,-0.1428,-0.107,-0.089,0.05,0.673
12/9/2021,-0.1399,-0.103,-0.089,0.047,0.68
12/10/2021,-0.1208,-0.099,-0.085,0.056,0.671
12/13/2021,-0.1158,-0.099,-0.089,0.052,0.666
12/14/2021,-0.1159,-0.105,-0.092,0.052,0.665
12/15/2021,-0.1159,-0.097,-0.093,0.053,0.662
12/16/2021,-0.1177,-0.108,-0.092,0.047,0.66
12/17/2021,-0.1177,-0.107,-0.096,0.049,0.66
12/20/2021,-0.1178,-0.094,-0.104,0.041,0.653
12/21/2021,-0.1198,-0.1,-0.096,0.053,0.668
12/22/2021,-0.1226,-0.089,-0.089,0.061,0.67
12/23/2021,-0.1226,-0.092,-0.086,0.066,0.685
12/24/2021,-0.1228,-0.064,-0.066,0.067,0.678
12/27/2021,-0.1188,-0.065,-0.086,0.061,0.673
12/28/2021,-0.1219,-0.09,-0.062,0.063,0.685
12/29/2021,-0.1279,-0.071,-0.064,0.063,0.685
12/30/2021,-0.1277,-0.089,-0.075,0.071,0.689
1/4/2022,-0.1599,-0.086,-0.06,0.088,0.698
1/5/2022,-0.1167,-0.084,-0.063,0.086,0.699
1/6/2022,-0.1099,-0.081,-0.049,0.124,0.711
1/7/2022,-0.1027,-0.048,-0.039,0.14,0.72
1/11/2022,-0.1028,-0.072,-0.029,0.154,0.72
1/12/2022,-0.1027,-0.071,-0.042,0.131,0.706
1/13/2022,-0.1029,-0.078,-0.034,0.132,0.711
1/14/2022,-0.0949,-0.07,-0.019,0.143,0.722
1/17/2022,-0.0947,-0.063,-0.022,0.148,0.714
1/18/2022,-0.0949,-0.071,-0.026,0.143,0.713
1/19/2022,-0.0947,-0.071,-0.034,0.144,0.712
1/20/2022,-0.0947,-0.068,-0.03,0.147,0.72
1/21/2022,-0.0949,-0.068,-0.035,0.137,0.712
1/24/2022,-0.0959,-0.065,-0.032,0.142,0.72
1/25/2022,-0.0957,-0.066,-0.029,0.142,0.719
1/26/2022,-0.0956,-0.063,-0.021,0.141,0.726
1/27/2022,-0.0947,-0.059,-0.014,0.159,0.736
1/28/2022,-0.0949,-0.049,-0.018,0.171,0.757
1/31/2022,-0.0999,-0.049,-0.016,0.178,0.789
2/1/2022,-0.0998,-0.045,-0.004,0.18,0.799
2/2/2022,-0.0997,-0.049,-0.01,0.179,0.8
2/3/2022,-0.0998,-0.049,-0.014,0.176,0.785
2/4/2022,-0.0989,-0.043,0.005,0.198,0.805
2/7/2022,-0.0988,-0.044,0.01,0.197,0.826
2/8/2022,-0.0987,-0.038,0.02,0.218,0.86
2/9/2022,-0.0986,-0.039,0.022,0.21,0.837
2/10/2022,-0.0956,-0.034,0.031,0.231,0.873
2/14/2022,-0.0908,-0.028,0.042,0.218,0.89
2/15/2022,-0.0906,-0.024,0.045,0.219,0.901
2/16/2022,-0.0896,-0.02,0.054,0.216,0.939
2/17/2022,-0.0898,-0.009,0.063,0.226,0.991
2/18/2022,-0.0887,-0.015,0.052,0.216,0.945
2/21/2022,-0.0848,-0.018,0.051,0.213,0.893
2/22/2022,-0.0846,-0.019,0.034,0.197,0.874
2/24/2022,-0.0846,-0.029,0.038,0.201,0.889
2/25/2022,-0.0867,-0.023,0.04,0.211,0.929
2/28/2022,-0.0938,-0.025,0.016,0.192,0.895
3/1/2022,-0.0937,-0.026,0.016,0.176,0.898
3/2/2022,-0.0939,-0.039,-0.012,0.14,0.871
3/3/2022,-0.094,-0.027,0.011,0.177,0.884
3/4/2022,-0.0896,-0.033,0.018,0.163,0.847
3/7/2022,-0.0897,-0.049,-0.003,0.147,0.833
3/8/2022,-0.0887,-0.045,-0.001,0.16,0.893
3/9/2022,-0.0908,-0.038,0.01,0.167,0.872
3/10/2022,-0.0906,-0.028,0.02,0.194,0.886
3/11/2022,-0.0908,-0.034,0.019,0.185,0.878
3/14/2022,-0.0817,-0.029,0.024,0.198,0.875
3/15/2022,-0.0787,-0.029,0.04,0.206,0.908
3/16/2022,-0.0788,-0.025,0.045,0.211,0.91
3/17/2022,-0.0798,-0.022,0.041,0.206,0.898
3/18/2022,-0.0828,-0.021,0.04,0.209,0.897
3/22/2022,-0.0828,-0.018,0.047,0.217,0.913
3/23/2022,-0.0788,-0.022,0.048,0.226,0.937
3/24/2022,-0.0829,-0.023,0.052,0.23,0.939
3/25/2022,-0.0859,-0.023,0.054,0.238,0.972
3/28/2022,-0.0866,-0.019,0.062,0.251,1.026
3/29/2022,-0.0887,-0.018,0.068,0.252,1.078
3/30/2022,-0.1048,-0.027,0.054,0.227,1.019
3/31/2022,-0.1046,-0.03,0.044,0.22,0.937
4/1/2022,-0.1046,-0.029,0.03,0.225,0.955
4/4/2022,-0.11,-0.035,0.02,0.214,0.949
4/5/2022,-0.1136,-0.031,0.028,0.219,0.975
4/6/2022,-0.1137,-0.032,0.045,0.245,1.029
4/7/2022,-0.1138,-0.038,0.035,0.233,1.027
4/8/2022,-0.1289,-0.078,0.021,0.23,0.981
4/11/2022,-0.1346,-0.083,0.027,0.241,1.001
4/12/2022,-0.1349,-0.079,0.024,0.245,0.995
4/13/2022,-0.1348,-0.056,0.038,0.24,0.983
4/14/2022,-0.1249,-0.062,0.029,0.231,0.938
4/15/2022,-0.1046,-0.058,0.029,0.241,0.943
4/18/2022,-0.1049,-0.057,0.026,0.245,0.972
4/19/2022,-0.1079,-0.044,0.031,0.248,0.961
4/20/2022,-0.1079,-0.046,0.033,0.253,0.98
4/21/2022,-0.1078,-0.05,0.016,0.251,0.992
4/22/2022,-0.1248,-0.052,0.022,0.25,1.021
4/25/2022,-0.1508,-0.054,0.021,0.247,1.009
4/26/2022,-0.1509,-0.055,0.017,0.245,0.984
4/27/2022,-0.1507,-0.055,0.019,0.246,0.984
4/28/2022,-0.1509,-0.054,0.015,0.23,0.972
5/2/2022,-0.1507,-0.048,0.016,0.231,0.99
5/6/2022,-0.1397,-0.043,0.025,0.244,1.014
5/9/2022,-0.1336,-0.041,0.025,0.248,1.041
5/10/2022,-0.134,-0.046,0.021,0.247,1.037
5/11/2022,-0.1295,-0.045,0.018,0.248,1.025
5/12/2022,-0.13,-0.052,0.016,0.248,1.011
5/13/2022,-0.1266,-0.053,0.009,0.246,1.005
5/16/2022,-0.1299,-0.054,0.015,0.247,1.008
5/17/2022,-0.13,-0.054,0.014,0.246,1.023
5/18/2022,-0.13,-0.054,0.018,0.245,1.028
5/19/2022,-0.1298,-0.057,0.018,0.243,1.013
5/20/2022,-0.1266,-0.057,0.014,0.242,0.998
5/23/2022,-0.1246,-0.062,0.014,0.24,0.991
5/24/2022,-0.1248,-0.069,0.008,0.237,0.973
5/25/2022,-0.1249,-0.071,-0.009,0.213,0.964
5/26/2022,-0.1246,-0.055,0.011,0.24,1.013
5/27/2022,-0.1099,-0.065,0.005,0.233,1
5/30/2022,-0.0988,-0.061,0.008,0.237,1.011
5/31/2022,-0.0986,-0.072,0.007,0.243,1.026
6/1/2022,-0.1036,-0.068,-0.004,0.238,1.04
6/2/2022,-0.1038,-0.07,-0.001,0.241,1.045
6/3/2022,-0.1037,-0.07,-0.009,0.234,1.027
6/6/2022,-0.0926,-0.064,0.001,0.245,1.035
6/7/2022,-0.0928,-0.069,0.003,0.248,1.061
6/8/2022,-0.0926,-0.074,-0.007,0.251,1.068
6/9/2022,-0.0947,-0.074,-0.006,0.251,1.09
6/10/2022,-0.0976,-0.077,0.001,0.253,1.092
6/13/2022,-0.0988,-0.044,0.042,0.257,1.195
6/14/2022,-0.0999,-0.043,0.079,0.249,1.19
6/15/2022,-0.0998,-0.024,0.076,0.256,1.219
6/16/2022,-0.1398,-0.065,0.042,0.259,1.184
6/17/2022,-0.1996,-0.065,0.052,0.228,1.174
6/20/2022,-0.1998,-0.054,0.081,0.24,1.231
6/21/2022,-0.1996,-0.065,0.069,0.238,1.249
6/22/2022,-0.1998,-0.072,0.071,0.246,1.257
6/23/2022,-0.1995,-0.086,0.049,0.236,1.227
6/24/2022,-0.1776,-0.082,0.033,0.23,1.236
6/27/2022,-0.1668,-0.061,0.044,0.245,1.295
6/28/2022,-0.1616,-0.045,0.06,0.241,1.309
6/29/2022,-0.1547,-0.044,0.041,0.236,1.275
6/30/2022,-0.1446,-0.058,0.025,0.231,1.242
7/1/2022,-0.1397,-0.064,0.01,0.226,1.237
7/4/2022,-0.1418,-0.06,0.016,0.229,1.268
7/5/2022,-0.1409,-0.058,0.012,0.223,1.294
7/6/2022,-0.1417,-0.066,0.009,0.247,1.268
7/7/2022,-0.1416,-0.064,0.012,0.248,1.261
7/8/2022,-0.1499,-0.069,0.019,0.244,1.246
7/11/2022,-0.1477,-0.068,0.03,0.245,1.299
7/12/2022,-0.1516,-0.069,0.021,0.242,1.317
7/13/2022,-0.1517,-0.074,0.022,0.232,1.265
7/14/2022,-0.1515,-0.057,0.043,0.238,1.25
7/15/2022,-0.1507,-0.058,0.037,0.237,1.211
7/19/2022,-0.1447,-0.073,0.029,0.239,1.271
7/20/2022,-0.1518,-0.073,0.038,0.246,1.284
7/21/2022,-0.1515,-0.074,0.021,0.236,1.261
7/22/2022,-0.1595,-0.078,0.008,0.215,1.232
7/25/2022,-0.1537,-0.075,-0.002,0.196,1.217
7/26/2022,-0.1538,-0.073,0.002,0.211,1.185
7/27/2022,-0.1539,-0.075,-0.002,0.2,1.168
7/28/2022,-0.1537,-0.079,-0.01,0.205,1.213
7/29/2022,-0.1499,-0.077,-0.023,0.185,1.203
8/1/2022,-0.1418,-0.082,-0.016,0.186,1.243
8/2/2022,-0.1418,-0.083,-0.025,0.176,1.197
8/3/2022,-0.1417,-0.085,-0.014,0.189,1.216
8/4/2022,-0.1416,-0.094,-0.025,0.178,1.194
8/5/2022,-0.1349,-0.097,-0.032,0.168,1.162
8/8/2022,-0.12,-0.097,-0.029,0.175,1.153
8/9/2022,-0.1149,-0.099,-0.034,0.169,1.116
8/10/2022,-0.1146,-0.092,-0.012,0.19,1.108
8/12/2022,-0.1187,-0.083,-0.002,0.19,1.106
8/15/2022,-0.1197,-0.083,0.002,0.19,1.117
8/16/2022,-0.1198,-0.087,-0.004,0.174,1.087
8/17/2022,-0.1199,-0.089,0,0.19,1.072
8/18/2022,-0.1298,-0.083,0.008,0.204,1.103
8/19/2022,-0.1296,-0.084,0.006,0.202,1.089
8/22/2022,-0.1299,-0.08,0.016,0.222,1.134
8/23/2022,-0.1297,-0.085,0.011,0.221,1.151
8/24/2022,-0.1295,-0.083,0.022,0.228,1.156
8/25/2022,-0.1298,-0.084,0.024,0.231,1.152
8/26/2022,-0.1147,-0.084,0.016,0.223,1.148
8/29/2022,-0.1147,-0.073,0.027,0.248,1.208
8/30/2022,-0.1177,-0.087,0.012,0.228,1.205
8/31/2022,-0.1178,-0.082,0.012,0.226,1.196
9/1/2022,-0.1177,-0.074,0.02,0.242,1.23
9/2/2022,-0.1178,-0.079,0.023,0.241,1.271
9/5/2022,-0.1176,-0.083,0.015,0.236,1.252
9/6/2022,-0.1177,-0.078,0.024,0.242,1.263
9/7/2022,-0.1178,-0.075,0.036,0.253,1.316
9/8/2022,-0.1177,-0.078,0.031,0.252,1.304
9/9/2022,-0.1296,-0.075,0.052,0.253,1.323
9/12/2022,-0.1238,-0.074,0.055,0.25,1.288
9/13/2022,-0.1198,-0.072,0.033,0.245,1.23
9/14/2022,-0.1199,-0.072,0.05,0.258,1.195
9/15/2022,-0.1195,-0.069,0.054,0.259,1.262
9/16/2022,-0.1277,-0.067,0.057,0.257,1.302
9/20/2022,-0.1297,-0.067,0.058,0.256,1.327
9/21/2022,-0.1346,-0.054,0.073,0.259,1.323
9/22/2022,-0.2379,-0.065,0.036,0.237,1.303
9/26/2022,-0.2378,-0.051,0.078,0.252,1.385
9/27/2022,-0.2498,-0.043,0.092,0.253,1.434
9/28/2022,-0.2497,-0.038,0.087,0.247,1.485
9/29/2022,-0.2499,-0.043,0.081,0.255,1.408
9/30/2022,-0.2499,-0.049,0.068,0.244,1.393
10/3/2022,-0.2746,-0.054,0.059,0.246,1.333
10/4/2022,-0.2748,-0.062,0.036,0.222,1.329
10/5/2022,-0.2746,-0.066,0.043,0.252,1.351
10/6/2022,-0.2747,-0.07,0.044,0.254,1.361
10/7/2022,-0.2749,-0.066,0.051,0.252,1.372
10/11/2022,-0.165,-0.056,0.062,0.254,1.447
10/12/2022,-0.1649,-0.052,0.062,0.256,1.488
10/13/2022,-0.1647,-0.048,0.075,0.25,1.484
10/14/2022,-0.1649,-0.053,0.067,0.251,1.469
10/17/2022,-0.1649,-0.047,0.096,0.255,1.512
10/18/2022,-0.1647,-0.051,0.099,0.256,1.511
10/19/2022,-0.1649,-0.032,0.118,0.257,1.512
10/20/2022,-0.1647,-0.022,0.133,0.255,1.526
10/21/2022,-0.1897,-0.002,0.141,0.256,1.61
10/24/2022,-0.1748,0.001,0.142,0.255,1.663
10/25/2022,-0.1747,-0.012,0.121,0.255,1.591
10/26/2022,-0.1579,-0.023,0.098,0.253,1.553
10/27/2022,-0.1547,-0.04,0.071,0.256,1.5
10/28/2022,-0.1548,-0.045,0.08,0.248,1.46
10/31/2022,-0.1368,-0.046,0.082,0.248,1.423
11/1/2022,-0.1366,-0.04,0.075,0.257,1.497
11/2/2022,-0.1367,-0.039,0.077,0.254,1.535
11/4/2022,-0.1228,-0.041,0.095,0.257,1.57
11/7/2022,-0.1147,-0.043,0.089,0.257,1.597
11/8/2022,-0.1148,-0.045,0.095,0.252,1.607
11/9/2022,-0.1149,-0.048,0.07,0.253,1.506
11/10/2022,-0.1247,-0.046,0.072,0.253,1.516
11/11/2022,-0.1345,-0.057,0.05,0.242,1.44
11/14/2022,-0.1356,-0.056,0.064,0.244,1.497
11/15/2022,-0.1359,-0.052,0.069,0.245,1.461
11/16/2022,-0.1358,-0.04,0.07,0.248,1.449
11/17/2022,-0.1359,-0.042,0.073,0.246,1.401
11/18/2022,-0.12,-0.026,0.09,0.249,1.413
11/21/2022,-0.1348,-0.015,0.094,0.247,1.444
11/22/2022,-0.1346,-0.018,0.087,0.249,1.456
11/24/2022,-0.1347,-0.024,0.081,0.248,1.456
11/25/2022,-0.1998,-0.019,0.102,0.254,1.488
11/28/2022,-0.1998,-0.021,0.101,0.253,1.497
11/29/2022,-0.1996,-0.027,0.115,0.253,1.523
11/30/2022,-0.1998,-0.023,0.117,0.253,1.526
12/1/2022,-0.1996,-0.025,0.106,0.253,1.525
12/2/2022,-0.1698,-0.023,0.109,0.255,1.497
12/5/2022,-0.1698,-0.02,0.116,0.255,1.495
12/6/2022,-0.1697,-0.012,0.127,0.256,1.487
12/7/2022,-0.1696,-0.009,0.128,0.255,1.472
12/8/2022,-0.1699,-0.008,0.129,0.255,1.437
12/9/2022,-0.1726,-0.012,0.123,0.256,1.411
12/12/2022,-0.1797,-0.012,0.125,0.253,1.426
12/13/2022,-0.1797,-0.011,0.134,0.254,1.407
12/14/2022,-0.1796,-0.014,0.128,0.252,1.402
12/15/2022,-0.1948,-0.013,0.132,0.256,1.433
12/16/2022,-0.1528,-0.015,0.129,0.254,1.481
12/19/2022,-0.1497,-0.007,0.143,0.255,1.533
12/20/2022,-0.1697,0.018,0.158,0.408,1.57
12/21/2022,-0.1796,-0.004,0.249,0.48,1.549
12/22/2022,-0.1796,0.003,0.22,0.4,1.548
12/23/2022,-0.1799,0.011,0.207,0.385,1.522
12/26/2022,-0.1799,0.027,0.235,0.447,1.505
12/27/2022,-0.1799,0.028,0.252,0.476,1.543
12/28/2022,-0.1799,0.047,0.245,0.462,1.574
12/29/2022,-0.1797,0.044,0.245,0.461,1.624
12/30/2022,-0.1797,0.039,0.232,0.422,1.613
1/4/2023,-0.1395,0.038,0.227,0.465,1.66
1/5/2023,-0.1397,0.031,0.211,0.434,1.626
1/6/2023,-0.1195,0.026,0.2,0.505,1.614
1/10/2023,-0.1197,0.04,0.239,0.508,1.67
1/11/2023,-0.1198,0.034,0.236,0.505,1.643
1/12/2023,-0.1298,0.048,0.281,0.51,1.663
1/13/2023,-0.1696,0.045,0.334,0.512,1.628
1/16/2023,-0.1897,0.037,0.314,0.527,1.578
1/17/2023,-0.1898,0.048,0.326,0.524,1.544
1/18/2023,-0.1899,0.019,0.244,0.459,1.565
1/19/2023,-0.1898,0.002,0.232,0.441,1.592
1/20/2023,-0.1749,-0.017,0.2,0.386,1.544
1/23/2023,-0.1746,0.001,0.188,0.391,1.564
1/24/2023,-0.1749,-0.001,0.19,0.419,1.537
1/25/2023,-0.1748,-0.007,0.194,0.446,1.535
1/26/2023,-0.1746,-0.004,0.199,0.493,1.526
1/27/2023,-0.1797,-0.001,0.201,0.491,1.589
1/30/2023,-0.1717,0.017,0.186,0.484,1.609
1/31/2023,-0.172,-0.017,0.193,0.496,1.604
2/1/2023,-0.1719,-0.012,0.183,0.492,1.574
2/2/2023,-0.1719,-0.015,0.186,0.498,1.525
2/3/2023,-0.1718,-0.021,0.165,0.496,1.532
2/6/2023,-0.1797,-0.019,0.182,0.505,1.546
2/7/2023,-0.177,-0.02,0.184,0.501,1.563
2/8/2023,-0.1769,-0.026,0.194,0.5,1.549
2/9/2023,-0.1768,-0.026,0.212,0.499,1.538
2/10/2023,-0.1799,-0.035,0.219,0.502,1.6
2/13/2023,-0.1789,-0.052,0.195,0.511,1.505
2/14/2023,-0.1789,-0.054,0.194,0.51,1.491
2/15/2023,-0.1789,-0.041,0.201,0.507,1.475
2/16/2023,-0.1788,-0.035,0.206,0.505,1.48
2/17/2023,-0.1649,-0.03,0.215,0.507,1.492
2/20/2023,-0.1497,-0.033,0.221,0.505,1.501
2/21/2023,-0.1478,-0.021,0.236,0.506,1.494
2/22/2023,-0.1447,-0.018,0.246,0.506,1.457
2/24/2023,-0.1447,-0.018,0.235,0.504,1.446
2/27/2023,-0.1698,-0.018,0.229,0.507,1.442
2/28/2023,-0.1797,-0.032,0.216,0.505,1.375
3/1/2023,-0.1796,-0.025,0.209,0.506,1.37
3/2/2023,-0.1796,-0.027,0.207,0.505,1.404
3/3/2023,-0.1848,-0.034,0.202,0.506,1.431
3/6/2023,-0.1846,-0.035,0.213,0.506,1.422
3/7/2023,-0.1847,-0.037,0.205,0.504,1.436
3/8/2023,-0.1847,-0.036,0.208,0.505,1.47
3/9/2023,-0.1848,-0.018,0.234,0.506,1.474
3/10/2023,-0.1948,-0.024,0.206,0.411,1.404
3/13/2023,-0.1949,-0.019,0.189,0.348,1.31
3/14/2023,-0.2349,-0.038,0.103,0.274,1.116
3/15/2023,-0.2499,-0.033,0.159,0.329,1.355
3/16/2023,-0.2497,-0.064,0.12,0.315,1.291
3/17/2023,-0.2696,-0.079,0.104,0.288,1.294
3/20/2023,-0.2848,-0.069,0.064,0.25,1.245
3/22/2023,-0.2848,-0.052,0.102,0.328,1.326
3/23/2023,-0.285,-0.055,0.084,0.323,1.338
3/24/2023,-0.2699,-0.059,0.073,0.316,1.347
3/27/2023,-0.2796,-0.065,0.078,0.32,1.363
3/28/2023,-0.2798,-0.057,0.092,0.355,1.28
3/29/2023,-0.2797,-0.065,0.088,0.324,1.213
3/30/2023,-0.2797,-0.074,0.094,0.334,1.225
3/31/2023,-0.25,-0.056,0.102,0.351,1.26
4/3/2023,-0.1947,-0.041,0.129,0.391,1.319
4/4/2023,-0.1946,-0.024,0.152,0.425,1.365
4/5/2023,-0.1948,-0.027,0.162,0.481,1.352
4/6/2023,-0.1948,-0.047,0.152,0.472,1.315
4/7/2023,-0.2099,-0.053,0.158,0.47,1.309
4/10/2023,-0.2996,-0.045,0.151,0.468,1.326
4/11/2023,-0.2997,-0.042,0.139,0.463,1.329
4/12/2023,-0.2998,-0.046,0.163,0.469,1.329
4/13/2023,-0.2997,-0.042,0.166,0.471,1.31
4/14/2023,-0.2096,-0.037,0.166,0.475,1.315
4/17/2023,-0.1998,-0.04,0.171,0.485,1.351
4/18/2023,-0.1996,-0.04,0.17,0.475,1.342
4/19/2023,-0.1998,-0.043,0.174,0.483,1.33
4/20/2023,-0.1647,-0.043,0.17,0.472,1.35
4/21/2023,-0.1848,-0.039,0.167,0.473,1.35
4/24/2023,-0.1846,-0.042,0.164,0.473,1.361
4/25/2023,-0.1847,-0.036,0.165,0.479,1.35
4/26/2023,-0.1847,-0.039,0.154,0.465,1.327
4/27/2023,-0.1848,-0.029,0.153,0.466,1.345
4/28/2023,-0.1848,-0.037,0.11,0.394,1.234
5/1/2023,-0.1845,-0.035,0.111,0.407,1.273
5/2/2023,-0.1736,-0.035,0.117,0.421,1.272
5/8/2023,-0.1738,-0.033,0.124,0.418,1.275
5/9/2023,-0.1716,-0.031,0.13,0.426,1.278
5/10/2023,-0.1719,-0.028,0.13,0.425,1.27
5/11/2023,-0.1715,-0.044,0.111,0.398,1.233
5/12/2023,-0.1749,-0.048,0.107,0.391,1.248
5/15/2023,-0.1746,-0.048,0.114,0.407,1.264
5/16/2023,-0.1749,-0.05,0.118,0.397,1.248
5/17/2023,-0.1706,-0.056,0.102,0.37,1.215
5/18/2023,-0.1707,-0.055,0.108,0.382,1.222
5/19/2023,-0.1709,-0.057,0.107,0.398,1.24
5/22/2023,-0.1697,-0.056,0.105,0.393,1.227
5/23/2023,-0.1699,-0.057,0.106,0.404,1.239
5/24/2023,-0.1748,-0.064,0.111,0.414,1.259
5/25/2023,-0.1898,-0.061,0.116,0.427,1.283
5/26/2023,-0.1898,-0.063,0.11,0.421,1.258
5/29/2023,-0.1738,-0.059,0.103,0.441,1.262
5/30/2023,-0.1807,-0.056,0.103,0.435,1.253
5/31/2023,-0.1807,-0.051,0.095,0.436,1.264
6/1/2023,-0.1806,-0.055,0.084,0.424,1.271
6/2/2023,-0.1846,-0.066,0.077,0.414,1.274
6/5/2023,-0.1846,-0.061,0.093,0.434,1.28
6/6/2023,-0.1846,-0.061,0.088,0.426,1.265
6/7/2023,-0.1837,-0.058,0.092,0.427,1.265
6/8/2023,-0.1819,-0.056,0.089,0.438,1.274
6/9/2023,-0.1819,-0.06,0.084,0.427,1.26
6/12/2023,-0.175,-0.066,0.083,0.431,1.272
6/13/2023,-0.1728,-0.07,0.077,0.425,1.249
6/14/2023,-0.1597,-0.064,0.097,0.431,1.249
6/15/2023,-0.1407,-0.062,0.089,0.429,1.241
6/16/2023,-0.1447,-0.063,0.081,0.412,1.237
6/19/2023,-0.1479,-0.063,0.08,0.4,1.226
6/20/2023,-0.1479,-0.061,0.081,0.393,1.211
6/21/2023,-0.1476,-0.069,0.075,0.382,1.214
6/22/2023,-0.1476,-0.068,0.071,0.379,1.221
6/23/2023,-0.1216,-0.073,0.059,0.369,1.214
6/26/2023,-0.1217,-0.073,0.053,0.361,1.196
6/27/2023,-0.1099,-0.072,0.058,0.374,1.19
6/28/2023,-0.1229,-0.066,0.067,0.389,1.203
6/29/2023,-0.1207,-0.069,0.07,0.391,1.213
6/30/2023,-0.1279,-0.067,0.065,0.401,1.242
7/3/2023,-0.1336,-0.065,0.063,0.405,1.247
7/4/2023,-0.1339,-0.065,0.065,0.386,1.241
7/5/2023,-0.1337,-0.067,0.057,0.392,1.211
7/6/2023,-0.1337,-0.058,0.075,0.414,1.216
7/7/2023,-0.1257,-0.046,0.102,0.428,1.277
7/10/2023,-0.1345,-0.031,0.122,0.462,1.318
7/11/2023,-0.1369,-0.042,0.111,0.459,1.316
7/12/2023,-0.1368,-0.04,0.131,0.474,1.339
7/13/2023,-0.1368,-0.039,0.131,0.475,1.358
7/14/2023,-0.1499,-0.035,0.13,0.481,1.39
7/18/2023,-0.1496,-0.036,0.13,0.48,1.42
7/19/2023,-0.1497,-0.039,0.119,0.466,1.4
7/20/2023,-0.1498,-0.043,0.115,0.467,1.381
7/21/2023,-0.1296,-0.034,0.119,0.45,1.341
7/24/2023,-0.1188,-0.04,0.111,0.463,1.329
7/25/2023,-0.1185,-0.043,0.11,0.466,1.347
7/26/2023,-0.119,-0.042,0.104,0.455,1.332
7/27/2023,-0.1046,-0.043,0.103,0.45,1.323
7/28/2023,-0.1046,-0.025,0.159,0.568,1.4
7/31/2023,-0.1049,0.005,0.18,0.612,1.517
8/1/2023,-0.1049,0.007,0.181,0.607,1.55
8/2/2023,-0.1048,0.015,0.19,0.628,1.568
8/3/2023,-0.1046,0.027,0.213,0.653,1.591
8/4/2023,-0.1037,0.028,0.218,0.649,1.618
8/7/2023,-0.1037,0.022,0.208,0.63,1.612
8/8/2023,-0.1049,0.018,0.195,0.61,1.559
8/9/2023,-0.1046,0.013,0.183,0.584,1.527
8/10/2023,-0.1099,0.015,0.185,0.584,1.552
8/14/2023,-0.1176,0.02,0.2,0.612,1.597
8/15/2023,-0.1185,0.021,0.201,0.632,1.607
8/16/2023,-0.1199,0.022,0.212,0.63,1.585
8/17/2023,-0.1198,0.026,0.217,0.646,1.653
8/18/2023,-0.1195,0.024,0.217,0.635,1.639
8/21/2023,-0.1246,0.027,0.228,0.649,1.658
8/22/2023,-0.1297,0.024,0.238,0.666,1.672
8/23/2023,-0.1295,0.022,0.239,0.674,1.685
8/24/2023,-0.1298,0.015,0.23,0.656,1.668
8/25/2023,-0.1397,0.012,0.235,0.661,1.669
8/28/2023,-0.2999,0.009,0.237,0.664,1.669
8/29/2023,-0.2996,0.012,0.233,0.653,1.665
8/30/2023,-0.2997,0.028,0.235,0.652,1.668
8/31/2023,-0.3,0.032,0.227,0.651,1.678
9/1/2023,-0.16,0.024,0.208,0.633,1.647
9/4/2023,-0.165,0.021,0.217,0.644,1.654
9/5/2023,-0.1645,0.019,0.229,0.658,1.662
9/6/2023,-0.1648,0.02,0.233,0.66,1.654
9/7/2023,-0.165,0.016,0.223,0.657,1.654
9/8/2023,-0.148,0.01,0.223,0.655,1.671
9/11/2023,-0.1418,0.031,0.286,0.709,1.715
9/12/2023,-0.1447,0.035,0.276,0.711,1.724
9/13/2023,-0.145,0.029,0.281,0.713,1.697
9/14/2023,-0.1446,0.028,0.282,0.716,1.686
9/15/2023,-0.1517,0.028,0.28,0.715,1.682
9/19/2023,-0.1546,0.03,0.281,0.718,1.696
9/20/2023,-0.1547,0.024,0.286,0.727,1.706
9/21/2023,-0.1715,0.027,0.303,0.743,1.689
9/22/2023,-0.1848,0.032,0.302,0.746,1.688
9/25/2023,-0.1848,0.027,0.299,0.736,1.697
9/26/2023,-0.195,0.026,0.295,0.741,1.706
9/27/2023,-0.1996,0.027,0.292,0.741,1.712
9/28/2023,-0.2297,0.032,0.308,0.761,1.728
9/29/2023,-0.2298,0.05,0.316,0.765,1.734
10/2/2023,-0.3079,0.058,0.332,0.777,1.767
10/3/2023,-0.3077,0.057,0.328,0.767,1.781
10/4/2023,-0.3048,0.065,0.339,0.809,1.82
10/5/2023,-0.3046,0.066,0.335,0.812,1.839
10/6/2023,-0.2006,0.065,0.332,0.805,1.748
10/10/2023,-0.2077,0.069,0.317,0.783,1.744
10/11/2023,-0.2076,0.064,0.302,0.769,1.712
10/12/2023,-0.2076,0.053,0.314,0.758,1.671
10/13/2023,-0.2148,0.047,0.322,0.761,1.689
10/16/2023,-0.2146,0.039,0.318,0.761,1.71
10/17/2023,-0.215,0.059,0.326,0.781,1.745
10/18/2023,-0.215,0.07,0.353,0.809,1.768
10/19/2023,-0.2148,0.081,0.373,0.84,1.798
10/20/2023,-0.215,0.078,0.365,0.842,1.823
10/23/2023,-0.2,0.086,0.378,0.877,1.892
10/24/2023,-0.2027,0.08,0.361,0.851,1.871
10/25/2023,-0.2029,0.079,0.365,0.859,1.849
10/26/2023,-0.2028,0.087,0.385,0.875,1.852
10/27/2023,-0.1998,0.093,0.386,0.881,1.849
10/30/2023,-0.1998,0.104,0.406,0.892,1.861
10/31/2023,-0.1996,0.146,0.459,0.947,1.872
11/1/2023,-0.1996,0.164,0.488,0.961,1.9
11/2/2023,-0.1998,0.148,0.458,0.926,1.879
11/6/2023,-0.2038,0.135,0.431,0.883,1.831
11/7/2023,-0.2036,0.13,0.439,0.884,1.822
11/8/2023,-0.2039,0.124,0.418,0.857,1.776
11/9/2023,-0.2038,0.108,0.403,0.838,1.713
11/10/2023,-0.1996,0.109,0.418,0.85,1.727
11/13/2023,-0.2348,0.104,0.429,0.871,1.762
11/14/2023,-0.245,0.093,0.404,0.862,1.762
11/15/2023,-0.2448,0.07,0.362,0.802,1.711
11/16/2023,-0.2449,0.058,0.36,0.791,1.716
11/17/2023,-0.2099,0.044,0.329,0.756,1.685
11/20/2023,-0.2697,0.037,0.314,0.75,1.676
11/21/2023,-0.2696,0.035,0.284,0.703,1.595
11/22/2023,-0.2697,0.042,0.309,0.725,1.642
11/24/2023,-0.2298,0.063,0.356,0.777,1.684
11/27/2023,-0.215,0.065,0.352,0.778,1.706
11/28/2023,-0.2096,0.059,0.329,0.758,1.713
11/29/2023,-0.2099,0.046,0.262,0.672,1.612
11/30/2023,-0.1647,0.029,0.257,0.672,1.662
12/1/2023,-0.1649,0.044,0.267,0.697,1.669
12/4/2023,-0.1596,0.038,0.26,0.697,1.677
12/5/2023,-0.16,0.04,0.256,0.67,1.665
12/6/2023,-0.1599,0.041,0.241,0.639,1.589
12/7/2023,-0.1599,0.101,0.35,0.758,1.702
12/8/2023,-0.156,0.087,0.355,0.766,1.742
12/11/2023,-0.1558,0.091,0.346,0.765,1.756
12/12/2023,-0.1559,0.07,0.306,0.721,1.725
12/13/2023,-0.1556,0.056,0.274,0.694,1.658
12/14/2023,-0.156,0.059,0.278,0.674,1.623
12/15/2023,-0.1556,0.077,0.303,0.696,1.625
12/18/2023,-0.185,0.087,0.295,0.68,1.612
12/19/2023,-0.185,0.076,0.248,0.632,1.561
12/20/2023,-0.1847,0.049,0.198,0.556,1.498
12/21/2023,-0.1848,0.053,0.216,0.583,1.523
12/22/2023,-0.1658,0.057,0.247,0.625,1.582
12/25/2023,-0.2199,0.059,0.242,0.623,1.591
12/26/2023,-0.2199,0.065,0.246,0.635,1.602
12/27/2023,-0.2196,0.067,0.215,0.611,1.565
12/28/2023,-0.2196,0.05,0.199,0.595,1.582
12/29/2023,-0.21,0.053,0.207,0.614,1.633
1/4/2024,-0.1998,0.055,0.206,0.615,1.642
1/5/2024,-0.1897,0.043,0.205,0.61,1.627
1/9/2024,-0.1998,0.031,0.194,0.591,1.609
1/10/2024,-0.1996,0.024,0.191,0.586,1.593
1/11/2024,-0.1997,0.016,0.183,0.603,1.579
1/12/2024,-0.2,0.01,0.183,0.607,1.577
1/15/2024,-0.2197,0.002,0.169,0.57,1.593
1/16/2024,-0.2246,0.013,0.176,0.6,1.594
1/17/2024,-0.2247,0.025,0.21,0.617,1.622
1/18/2024,-0.1945,0.032,0.237,0.651,1.719
1/19/2024,-0.1868,0.035,0.256,0.668,1.755
1/22/2024,-0.1869,0.027,0.249,0.658,1.776
1/23/2024,-0.1869,0.042,0.27,0.671,1.761
1/24/2024,-0.1799,0.073,0.317,0.717,1.798
1/25/2024,-0.16,0.067,0.325,0.746,1.833
1/26/2024,-0.1595,0.052,0.304,0.717,1.82
1/29/2024,-0.1696,0.058,0.302,0.723,1.836
1/30/2024,-0.17,0.059,0.297,0.717,1.82
1/31/2024,-0.1497,0.081,0.308,0.732,1.833
2/1/2024,-0.1499,0.089,0.291,0.705,1.797
2/2/2024,-0.14,0.088,0.285,0.672,1.757
2/5/2024,-0.1398,0.114,0.326,0.725,1.79
2/6/2024,-0.14,0.115,0.321,0.723,1.796
2/7/2024,-0.14,0.107,0.32,0.718,1.782
2/8/2024,-0.14,0.096,0.312,0.705,1.775
2/9/2024,-0.1197,0.113,0.326,0.726,1.798
2/13/2024,-0.115,0.128,0.338,0.728,1.795
2/14/2024,-0.1149,0.142,0.357,0.753,1.81
2/15/2024,-0.1146,0.14,0.344,0.731,1.806
2/16/2024,-0.1147,0.146,0.349,0.735,1.795
2/19/2024,-0.116,0.152,0.355,0.735,1.784
2/20/2024,-0.1159,0.151,0.358,0.734,1.751
2/21/2024,-0.135,0.156,0.36,0.726,1.733
2/22/2024,-0.1147,0.166,0.371,0.72,1.725
2/26/2024,-0.0988,0.161,0.347,0.686,1.69
2/27/2024,-0.0998,0.17,0.348,0.693,1.696
2/28/2024,-0.1048,0.171,0.351,0.7,1.724
2/29/2024,-0.105,0.179,0.364,0.709,1.748
3/1/2024,-0.0997,0.19,0.373,0.717,1.747
3/4/2024,-0.0957,0.181,0.374,0.719,1.759
3/5/2024,-0.095,0.181,0.364,0.707,1.766
3/6/2024,-0.0947,0.19,0.375,0.717,1.762
3/7/2024,-0.0946,0.195,0.384,0.731,1.767
3/8/2024,-0.058,0.197,0.386,0.735,1.787
3/11/2024,-0.0577,0.201,0.384,0.759,1.818
3/12/2024,-0.0526,0.199,0.379,0.77,1.825
3/13/2024,-0.053,0.2,0.384,0.767,1.82
3/14/2024,-0.04,0.195,0.379,0.777,1.835
3/15/2024,0.004,0.189,0.379,0.786,1.852
3/18/2024,0.0053,0.189,0.382,0.767,1.821
3/19/2024,-0.0097,0.181,0.375,0.741,1.814
3/21/2024,-0.0096,0.192,0.382,0.741,1.809
3/22/2024,-0.01,0.204,0.39,0.741,1.809
3/25/2024,-0.0596,0.2,0.387,0.734,1.819
3/26/2024,-0.06,0.197,0.382,0.739,1.821
3/27/2024,-0.0597,0.196,0.372,0.725,1.795
3/28/2024,-0.06,0.191,0.36,0.711,1.777
3/29/2024,-0.0596,0.188,0.358,0.727,1.819
4/1/2024,-0.0549,0.195,0.361,0.739,1.829
4/2/2024,-0.0497,0.198,0.376,0.749,1.854
4/3/2024,0.0041,0.198,0.371,0.796,1.852
4/4/2024,0.004,0.196,0.374,0.788,1.847
4/5/2024,-0.0008,0.206,0.383,0.789,1.816
4/8/2024,-0.001,0.218,0.386,0.802,1.823
4/9/2024,-0.0007,0.223,0.389,0.8,1.838
4/10/2024,-0.0007,0.232,0.423,0.806,1.859
4/11/2024,-0.0007,0.265,0.495,0.871,1.951
4/12/2024,0,0.274,0.486,0.855,1.923
4/15/2024,0.0102,0.275,0.49,0.864,1.917
4/16/2024,0.0103,0.279,0.492,0.871,1.929
4/17/2024,0.01,0.283,0.493,0.883,1.948
4/18/2024,0.0152,0.274,0.476,0.869,1.923
4/19/2024,0.0052,0.268,0.467,0.851,1.906
4/22/2024,0.0102,0.28,0.49,0.89,1.924
4/23/2024,0.0203,0.289,0.498,0.889,1.954
4/24/2024,0.0201,0.305,0.497,0.905,1.958
4/25/2024,0.0202,0.304,0.504,0.899,1.957
4/26/2024,0.02,0.294,0.481,0.891,1.94
4/30/2024,0.0203,0.289,0.477,0.879,1.945
5/1/2024,0.02,0.284,0.487,0.891,1.961
5/2/2024,0.02,0.29,0.491,0.901,1.985
5/7/2024,0.033,0.283,0.473,0.873,1.98
5/8/2024,0.0331,0.284,0.484,0.882,1.97
5/9/2024,0.0404,0.309,0.524,0.918,1.979
5/10/2024,0.04,0.317,0.522,0.912,1.995
5/13/2024,0.03,0.331,0.541,0.937,2.022
5/14/2024,0.0303,0.34,0.556,0.953,2.044
5/15/2024,0.0302,0.34,0.559,0.956,2.057
5/16/2024,0.03,0.327,0.535,0.927,2.034
5/17/2024,0.0351,0.337,0.548,0.949,2.057
5/20/2024,0.035,0.342,0.578,0.981,2.08
5/21/2024,0.035,0.346,0.578,0.98,2.09
5/22/2024,0.0352,0.351,0.592,1.009,2.162
5/23/2024,0.0382,0.345,0.586,1.002,2.161
5/24/2024,0.0382,0.34,0.588,1.005,2.169
5/27/2024,0.0151,0.349,0.598,1.025,2.176
5/28/2024,0.0153,0.349,0.595,1.03,2.184
5/29/2024,0.0151,0.384,0.643,1.085,2.215
5/30/2024,0.0191,0.383,0.637,1.064,2.21
5/31/2024,0.0303,0.405,0.647,1.07,2.226
6/3/2024,0.0303,0.404,0.637,1.069,2.249
6/4/2024,0.0302,0.384,0.605,1.03,2.208
6/5/2024,0.03,0.364,0.572,1.017,2.191
6/6/2024,0.0304,0.342,0.544,0.964,2.091
6/7/2024,0.0303,0.35,0.555,0.976,2.098
6/10/2024,0.018,0.384,0.608,1.044,2.191
6/11/2024,0.0182,0.373,0.598,1.027,2.182
6/12/2024,0.018,0.349,0.557,0.986,2.153
6/13/2024,0.0252,0.332,0.554,0.975,2.127
6/14/2024,0,0.307,0.528,0.944,2.107
6/17/2024,0,0.295,0.514,0.935,2.129
6/18/2024,0,0.288,0.519,0.942,2.162
6/19/2024,0,0.284,0.51,0.931,2.125
6/20/2024,0,0.293,0.52,0.957,2.136
6/21/2024,0,0.306,0.545,0.975,2.145
6/24/2024,0.03,0.303,0.548,0.996,2.176
6/25/2024,0.03,0.305,0.554,1.004,2.197
6/26/2024,0.0253,0.312,0.563,1.03,2.247
6/27/2024,0.0253,0.348,0.605,1.076,2.277
6/28/2024,0.02,0.366,0.587,1.057,2.252
7/1/2024,0.0192,0.365,0.604,1.061,2.255
7/2/2024,0.0203,0.368,0.612,1.086,2.268
7/3/2024,0.019,0.356,0.593,1.101,2.276
7/4/2024,0.0104,0.345,0.583,1.081,2.277
7/5/2024,0.01,0.352,0.582,1.079,2.205
7/8/2024,0.01,0.363,0.604,1.095,2.216
7/9/2024,0.0103,0.359,0.585,1.092,2.223
7/10/2024,0.01,0.343,0.609,1.085,2.229
7/11/2024,0.0101,0.343,0.614,1.09,2.235
7/12/2024,0.0151,0.336,0.597,1.065,2.192
7/16/2024,0.0151,0.319,0.569,1.029,2.17
7/17/2024,0.0153,0.329,0.58,1.041,2.171
7/18/2024,0.015,0.342,0.591,1.042,2.162
7/19/2024,0.0191,0.345,0.594,1.044,2.147
7/22/2024,0.02,0.345,0.596,1.055,2.178
7/23/2024,0.0203,0.354,0.605,1.065,2.183
7/24/2024,0.0251,0.373,0.627,1.081,2.201
7/25/2024,0.0504,0.389,0.626,1.059,2.166
7/26/2024,0.0501,0.4,0.637,1.067,2.155
7/29/2024,0.057,0.404,0.602,1.027,2.122
7/30/2024,0.0572,0.38,0.593,1.004,2.122
7/31/2024,0.1502,0.456,0.668,1.056,2.176
8/1/2024,0.1503,0.471,0.661,1.041,2.148
8/2/2024,0.1451,0.408,0.573,0.95,2.077
8/5/2024,0.0701,0.298,0.418,0.792,1.935
8/6/2024,0.0701,0.298,0.446,0.901,2.104
8/7/2024,0.0701,0.283,0.429,0.897,2.204
8/8/2024,0.0704,0.278,0.416,0.85,2.1
8/9/2024,0.095,0.292,0.438,0.853,2.071
8/13/2024,0.09,0.306,0.441,0.847,2.065
8/14/2024,0.12,0.301,0.432,0.822,2.036
8/15/2024,0.1203,0.325,0.451,0.839,2.029
8/16/2024,0.12,0.356,0.497,0.876,2.048
8/19/2024,0.1103,0.372,0.511,0.89,2.076
8/20/2024,0.1103,0.364,0.504,0.893,2.106
8/21/2024,0.1103,0.355,0.485,0.88,2.091
8/22/2024,0.1103,0.363,0.491,0.877,2.07
8/23/2024,0.1002,0.376,0.512,0.9,2.075
8/26/2024,0.05,0.369,0.502,0.891,2.079
8/27/2024,0.0601,0.37,0.502,0.884,2.062
8/28/2024,0.0641,0.382,0.517,0.903,2.06
8/29/2024,0.1103,0.369,0.507,0.899,2.081
8/30/2024,0.1002,0.374,0.505,0.898,2.096
9/2/2024,0.0902,0.375,0.52,0.913,2.116
9/3/2024,0.1003,0.39,0.535,0.926,2.104
9/4/2024,0.1002,0.379,0.514,0.884,2.065
9/5/2024,0.1,0.381,0.509,0.88,2.053
9/6/2024,0.1002,0.38,0.499,0.854,2.02
9/9/2024,0.0783,0.397,0.525,0.901,2.061
9/10/2024,0.0784,0.4,0.531,0.9,2.075
9/11/2024,0.078,0.388,0.507,0.856,2.059
9/12/2024,0.0782,0.394,0.513,0.869,2.058
9/13/2024,0.1001,0.394,0.505,0.848,2.016
9/17/2024,0.065,0.39,0.493,0.829,1.989
9/18/2024,0.065,0.382,0.482,0.829,1.996
9/19/2024,0.069,0.388,0.496,0.851,2.058
9/20/2024,0.05,0.389,0.499,0.85,2.07
9/24/2024,0.05,0.353,0.468,0.816,2.071
9/25/2024,0.0503,0.352,0.468,0.815,2.045
9/26/2024,0.0504,0.349,0.468,0.832,2.09
9/27/2024,0.0593,0.367,0.495,0.854,2.083
9/30/2024,0.0301,0.392,0.507,0.861,2.089
10/1/2024,0.035,0.393,0.5,0.856,2.076
10/2/2024,0.0353,0.371,0.486,0.826,2.071
10/3/2024,0.0353,0.372,0.489,0.833,2.081
10/4/2024,0.0333,0.374,0.498,0.886,2.086
10/7/2024,-0.0048,0.417,0.551,0.934,2.126
10/8/2024,0.0041,0.41,0.548,0.927,2.111
10/9/2024,0.0053,0.408,0.549,0.935,2.154
10/10/2024,0.0052,0.415,0.567,0.96,2.187
10/11/2024,0.0101,0.416,0.58,0.952,2.167
10/15/2024,0,0.427,0.594,0.973,2.174
10/16/2024,0,0.425,0.574,0.958,2.156
10/17/2024,0,0.436,0.591,0.969,2.14
10/18/2024,0.01,0.441,0.59,0.977,2.15
10/21/2024,0.0022,0.44,0.583,0.964,2.176
10/22/2024,0.0023,0.454,0.601,0.979,2.208
10/23/2024,0.0023,0.454,0.598,0.983,2.215
10/24/2024,0.002,0.454,0.584,0.964,2.207
10/25/2024,0.0121,0.454,0.582,0.956,2.179
10/28/2024,0.0201,0.463,0.606,0.981,2.226
10/29/2024,0.023,0.459,0.603,0.981,2.219
10/30/2024,0.0201,0.451,0.591,0.964,2.229
10/31/2024,0.02,0.446,0.586,0.952,2.221
