Date,GACGB3M_Close,GACGB2_Close,GACGB5_Close,GACGB10_Close,GACGB30_Close
1/4/2000,,6.375,6.81,7.068,
1/5/2000,,6.465,6.908,7.163,
1/6/2000,,6.403,6.865,7.1,
1/7/2000,,6.425,6.88,7.13,
1/10/2000,,6.525,6.975,7.158,
1/11/2000,,6.63,7.075,7.255,
1/12/2000,,6.59,7.06,7.26,
1/13/2000,,6.47,6.93,7.17,
1/14/2000,,6.56,7.02,7.233,
1/17/2000,,6.575,7.033,7.253,
1/18/2000,,6.63,7.098,7.293,
1/19/2000,,6.54,7.028,7.265,
1/20/2000,,6.84,7.11,7.305,
1/21/2000,,6.565,7.05,7.275,
1/24/2000,,6.565,7.045,7.258,
1/25/2000,,6.563,7.043,7.227,
1/27/2000,,6.82,7.06,7.185,
1/28/2000,,6.47,6.955,7.132,
1/31/2000,,6.505,6.995,7.225,
2/1/2000,,6.45,6.945,7.15,
2/2/2000,,6.62,7.05,7.118,
2/3/2000,,6.605,7.015,6.985,
2/4/2000,,6.625,7,7.083,
2/7/2000,,6.675,7.075,7.188,
2/8/2000,,6.575,6.993,7.135,
2/9/2000,,6.545,6.98,7.133,
2/10/2000,,6.5,6.955,7.113,
2/11/2000,,6.539,6.992,7.124,
2/14/2000,,6.493,6.948,7.085,
2/15/2000,,6.515,6.945,7.058,
2/16/2000,,6.563,7.01,7.078,
2/17/2000,,6.578,7.02,7.048,
2/18/2000,,6.535,6.955,7.005,
2/21/2000,,6.495,6.865,6.843,
2/22/2000,,6.31,6.69,6.705,
2/23/2000,,6.46,6.83,6.795,
2/24/2000,,6.343,6.72,6.71,
2/25/2000,,6.21,6.555,6.595,
2/28/2000,,6.285,6.65,6.688,
2/29/2000,,6.243,6.615,6.665,
3/1/2000,,6.108,6.515,6.55,
3/2/2000,,6.155,6.59,6.665,
3/3/2000,,6.115,6.575,6.605,
3/6/2000,,6.42,6.76,6.755,
3/7/2000,,6.43,6.785,6.685,
3/8/2000,,6.37,6.705,6.715,
3/9/2000,,6.39,6.74,6.745,
3/10/2000,,6.41,6.76,6.63,
3/13/2000,,6.34,6.705,6.74,
3/14/2000,,6.2,6.57,6.64,
3/15/2000,,6.183,6.51,6.566,
3/16/2000,,6.163,6.485,6.51,
3/17/2000,,6.215,6.5,6.53,
3/20/2000,,6.265,6.535,6.5,
3/21/2000,,6.105,6.355,6.325,
3/22/2000,,6.22,6.435,6.388,
3/23/2000,,6.3,6.51,6.405,
3/24/2000,,6.47,6.635,6.505,
3/27/2000,,6.453,6.642,6.57,
3/28/2000,,6.408,6.59,6.521,
3/29/2000,,6.43,6.613,6.553,
3/30/2000,,6.435,6.6,6.559,
3/31/2000,,6.268,6.428,6.379,
4/3/2000,,6.3,6.43,6.358,
4/4/2000,,6.308,6.435,6.34,
4/5/2000,,6.248,6.365,6.288,
4/6/2000,,6.213,6.348,6.283,
4/7/2000,,6.273,6.403,6.342,
4/10/2000,,6.23,6.33,6.231,
4/11/2000,,6.183,6.255,6.142,
4/12/2000,,6.198,6.308,6.235,
4/13/2000,,6.148,6.305,6.268,
4/14/2000,,6.05,6.22,6.191,
4/17/2000,,5.933,6.09,6.098,
4/18/2000,,6.013,6.178,6.187,
4/19/2000,,6.028,6.215,6.273,
4/20/2000,,6.08,6.275,6.299,
4/26/2000,,6.173,6.383,6.398,
4/27/2000,,6.25,6.435,6.408,
4/28/2000,,6.325,6.483,6.408,
5/1/2000,,6.435,6.56,6.476,
5/2/2000,,6.395,6.557,6.499,
5/3/2000,,6.385,6.56,6.552,
5/4/2000,,6.368,6.578,6.607,
5/5/2000,,6.333,6.548,6.582,
5/8/2000,,6.32,6.535,6.575,
5/9/2000,,6.365,6.56,6.568,
5/10/2000,,6.325,6.535,6.55,
5/11/2000,,6.25,6.445,6.433,
5/12/2000,,6.258,6.44,6.467,
5/15/2000,,6.33,6.515,6.535,
5/16/2000,,6.303,6.46,6.448,
5/17/2000,,6.378,6.515,6.467,
5/18/2000,,6.44,6.58,6.553,
5/19/2000,,6.423,6.61,6.612,
5/22/2000,,6.303,6.51,6.547,
5/23/2000,,6.227,6.418,6.5,
5/24/2000,,6.22,6.393,6.447,
5/25/2000,,6.243,6.423,6.477,
5/26/2000,,6.155,6.315,6.35,
5/29/2000,,6.068,6.225,6.247,
5/30/2000,,6.102,6.265,6.303,
5/31/2000,,6.098,6.26,6.287,
6/1/2000,,6,6.133,6.146,
6/2/2000,,5.977,6.088,6.082,
6/5/2000,,5.96,6.12,6.158,
6/6/2000,,5.935,6.1,6.127,
6/7/2000,,5.93,6.108,6.133,
6/8/2000,,5.975,6.158,6.197,
6/9/2000,,5.905,6.073,6.099,
6/13/2000,,5.84,6.01,6.057,
6/14/2000,,5.913,6.095,6.174,
6/15/2000,,5.945,6.108,6.174,
6/16/2000,,5.93,6.095,6.173,
6/19/2000,,5.89,6.05,6.123,
6/20/2000,,5.94,6.118,6.203,
6/21/2000,,5.995,6.18,6.268,
6/22/2000,,6.015,6.208,6.308,
6/23/2000,,5.975,6.16,6.258,
6/26/2000,,5.98,6.173,6.293,
6/27/2000,,5.945,6.14,6.253,
6/28/2000,,5.965,6.155,6.263,
6/29/2000,,5.928,6.113,6.243,
6/30/2000,,5.868,6.065,6.183,
7/3/2000,,5.905,6.088,6.196,
7/4/2000,,5.83,6.005,6.113,
7/5/2000,,5.82,5.995,6.102,
7/6/2000,,5.843,6.025,6.146,
7/7/2000,,5.88,6.05,6.197,
7/10/2000,,5.795,5.965,6.088,
7/11/2000,,5.86,6.03,6.143,
7/12/2000,,5.863,6.038,6.148,
7/13/2000,,5.925,6.1,6.208,
7/14/2000,,5.868,6.043,6.132,
7/17/2000,,5.945,6.115,6.208,
7/18/2000,,5.95,6.13,6.243,
7/19/2000,,5.975,6.16,6.278,
7/20/2000,,5.99,6.168,6.283,
7/21/2000,,5.883,6.045,6.139,
7/24/2000,,5.86,6.005,6.102,
7/25/2000,,5.915,6.06,6.152,
7/26/2000,,5.943,6.085,6.164,
7/27/2000,,6.04,6.145,6.183,
7/28/2000,,6.102,6.213,6.213,
7/31/2000,,6.155,6.265,6.259,
8/1/2000,,6.163,6.258,6.279,
8/2/2000,,6.28,6.29,6.26,
8/3/2000,,6.255,6.26,6.213,
8/4/2000,,6.235,6.255,6.21,
8/8/2000,,6.205,6.213,6.158,
8/9/2000,,6.188,6.173,6.133,
8/10/2000,,6.275,6.233,6.182,
8/11/2000,,6.295,6.243,6.17,
8/14/2000,,6.355,6.305,6.25,
8/15/2000,,6.355,6.305,6.26,
8/16/2000,,6.37,6.323,6.253,
8/17/2000,,6.435,6.373,6.295,
8/18/2000,,6.45,6.37,6.285,
8/21/2000,,6.41,6.32,6.235,
8/22/2000,,6.39,6.305,6.235,
8/23/2000,,6.45,6.345,6.255,
8/24/2000,,6.41,6.31,6.2,
8/25/2000,,6.42,6.325,6.225,
8/28/2000,,6.4,6.31,6.21,
8/29/2000,,6.415,6.32,6.258,
8/30/2000,,6.465,6.388,6.31,
8/31/2000,,6.435,6.335,6.28,
9/1/2000,,6.29,6.183,6.11,
9/4/2000,,6.178,6.185,5.965,
9/5/2000,,6.233,6.105,6,
9/6/2000,,6.268,6.14,6.023,
9/7/2000,,6.33,6.205,6.075,
9/8/2000,,6.333,6.218,6.09,
9/11/2000,,6.3,6.185,6.07,
9/12/2000,,6.315,6.205,6.085,
9/13/2000,,6.29,6.168,6.05,
9/14/2000,,6.295,6.163,6.048,
9/15/2000,,6.275,6.145,6.05,
9/18/2000,,6.295,6.22,6.055,
9/19/2000,,6.315,6.26,6.26,
9/20/2000,,6.32,6.263,6.235,
9/21/2000,,6.36,6.305,6.27,
9/22/2000,,6.248,6.193,6.188,
9/25/2000,,6.265,6.22,6.245,
9/26/2000,,6.265,6.215,6.24,
9/27/2000,,6.28,6.223,6.24,
9/28/2000,,6.243,6.213,6.2,
9/29/2000,,6.255,6.215,6.225,
10/3/2000,,6.185,6.142,6.15,
10/4/2000,,6.17,6.155,6.185,
10/5/2000,,6.14,6.15,6.223,
10/6/2000,,6.148,6.155,6.207,
10/9/2000,,6.025,6.025,6.085,
10/10/2000,,6.09,6.09,6.155,
10/11/2000,,6.075,6.095,6.16,
10/12/2000,,6.07,6.053,6.145,
10/13/2000,,6,6.01,6.08,
10/16/2000,,6.053,6.075,6.165,
10/17/2000,,6.065,6.09,6.168,
10/18/2000,,6.075,6.088,6.145,
10/19/2000,,6.04,6.07,6.14,
10/20/2000,,5.995,6.025,6.1,
10/23/2000,,5.968,5.993,6.108,
10/24/2000,,5.94,5.958,5.995,
10/25/2000,,5.935,5.95,6,
10/26/2000,,6.015,6.035,6.11,
10/27/2000,,6.038,6.058,6.138,
10/30/2000,,6.1,6.125,6.203,
10/31/2000,,6.095,6.12,6.213,
11/1/2000,,6.015,6.04,6.163,
11/2/2000,,6.045,6.075,6.173,
11/3/2000,,6.029,6.061,6.162,
11/6/2000,,6.08,6.11,6.22,
11/7/2000,,6.055,6.08,6.203,
11/8/2000,,6,6.045,6.165,
11/9/2000,,5.95,5.995,6.123,
11/10/2000,,5.948,5.995,6.117,
11/13/2000,,5.9,5.93,6.015,
11/14/2000,,5.9,5.925,5.998,
11/15/2000,,5.895,5.925,6.003,
11/16/2000,,5.915,5.94,6,
11/17/2000,,5.84,5.86,5.895,
11/20/2000,,5.875,5.89,5.915,
11/21/2000,,5.878,5.895,5.92,
11/22/2000,,5.823,5.835,5.865,
11/23/2000,,5.85,5.863,5.888,
11/24/2000,,5.87,5.885,5.91,
11/27/2000,,5.855,5.875,5.933,
11/28/2000,,5.805,5.825,5.874,
11/29/2000,,5.735,5.755,5.81,
11/30/2000,,5.685,5.735,5.775,
12/1/2000,,5.72,5.74,5.813,
12/4/2000,,5.665,5.673,5.785,
12/5/2000,,5.51,5.528,5.66,
12/6/2000,,5.498,5.5,5.643,
12/7/2000,,5.455,5.46,5.575,
12/8/2000,,5.425,5.44,5.575,
12/11/2000,,5.48,5.503,5.645,
12/12/2000,,5.463,5.485,5.617,
12/13/2000,,5.413,5.44,5.53,
12/14/2000,,5.31,5.335,5.465,
12/15/2000,,5.35,5.37,5.475,
12/18/2000,,5.315,5.345,5.475,
12/19/2000,,5.37,5.41,5.538,
12/20/2000,,5.268,5.3,5.433,
12/21/2000,,5.265,5.313,5.446,
12/22/2000,,5.26,5.31,5.42,
12/27/2000,,5.263,5.318,5.443,
12/28/2000,,5.325,5.385,5.51,
12/29/2000,,5.281,5.337,5.48,
1/2/2001,,5.09,5.16,5.34,
1/3/2001,,5.115,5.21,5.495,
1/4/2001,,5.06,5.19,5.49,
1/5/2001,,4.875,5.025,5.34,
1/8/2001,,4.975,5.108,5.42,
1/9/2001,,5.03,5.15,5.45,
1/10/2001,,5.04,5.145,5.44,
1/11/2001,,5,5.11,5.43,
1/12/2001,,4.97,5.085,5.42,
1/15/2001,,5.06,5.175,5.505,
1/16/2001,,5.07,5.19,5.505,
1/17/2001,,5.073,5.178,5.475,
1/18/2001,,4.965,5.065,5.385,
1/19/2001,,4.995,5.11,5.45,
1/22/2001,,5.035,5.16,5.525,
1/23/2001,,5.005,5.145,5.495,
1/24/2001,,4.93,5.105,5.465,
1/25/2001,,4.935,5.07,5.41,
1/29/2001,,4.9,5.038,5.43,
1/30/2001,,4.885,5.03,5.379,
1/31/2001,,4.755,4.91,5.287,
2/1/2001,,4.798,4.95,5.298,
2/2/2001,,4.885,5.03,5.365,
2/5/2001,,4.875,5.02,5.35,
2/6/2001,,4.893,5.03,5.352,
2/7/2001,,4.905,5.035,5.353,
2/8/2001,,4.98,5.095,5.39,
2/9/2001,,4.98,5.095,5.39,
2/12/2001,,4.865,4.977,5.285,
2/13/2001,,4.855,4.97,5.295,
2/14/2001,,5.03,5.13,5.385,
2/15/2001,,5.14,5.238,5.522,
2/16/2001,,5.06,5.155,5.465,
2/19/2001,,4.955,5.05,5.41,
2/20/2001,,4.94,5.04,5.4,
2/21/2001,,4.92,5.02,5.394,
2/22/2001,,4.92,5.025,5.4,
2/23/2001,,4.81,4.92,5.355,
2/26/2001,,4.785,4.893,5.32,
2/27/2001,,4.795,4.9,5.268,
2/28/2001,,4.805,4.91,5.249,
3/1/2001,,4.84,4.94,5.28,
3/2/2001,,4.82,4.925,5.28,
3/5/2001,,4.75,4.865,5.27,
3/6/2001,,4.735,4.85,5.27,
3/7/2001,,4.64,4.765,5.185,
3/8/2001,,4.655,4.8,5.17,
3/9/2001,,4.585,4.775,5.1,
3/12/2001,,4.573,4.76,5.065,
3/13/2001,,4.595,4.785,5.071,
3/14/2001,,4.508,4.705,5.01,
3/15/2001,,4.455,4.665,5,
3/16/2001,,4.435,4.635,4.995,
3/19/2001,,4.43,4.633,4.975,
3/20/2001,,4.37,4.588,4.972,
3/21/2001,,4.395,4.605,4.983,
3/22/2001,,4.48,4.695,5.065,
3/23/2001,,4.635,4.835,5.175,
3/26/2001,,4.69,4.89,5.248,
3/27/2001,,4.863,5.048,5.338,
3/28/2001,,4.81,4.995,5.32,
3/29/2001,,4.795,4.985,5.31,
3/30/2001,,4.73,4.915,5.293,
4/2/2001,,4.675,4.88,5.273,
4/3/2001,,4.77,4.965,5.345,
4/4/2001,,4.64,4.855,5.243,
4/5/2001,,4.76,4.98,5.363,
4/6/2001,,4.84,5.07,5.477,
4/9/2001,,4.745,5.005,5.438,
4/10/2001,,4.805,5.07,5.493,
4/11/2001,,4.93,5.195,5.57,
4/12/2001,,5.005,5.285,5.628,
4/17/2001,,4.98,5.245,5.658,
4/18/2001,,5.035,5.305,5.702,
4/19/2001,,4.825,5.17,5.67,
4/20/2001,,4.95,5.33,5.838,
4/23/2001,,4.94,5.325,5.852,
4/24/2001,,4.945,5.31,5.802,
4/26/2001,,5.02,5.37,5.837,
4/27/2001,,4.925,5.26,5.705,
4/30/2001,,5.015,5.34,5.797,
5/1/2001,,5.045,5.37,5.833,
5/2/2001,,5.035,5.37,5.843,
5/3/2001,,4.98,5.315,5.795,
5/4/2001,,4.955,5.3,5.79,
5/7/2001,,4.905,5.27,5.793,
5/8/2001,,4.845,5.215,5.738,
5/9/2001,,4.84,5.215,5.745,
5/10/2001,,4.81,5.165,5.677,
5/11/2001,,4.975,5.315,5.795,
5/14/2001,,5.16,5.51,5.968,
5/15/2001,,5.185,5.57,6.018,
5/16/2001,,5.18,5.59,6.117,
5/17/2001,,5.215,5.62,6.113,
5/18/2001,,5.235,5.625,6.07,
5/21/2001,,5.315,5.71,6.123,
5/22/2001,,5.265,5.66,6.083,
5/23/2001,,5.26,5.66,6.078,
5/24/2001,,5.23,5.625,6.055,
5/25/2001,,5.25,5.665,6.105,
5/28/2001,,5.24,5.66,6.105,
5/29/2001,,5.26,5.68,6.093,
5/30/2001,,5.29,5.705,6.103,
5/31/2001,,5.24,5.64,6.038,
6/1/2001,,5.21,5.605,5.977,
6/4/2001,,5.14,5.53,5.893,
6/5/2001,,5.17,5.56,5.947,
6/6/2001,,5.38,5.725,6.022,
6/7/2001,,5.385,5.715,5.97,
6/8/2001,,5.405,5.76,6.043,
6/12/2001,,5.37,5.72,5.997,
6/13/2001,,5.28,5.615,5.89,
6/14/2001,,5.21,5.55,5.828,
6/15/2001,,5.145,5.485,5.815,
6/18/2001,,5.125,5.475,5.843,
6/19/2001,,5.145,5.515,5.883,
6/20/2001,,5.15,5.505,5.843,
6/21/2001,,5.145,5.51,5.878,
6/22/2001,,5.135,5.495,5.85,
6/25/2001,,5.05,5.415,5.788,
6/26/2001,,5.07,5.425,5.805,
6/27/2001,,5.21,5.58,5.938,
6/28/2001,,5.31,5.67,5.978,
6/29/2001,,5.38,5.77,6.06,
7/2/2001,,5.41,5.82,6.118,
7/3/2001,,5.49,5.885,6.135,
7/4/2001,,5.53,5.935,6.218,
7/5/2001,,5.49,5.875,6.185,
7/6/2001,,5.51,5.89,6.21,
7/9/2001,,5.47,5.865,6.188,
7/10/2001,,5.49,5.88,6.168,
7/11/2001,,5.415,5.805,6.098,
7/12/2001,,5.53,5.928,6.193,
7/13/2001,,5.53,5.92,6.178,
7/16/2001,,5.5,5.875,6.118,
7/17/2001,,5.48,5.85,6.08,
7/18/2001,,5.45,5.82,6.048,
7/19/2001,,5.35,5.705,5.973,
7/20/2001,,5.315,5.665,5.915,
7/23/2001,,5.35,5.705,5.973,
7/24/2001,,5.375,5.725,5.988,
7/25/2001,,5.5,5.855,6.057,
7/26/2001,,5.523,5.92,6.14,
7/27/2001,,5.505,5.865,6.115,
7/30/2001,,5.475,5.83,6.09,
7/31/2001,,5.47,5.84,6.093,
8/1/2001,,5.4,5.765,6.023,
8/2/2001,,5.39,5.765,6.018,
8/3/2001,,5.42,5.785,6.048,
8/7/2001,,5.345,5.715,6.01,
8/8/2001,,5.365,5.735,6.025,
8/9/2001,,5.055,5.41,5.71,
8/10/2001,,5.06,5.41,5.72,
8/13/2001,,5.1,5.45,5.728,
8/14/2001,,5.1,5.46,5.75,
8/15/2001,,5.15,5.52,5.793,
8/16/2001,,5.165,5.54,5.828,
8/17/2001,,5.115,5.48,5.78,
8/20/2001,,5.055,5.425,5.718,
8/21/2001,,5.07,5.45,5.758,
8/22/2001,,5.008,5.39,5.7,
8/23/2001,,5.06,5.43,5.735,
8/24/2001,,5.05,5.46,5.682,
8/27/2001,,4.95,5.375,5.653,
8/28/2001,,4.905,5.335,5.613,
8/29/2001,,4.78,5.215,5.51,
8/30/2001,,4.795,5.235,5.528,
8/31/2001,,4.755,5.23,5.553,
9/3/2001,,4.77,5.25,5.565,
9/4/2001,,4.84,5.32,5.618,
9/5/2001,,5.04,5.535,5.817,
9/6/2001,,5.08,5.55,5.83,
9/7/2001,,4.98,5.455,5.755,
9/10/2001,,4.755,5.245,5.583,
9/11/2001,,4.78,5.275,5.623,
9/12/2001,,4.39,4.99,5.465,
9/13/2001,,4.44,5.025,5.498,
9/14/2001,,4.388,5,5.505,
9/17/2001,,4.235,4.905,5.447,
9/18/2001,,4.2,4.895,5.475,
9/19/2001,,4.305,5,5.578,
9/20/2001,,4.225,4.955,5.55,
9/21/2001,,4.265,4.985,5.592,
9/24/2001,,4.295,5.02,5.638,
9/25/2001,,4.315,5.035,5.657,
9/26/2001,,4.255,4.995,5.622,
9/27/2001,,4.23,4.95,5.572,
9/28/2001,,4.23,4.945,5.533,
10/1/2001,,4.24,4.95,5.54,
10/2/2001,,4.195,4.885,5.448,
10/3/2001,,4.23,4.9,5.438,
10/4/2001,,4.27,4.925,5.455,
10/5/2001,,4.21,4.88,5.393,
10/8/2001,,4.105,4.78,5.357,
10/9/2001,,4.12,4.79,5.363,
10/10/2001,,4.15,4.835,5.412,
10/11/2001,,4.245,4.89,5.442,
10/12/2001,,4.36,4.985,5.518,
10/15/2001,,4.3,4.92,5.477,
10/16/2001,,4.265,4.9,5.438,
10/17/2001,,4.275,4.875,5.427,
10/18/2001,,4.25,4.855,5.432,
10/19/2001,,4.245,4.865,5.438,
10/22/2001,,4.265,4.895,5.462,
10/23/2001,,4.378,5.01,5.587,
10/24/2001,,4.245,4.89,5.513,
10/25/2001,,4.13,4.775,5.393,
10/26/2001,,4.13,4.76,5.38,
10/29/2001,,4.065,4.705,5.29,
10/30/2001,,3.925,4.565,5.18,
10/31/2001,,3.947,4.585,5.22,
11/1/2001,,4.095,4.64,5.165,
11/2/2001,,4.015,4.64,5.119,
11/5/2001,,3.975,4.62,5.163,
11/6/2001,,3.958,4.593,5.107,
11/7/2001,,3.887,4.518,5.083,
11/8/2001,,3.813,4.445,5.005,
11/9/2001,,3.88,4.585,5.14,
11/12/2001,,4.03,4.683,5.243,
11/13/2001,,4.135,4.775,5.195,
11/14/2001,,4.325,4.965,5.26,
11/15/2001,,4.54,5.18,5.45,
11/16/2001,,4.545,5.2,5.743,
11/19/2001,,4.535,5.22,5.785,
11/20/2001,,4.413,5.108,5.72,
11/21/2001,,4.54,5.24,5.815,
11/22/2001,,4.67,5.385,5.893,
11/23/2001,,4.715,5.44,5.915,
11/26/2001,,4.66,5.36,5.83,
11/27/2001,,4.635,5.375,5.85,
11/28/2001,,4.5,5.215,5.695,
11/29/2001,,4.49,5.205,5.715,
11/30/2001,,4.385,5.095,5.585,
12/3/2001,,4.378,5.073,5.565,
12/4/2001,,4.473,5.16,5.613,
12/5/2001,,4.485,5.16,5.815,
12/6/2001,,4.688,5.4,5.783,
12/7/2001,,4.655,5.38,5.868,
12/10/2001,,4.585,5.36,5.835,
12/11/2001,,4.545,5.318,5.82,
12/12/2001,,4.543,5.345,5.865,
12/13/2001,,4.445,5.29,5.818,
12/14/2001,,4.48,5.315,5.845,
12/17/2001,,4.535,5.38,5.935,
12/18/2001,,4.528,5.38,5.898,
12/19/2001,,4.47,5.308,5.807,
12/20/2001,,4.475,5.305,5.83,
12/21/2001,,4.505,5.335,5.915,
12/24/2001,,4.47,5.34,5.905,
12/27/2001,,4.62,5.508,6.093,
12/28/2001,,4.57,5.48,6.025,
12/31/2001,,4.555,5.47,6.02,
1/2/2002,,4.6,5.495,6.075,
1/3/2002,,4.575,5.465,6.03,
1/4/2002,,4.605,5.52,6.045,
1/7/2002,,4.565,5.473,6.025,
1/8/2002,,4.475,5.368,5.918,
1/9/2002,,4.45,5.352,5.892,
1/10/2002,,4.448,5.318,5.835,
1/11/2002,,4.29,5.115,5.935,
1/14/2002,,4.295,5.08,5.598,
1/15/2002,,4.369,5.15,5.66,
1/16/2002,,4.39,5.16,5.645,
1/17/2002,,4.45,5.22,5.708,
1/18/2002,,4.48,5.265,5.76,
1/21/2002,,4.555,5.355,5.823,
1/22/2002,,4.574,5.385,5.815,
1/23/2002,,4.755,5.51,5.965,
1/24/2002,,4.71,5.608,5.978,
1/25/2002,,4.77,5.645,5.988,
1/29/2002,,4.805,5.665,6.045,
1/30/2002,,4.73,5.568,5.93,
1/31/2002,,4.84,5.675,6.038,
2/1/2002,,4.75,5.595,5.95,
2/4/2002,,4.79,5.61,5.97,
2/5/2002,,4.73,5.513,5.875,
2/6/2002,,4.69,5.495,5.878,
2/7/2002,,4.673,5.46,5.86,
2/8/2002,,4.698,5.488,5.898,
2/11/2002,,4.788,5.595,5.968,
2/12/2002,,4.855,5.68,6.028,
2/13/2002,,4.823,5.68,6.043,
2/14/2002,,4.96,5.775,6.095,
2/15/2002,,4.83,5.64,5.935,
2/18/2002,,4.91,5.685,5.983,
2/19/2002,,4.86,5.65,5.988,
2/20/2002,,4.873,5.635,5.953,
2/21/2002,,4.885,5.665,5.99,
2/22/2002,,4.82,5.59,5.91,
2/25/2002,,4.845,5.602,5.905,
2/26/2002,,4.85,5.615,5.925,
2/27/2002,,4.91,5.71,6.04,
2/28/2002,,4.85,5.625,5.96,
3/1/2002,,4.855,5.665,6.01,
3/4/2002,,5,5.838,6.178,
3/5/2002,,5.005,5.815,6.16,
3/6/2002,,4.875,5.69,6.01,
3/7/2002,,5.015,5.875,6.27,
3/8/2002,,5.123,6.012,6.385,
3/11/2002,,5.133,5.998,6.378,
3/12/2002,,5.12,5.973,6.36,
3/13/2002,,5.695,6.02,6.388,
3/14/2002,,5.133,5.97,6.465,
3/15/2002,,5.313,6.1,6.443,
3/18/2002,,5.29,6.05,6.375,
3/19/2002,,5.315,6.075,6.385,
3/20/2002,,5.305,6.035,6.35,
3/21/2002,,5.358,6.103,6.43,
3/22/2002,,5.345,6.068,6.385,
3/25/2002,,5.368,6.08,6.405,
3/26/2002,,5.405,6.105,6.425,
3/27/2002,,5.34,6.03,6.338,
3/28/2002,,5.325,6.02,6.335,
4/2/2002,,5.465,6.195,6.498,
4/3/2002,,5.38,6.085,6.388,
4/4/2002,,5.285,5.948,6.31,
4/5/2002,,5.255,5.945,6.33,
4/8/2002,,5.227,5.895,6.29,
4/9/2002,,5.273,5.98,6.36,
4/10/2002,,5.205,5.885,6.295,
4/11/2002,,5.308,6,6.385,
4/12/2002,,5.695,5.975,6.34,
4/15/2002,,5.65,5.93,6.305,
4/16/2002,,5.625,5.915,6.31,
4/17/2002,,5.68,5.965,6.343,
4/18/2002,,5.62,5.91,6.35,
4/19/2002,,5.65,5.94,6.345,
4/22/2002,,5.633,5.92,6.31,
4/23/2002,,5.638,5.925,6.305,
4/24/2002,,5.685,5.98,6.348,
4/26/2002,,5.55,5.84,6.21,
4/29/2002,,5.418,5.71,6.08,
4/30/2002,,5.42,5.715,6.095,
5/1/2002,,5.405,5.705,6.115,
5/2/2002,,5.4,5.695,6.07,
5/3/2002,,5.475,5.77,6.135,
5/6/2002,,5.468,5.76,6.115,
5/7/2002,,5.405,5.7,6.053,
5/8/2002,,5.519,5.815,6.13,
5/9/2002,,5.668,5.963,6.275,
5/10/2002,,5.675,5.97,6.285,
5/13/2002,,5.62,5.915,6.23,
5/14/2002,,5.66,5.955,6.273,
5/15/2002,,5.765,6.055,6.363,
5/16/2002,,5.775,6.07,6.345,
5/17/2002,,5.755,6.05,6.318,
5/20/2002,,5.81,6.105,6.355,
5/21/2002,,5.745,6.04,6.295,
5/22/2002,,5.693,5.99,6.24,
5/23/2002,,5.653,5.943,6.203,
5/24/2002,,5.685,5.965,6.233,
5/27/2002,,5.733,6.005,6.28,
5/28/2002,,5.785,6.05,6.32,
5/29/2002,,5.73,5.99,6.255,
5/30/2002,,5.72,5.965,6.293,
5/31/2002,,5.823,6.025,6.278,
6/3/2002,,5.98,6.16,6.36,
6/4/2002,,5.925,6.105,6.288,
6/5/2002,,5.913,6.085,6.305,
6/6/2002,,5.885,6.065,6.268,
6/7/2002,,5.745,5.94,6.165,
6/11/2002,,5.74,5.94,6.19,
6/12/2002,,5.654,5.843,6.12,
6/13/2002,,5.665,5.855,6.123,
6/14/2002,,5.52,5.705,5.998,
6/17/2002,,5.48,5.67,5.97,
6/18/2002,,5.513,5.715,6.04,
6/19/2002,,5.443,5.638,5.945,
6/20/2002,,5.43,5.625,5.96,
6/21/2002,,5.475,5.675,5.99,
6/24/2002,,5.538,5.735,6.028,
6/25/2002,,5.535,5.74,6.03,
6/26/2002,,5.32,5.53,5.895,
6/27/2002,,5.438,5.668,6.005,
6/28/2002,,5.503,5.745,6.075,
7/1/2002,,5.53,5.775,6.1,
7/2/2002,,5.485,5.73,6.07,
7/3/2002,,5.38,5.63,6.045,
7/4/2002,,5.428,5.69,6.085,
7/5/2002,,5.495,5.775,6.11,
7/8/2002,,5.54,5.835,6.137,
7/9/2002,,5.51,5.805,6.085,
7/10/2002,,5.395,5.68,5.975,
7/11/2002,,5.285,5.57,5.88,
7/12/2002,,5.32,5.62,5.965,
7/15/2002,,5.21,5.515,5.905,
7/16/2002,,5.273,5.583,5.977,
7/17/2002,,5.285,5.59,5.97,
7/18/2002,,5.275,5.58,5.97,
7/19/2002,,5.213,5.515,5.9,
7/22/2002,,5.123,5.42,5.86,
7/23/2002,,5.16,5.46,5.875,
7/24/2002,,5.045,5.355,5.79,
7/25/2002,,5.115,5.42,5.835,
7/26/2002,,5.025,5.33,5.775,
7/29/2002,,5.08,5.385,5.82,
7/30/2002,,5.195,5.515,5.958,
7/31/2002,,5.222,5.543,5.96,
8/1/2002,,5.17,5.475,5.895,
8/2/2002,,5.065,5.355,5.773,
8/6/2002,,4.883,5.17,5.635,
8/7/2002,,4.98,5.275,5.725,
8/8/2002,,4.88,5.185,5.695,
8/9/2002,,4.97,5.268,5.735,
8/12/2002,,4.978,5.268,5.665,
8/13/2002,,4.974,5.255,5.658,
8/14/2002,,4.868,5.143,5.54,
8/15/2002,,4.99,5.265,5.625,
8/16/2002,,5.045,5.315,5.69,
8/19/2002,,5.14,5.418,5.8,
8/20/2002,,5.145,5.428,5.827,
8/21/2002,,5.105,5.39,5.755,
8/22/2002,,5.15,5.435,5.8,
8/23/2002,,5.2,5.485,5.845,
8/26/2002,,5.18,5.47,5.85,
8/27/2002,,5.145,5.43,5.81,
8/28/2002,,5.23,5.513,5.88,
8/29/2002,,5.175,5.45,5.82,
8/30/2002,,5.113,5.39,5.778,
9/2/2002,,5.06,5.33,5.715,
9/3/2002,,4.938,5.2,5.598,
9/4/2002,,4.865,5.11,5.5,
9/5/2002,,4.89,5.13,5.493,
9/6/2002,,4.825,5.055,5.415,
9/9/2002,,4.943,5.17,5.528,
9/10/2002,,5.025,5.248,5.58,
9/11/2002,,5.06,5.275,5.595,
9/12/2002,,5.22,5.445,5.678,
9/13/2002,,5.078,5.295,5.508,
9/16/2002,,5.02,5.25,5.49,
9/17/2002,,5.14,5.36,5.585,
9/18/2002,,5.03,5.24,5.49,
9/19/2002,,5.003,5.218,5.48,
9/20/2002,,4.918,5.128,5.405,
9/23/2002,,4.875,5.085,5.355,
9/24/2002,,4.892,5.095,5.32,
9/25/2002,,4.843,5.04,5.28,
9/26/2002,,4.945,5.17,5.44,
9/27/2002,,4.973,5.193,5.46,
9/30/2002,,4.848,5.128,5.35,
10/1/2002,,4.833,5.123,5.365,
10/2/2002,,4.925,5.24,5.485,
10/3/2002,,4.87,5.19,5.46,
10/4/2002,,4.878,5.218,5.49,
10/8/2002,,4.875,5.22,5.525,
10/9/2002,,4.928,5.283,5.588,
10/10/2002,,4.843,5.193,5.463,
10/11/2002,,4.885,5.245,5.53,
10/14/2002,,4.955,5.33,5.63,
10/15/2002,,4.965,5.338,5.638,
10/16/2002,,5.09,5.47,5.813,
10/17/2002,,5.155,5.555,5.925,
10/18/2002,,5.128,5.535,5.913,
10/21/2002,,5.09,5.483,5.87,
10/22/2002,,5.213,5.593,5.955,
10/23/2002,,5.183,5.57,5.94,
10/24/2002,,5.13,5.495,5.895,
10/25/2002,,5.06,5.423,5.83,
10/28/2002,,4.95,5.325,5.785,
10/29/2002,,4.83,5.165,5.65,
10/30/2002,,4.868,5.225,5.655,
10/31/2002,,4.76,5.113,5.535,
11/1/2002,,4.725,5.085,5.475,
11/4/2002,,4.833,5.178,5.6,
11/5/2002,,4.85,5.213,5.665,
11/6/2002,,4.835,5.21,5.65,
11/7/2002,,4.79,5.12,5.505,
11/8/2002,,4.78,5.115,5.5,
11/11/2002,,4.615,4.93,5.283,
11/12/2002,,4.685,4.985,5.365,
11/13/2002,,4.625,4.93,5.275,
11/14/2002,,4.645,4.95,5.285,
11/15/2002,,4.773,5.078,5.448,
11/18/2002,,4.71,5.03,5.41,
11/19/2002,,4.705,5.015,5.405,
11/20/2002,,4.79,5.115,5.47,
11/21/2002,,4.805,5.155,5.535,
11/22/2002,,4.865,5.22,5.613,
11/25/2002,,4.88,5.26,5.69,
11/26/2002,,4.773,5.14,5.555,
11/27/2002,,4.893,5.263,5.695,
11/28/2002,,4.875,5.26,5.69,
11/29/2002,,4.88,5.275,5.715,
12/2/2002,,4.885,5.27,5.7,
12/3/2002,,4.88,5.268,5.705,
12/4/2002,,4.805,5.185,5.595,
12/5/2002,,4.765,5.135,5.555,
12/6/2002,,4.763,5.133,5.543,
12/9/2002,,4.648,5.005,5.44,
12/10/2002,,4.708,5.073,5.505,
12/11/2002,,4.665,5.03,5.475,
12/12/2002,,4.655,5.015,5.448,
12/13/2002,,4.633,4.983,5.383,
12/16/2002,,4.71,5.04,5.455,
12/17/2002,,4.67,5.008,5.44,
12/18/2002,,4.55,4.835,5.295,
12/19/2002,,4.545,4.795,5.23,
12/20/2002,,4.605,4.805,5.225,
12/23/2002,,4.603,4.803,5.195,
12/24/2002,,4.655,4.835,5.255,
12/27/2002,,4.57,4.758,5.16,
12/30/2002,,4.54,4.725,5.108,
12/31/2002,,4.6,4.77,5.17,
1/2/2003,,4.605,4.765,5.16,
1/3/2003,,4.765,4.985,5.392,
1/6/2003,,4.788,5.005,5.355,
1/7/2003,,4.72,4.928,5.268,
1/8/2003,,4.7,4.883,5.22,
1/9/2003,,4.748,4.935,5.27,
1/10/2003,,4.77,5,5.403,
1/13/2003,,4.778,4.995,5.418,
1/14/2003,,4.725,4.945,5.37,
1/15/2003,,4.713,4.92,5.34,
1/16/2003,,4.745,4.955,5.38,
1/17/2003,,4.713,4.933,5.335,
1/20/2003,,4.628,4.838,5.243,
1/21/2003,,4.643,4.84,5.27,
1/22/2003,,4.59,4.753,5.17,
1/23/2003,,4.618,4.835,5.223,
1/24/2003,,4.58,4.765,5.178,
1/28/2003,,4.643,4.795,5.198,
1/29/2003,,4.595,4.755,5.175,
1/30/2003,,4.615,4.785,5.28,
1/31/2003,,4.645,4.825,5.25,
2/3/2003,,4.645,4.828,5.25,
2/4/2003,,4.573,4.77,5.14,
2/5/2003,,4.585,4.763,5.165,
2/6/2003,,4.465,4.615,5.083,
2/7/2003,,4.515,4.685,5.13,
2/10/2003,,4.575,4.768,5.25,
2/11/2003,,4.53,4.698,5.198,
2/12/2003,,4.468,4.643,5.15,
2/13/2003,,4.49,4.673,5.158,
2/14/2003,,4.49,4.673,5.17,
2/17/2003,,4.56,4.793,5.305,
2/18/2003,,4.54,4.768,5.255,
2/19/2003,,4.508,4.728,5.185,
2/20/2003,,4.47,4.69,5.158,
2/21/2003,,4.473,4.68,5.145,
2/24/2003,,4.473,4.685,5.16,
2/25/2003,,4.448,4.66,5.133,
2/26/2003,,4.41,4.635,5.105,
2/27/2003,,4.38,4.588,5.083,
2/28/2003,,4.398,4.585,5.078,
3/3/2003,,4.358,4.55,5.04,
3/4/2003,,4.35,4.538,5.01,
3/5/2003,,4.378,4.553,5.018,
3/6/2003,,4.423,4.613,5.115,
3/7/2003,,4.43,4.655,5.155,
3/10/2003,,4.303,4.49,5.008,
3/11/2003,,4.343,4.575,5.005,
3/12/2003,,4.39,4.635,5.098,
3/13/2003,,4.515,4.905,5.268,
3/14/2003,,4.585,4.883,5.345,
3/17/2003,,4.68,4.965,5.24,
3/18/2003,,4.605,4.943,5.39,
3/19/2003,,4.768,5.11,5.573,
3/20/2003,,4.74,5.083,5.55,
3/21/2003,,4.77,5.105,5.583,
3/24/2003,,4.685,5.01,5.528,
3/25/2003,,4.705,5.043,5.5,
3/26/2003,,4.66,4.975,5.44,
3/27/2003,,4.633,4.948,5.415,
3/28/2003,,4.635,4.948,5.42,
3/31/2003,,4.548,4.848,5.34,
4/1/2003,,4.548,4.848,5.31,
4/2/2003,,4.618,4.923,5.403,
4/3/2003,,4.628,4.938,5.413,
4/4/2003,,4.64,4.953,5.44,
4/7/2003,,4.733,5.058,5.53,
4/8/2003,,4.658,4.978,5.46,
4/9/2003,,4.585,4.9,5.358,
4/10/2003,,4.49,4.795,5.263,
4/11/2003,,4.538,4.843,5.305,
4/14/2003,,4.605,4.91,5.365,
4/15/2003,,4.675,4.98,5.413,
4/16/2003,,4.69,4.988,5.418,
4/17/2003,,4.613,4.898,5.303,
4/22/2003,,4.653,4.943,5.325,
4/23/2003,,4.703,4.99,5.395,
4/24/2003,,4.615,4.898,5.328,
4/28/2003,,4.498,4.773,5.223,
4/29/2003,,4.585,4.858,5.308,
4/30/2003,,4.578,4.858,5.293,
5/1/2003,,4.515,4.778,5.223,
5/2/2003,,4.52,4.778,5.225,
5/5/2003,,4.613,4.89,5.318,
5/6/2003,,4.58,4.84,5.26,
5/7/2003,,4.52,4.75,5.15,
5/8/2003,,4.48,4.693,5.06,
5/9/2003,,4.555,4.763,5.105,
5/12/2003,,4.525,4.73,5.075,
5/13/2003,,4.548,4.748,5.093,
5/14/2003,,4.588,4.78,5.115,
5/15/2003,,4.543,4.723,5.058,
5/16/2003,,4.6,4.773,5.115,
5/19/2003,,4.498,4.643,4.933,
5/20/2003,,4.523,4.67,4.973,
5/21/2003,,4.485,4.615,4.913,
5/22/2003,,4.518,4.658,4.95,
5/23/2003,,4.475,4.605,4.885,
5/26/2003,,4.453,4.583,4.883,
5/27/2003,,4.43,4.54,4.84,
5/28/2003,,4.455,4.598,4.933,
5/29/2003,,4.435,4.58,4.915,
5/30/2003,,4.413,4.55,4.875,
6/2/2003,,4.485,4.628,4.962,
6/3/2003,,4.485,4.635,4.98,
6/4/2003,,4.39,4.545,4.893,
6/5/2003,,4.408,4.56,4.91,
6/6/2003,,4.228,4.403,4.81,
6/10/2003,,4.155,4.335,4.765,
6/11/2003,,4.088,4.268,4.66,
6/12/2003,,4.1,4.283,4.673,
6/13/2003,,4.043,4.223,4.625,
6/16/2003,,4.048,4.225,4.6,
6/17/2003,,4.128,4.305,4.703,
6/18/2003,,4.195,4.395,4.788,
6/19/2003,,4.143,4.355,4.8,
6/20/2003,,4.18,4.398,4.828,
6/23/2003,,4.183,4.4,4.828,
6/24/2003,,4.123,4.343,4.76,
6/25/2003,,4.123,4.343,4.748,
6/26/2003,,4.36,4.585,4.96,
6/27/2003,,4.395,4.635,5.048,
6/30/2003,,4.395,4.735,5.018,
7/1/2003,,4.425,4.755,5.01,
7/2/2003,,4.5,4.834,5.089,
7/3/2003,,4.455,4.787,5.063,
7/4/2003,,4.478,4.827,5.129,
7/7/2003,,4.457,4.804,5.114,
7/8/2003,,4.503,4.863,5.178,
7/9/2003,,4.497,4.835,5.134,
7/10/2003,,4.42,4.759,5.058,
7/11/2003,,4.42,4.757,5.058,
7/14/2003,,4.408,4.742,5.032,
7/15/2003,,4.467,4.809,5.096,
7/16/2003,,4.655,5.036,5.379,
7/17/2003,,4.628,5.003,5.338,
7/18/2003,,4.602,4.976,5.313,
7/21/2003,,4.617,4.99,5.325,
7/22/2003,,4.658,5.061,5.43,
7/23/2003,,4.583,4.972,5.333,
7/24/2003,,4.553,4.938,5.298,
7/25/2003,,4.632,5.03,5.399,
7/28/2003,,4.67,5.08,5.448,
7/29/2003,,4.692,5.114,5.504,
7/30/2003,,4.728,5.15,5.531,
7/31/2003,,4.692,5.087,5.438,
8/1/2003,,4.784,5.195,5.554,
8/5/2003,,4.751,5.14,5.458,
8/6/2003,,4.811,5.196,5.518,
8/7/2003,,4.736,5.11,5.433,
8/8/2003,,4.736,5.103,5.415,
8/11/2003,,4.865,5.239,5.528,
8/12/2003,,4.877,5.238,5.537,
8/13/2003,,4.905,5.286,5.618,
8/14/2003,,4.922,5.305,5.637,
8/15/2003,,4.909,5.278,5.599,
8/18/2003,,4.908,5.272,5.585,
8/19/2003,,4.916,5.273,5.575,
8/20/2003,,4.856,5.201,5.473,
8/21/2003,,4.883,5.231,5.519,
8/22/2003,,4.939,5.29,5.569,
8/25/2003,,4.943,5.288,5.549,
8/26/2003,,4.984,5.334,5.603,
8/27/2003,,4.956,5.307,5.559,
8/28/2003,,4.974,5.324,5.575,
8/29/2003,,4.948,5.285,5.501,
9/1/2003,,4.975,5.306,5.531,
9/2/2003,,5.05,5.411,5.644,
9/3/2003,,5.11,5.455,5.68,
9/4/2003,,5.116,5.455,5.676,
9/5/2003,,5.091,5.412,5.61,
9/8/2003,,5.007,5.304,5.478,
9/9/2003,,5.078,5.378,5.561,
9/10/2003,,5.04,5.333,5.52,
9/11/2003,,5.145,5.429,5.592,
9/12/2003,,5.154,5.432,5.61,
9/15/2003,,5.084,5.351,5.524,
9/16/2003,,5.075,5.34,5.547,
9/17/2003,,5.09,5.363,5.58,
9/18/2003,,5.061,5.32,5.523,
9/19/2003,,5.073,5.343,5.537,
9/22/2003,,5.02,5.296,5.515,
9/23/2003,,4.98,5.266,5.496,
9/24/2003,,4.97,5.261,5.487,
9/25/2003,,4.904,5.188,5.391,
9/26/2003,,4.907,5.192,5.385,
9/29/2003,,4.882,5.154,5.329,
9/30/2003,,4.935,5.218,5.388,
10/1/2003,,4.839,5.09,5.246,
10/2/2003,,4.854,5.118,5.294,
10/3/2003,,4.876,5.145,5.341,
10/7/2003,,5.072,5.357,5.564,
10/8/2003,,5.115,5.409,5.599,
10/9/2003,,5.155,5.442,5.594,
10/10/2003,,5.176,5.463,5.638,
10/13/2003,,5.197,5.486,5.641,
10/14/2003,,5.23,5.53,5.668,
10/15/2003,,5.231,5.532,5.673,
10/16/2003,,5.263,5.569,5.702,
10/17/2003,,5.326,5.647,5.795,
10/20/2003,,5.346,5.658,5.783,
10/21/2003,,5.317,5.627,5.741,
10/22/2003,,5.274,5.573,5.676,
10/23/2003,,5.211,5.491,5.593,
10/24/2003,,5.246,5.552,5.668,
10/27/2003,,5.27,5.576,5.684,
10/28/2003,,5.29,5.623,5.741,
10/29/2003,,5.223,5.541,5.642,
10/30/2003,,5.275,5.609,5.71,
10/31/2003,,5.33,5.675,5.774,
11/3/2003,,5.391,5.721,5.804,
11/4/2003,,5.398,5.726,5.819,
11/5/2003,,5.522,5.784,5.836,
11/6/2003,,5.579,5.836,5.904,
11/7/2003,,5.617,5.87,5.936,
11/10/2003,,5.635,5.884,5.958,
11/11/2003,,5.612,5.867,5.938,
11/12/2003,,5.618,5.868,5.939,
11/13/2003,,5.656,5.9,5.963,
11/14/2003,,5.658,5.889,5.92,
11/17/2003,,5.611,5.829,5.866,
11/18/2003,,5.633,5.852,5.888,
11/19/2003,,5.571,5.765,5.793,
11/20/2003,,5.614,5.833,5.87,
11/21/2003,,5.579,5.783,5.82,
11/24/2003,,5.592,5.797,5.834,
11/25/2003,,5.644,5.862,5.892,
11/26/2003,,5.622,5.835,5.86,
11/27/2003,,5.689,5.919,5.956,
11/28/2003,,5.698,5.927,5.963,
12/1/2003,,5.728,5.966,6.008,
12/2/2003,,5.691,5.928,5.972,
12/3/2003,,5.69,5.92,5.951,
12/4/2003,,5.696,5.913,5.955,
12/5/2003,,5.631,5.833,5.867,
12/8/2003,,5.52,5.698,5.714,
12/9/2003,,5.532,5.726,5.769,
12/10/2003,,5.566,5.807,5.878,
12/11/2003,,5.542,5.791,5.869,
12/12/2003,,5.476,5.734,5.814,
12/15/2003,,5.478,5.771,5.865,
12/16/2003,,5.435,5.709,5.789,
12/17/2003,,5.341,5.613,5.684,
12/18/2003,,5.342,5.614,5.681,
12/19/2003,,5.32,5.59,5.665,
12/22/2003,,5.307,5.574,5.64,
12/23/2003,,5.301,5.569,5.634,
12/24/2003,,5.336,5.606,5.69,
12/29/2003,,5.293,5.541,5.588,
12/30/2003,,5.283,5.54,5.585,
12/31/2003,,5.296,5.553,5.607,
1/2/2004,,5.367,5.652,5.684,
1/5/2004,,5.435,5.74,5.803,
1/6/2004,,5.468,5.778,5.866,
1/7/2004,,5.433,5.728,5.799,
1/8/2004,,5.459,5.754,5.833,
1/9/2004,,5.448,5.742,5.826,
1/12/2004,,5.298,5.56,5.618,
1/13/2004,,5.292,5.558,5.636,
1/14/2004,,5.246,5.492,5.565,
1/15/2004,,5.263,5.515,5.57,
1/16/2004,,5.283,5.535,5.595,
1/19/2004,,5.322,5.589,5.66,
1/20/2004,,5.345,5.622,5.706,
1/21/2004,,5.31,5.586,5.68,
1/22/2004,,5.301,5.569,5.657,
1/23/2004,,5.248,5.513,5.599,
1/27/2004,,5.376,5.687,5.815,
1/28/2004,,5.331,5.615,5.727,
1/29/2004,,5.425,5.742,5.842,
1/30/2004,,5.448,5.749,5.838,
2/2/2004,,5.385,5.68,5.797,
2/3/2004,,5.357,5.655,5.76,
2/4/2004,,5.282,5.575,5.708,
2/5/2004,,5.272,5.569,5.7,
2/6/2004,,5.296,5.598,5.728,
2/9/2004,,5.256,5.521,5.609,
2/10/2004,,5.247,5.513,5.581,
2/11/2004,,5.277,5.545,5.624,
2/12/2004,,5.229,5.462,5.521,
2/13/2004,,5.244,5.48,5.553,
2/16/2004,,5.235,5.471,5.542,
2/17/2004,,5.293,5.55,5.611,
2/18/2004,,5.274,5.515,5.56,
2/19/2004,,5.303,5.541,5.589,
2/20/2004,,5.296,5.533,5.595,
2/23/2004,,5.388,5.651,5.726,
2/24/2004,,5.377,5.628,5.678,
2/25/2004,,5.351,5.601,5.651,
2/26/2004,,5.299,5.551,5.602,
2/27/2004,,5.269,5.519,5.56,
3/1/2004,,5.219,5.45,5.488,
3/2/2004,,5.229,5.465,5.512,
3/3/2004,,5.278,5.54,5.621,
3/4/2004,,5.279,5.535,5.63,
3/5/2004,,5.285,5.536,5.64,
3/8/2004,,5.181,5.381,5.497,
3/9/2004,,5.178,5.373,5.481,
3/10/2004,,5.175,5.351,5.449,
3/11/2004,,5.129,5.277,5.395,
3/12/2004,,5.069,5.166,5.31,
3/15/2004,,5.085,5.189,5.356,
3/16/2004,,5.096,5.179,5.363,
3/17/2004,,5.078,5.14,5.303,
3/18/2004,,5.093,5.173,5.362,
3/19/2004,,5.108,5.182,5.386,
3/22/2004,,5.092,5.16,5.365,
3/23/2004,,5.08,5.136,5.329,
3/24/2004,,4.987,5.21,5.31,
3/25/2004,,5.014,5.224,5.321,
3/26/2004,,5.033,5.237,5.329,
3/29/2004,,5.113,5.351,5.476,
3/30/2004,,5.153,5.374,5.494,
3/31/2004,,5.151,5.378,5.504,
4/1/2004,,5.096,5.318,5.445,
4/2/2004,,5.142,5.38,5.511,
4/5/2004,,5.332,5.599,5.792,
4/6/2004,,5.31,5.598,5.796,
4/7/2004,,5.258,5.55,5.736,
4/8/2004,,5.29,5.582,5.774,
4/13/2004,,5.345,5.643,5.834,
4/14/2004,,5.393,5.729,5.93,
4/15/2004,,5.382,5.717,5.915,
4/16/2004,,5.338,5.671,5.877,
4/19/2004,,5.317,5.648,5.849,
4/20/2004,,5.34,5.673,5.889,
4/21/2004,,5.374,5.72,5.941,
4/22/2004,,5.352,5.686,5.881,
4/23/2004,,5.307,5.628,5.82,
4/27/2004,,5.353,5.668,5.84,
4/28/2004,,5.372,5.686,5.851,
4/29/2004,,5.445,5.78,5.939,
4/30/2004,,5.47,5.795,5.952,
5/3/2004,,5.462,5.781,5.93,
5/4/2004,,5.467,5.781,5.922,
5/5/2004,,5.441,5.756,5.925,
5/6/2004,,5.46,5.777,5.95,
5/7/2004,,5.427,5.764,5.964,
5/10/2004,,5.468,5.838,6.077,
5/11/2004,,5.499,5.825,6.075,
5/12/2004,,5.455,5.794,6.023,
5/13/2004,,5.475,5.823,6.059,
5/14/2004,,5.504,5.856,6.088,
5/17/2004,,5.414,5.752,5.972,
5/18/2004,,5.394,5.734,5.958,
5/19/2004,,5.416,5.769,6.015,
5/20/2004,,5.426,5.783,6.027,
5/21/2004,,5.397,5.744,5.978,
5/24/2004,,5.439,5.784,6.024,
5/25/2004,,5.417,5.755,5.973,
5/26/2004,,5.394,5.725,5.938,
5/27/2004,,5.344,5.648,5.859,
5/28/2004,,5.306,5.611,5.841,
5/31/2004,,5.315,5.632,5.865,
6/1/2004,,5.315,5.635,5.879,
6/2/2004,,5.247,5.569,5.838,
6/3/2004,,5.167,5.498,5.775,
6/4/2004,,5.181,5.524,5.8,
6/7/2004,,5.23,5.597,5.89,
6/8/2004,,5.222,5.589,5.89,
6/9/2004,,5.248,5.622,5.909,
6/10/2004,,5.275,5.653,5.922,
6/11/2004,,5.322,5.695,5.975,
6/15/2004,,5.344,5.726,6.011,
6/16/2004,,5.248,5.609,5.862,
6/17/2004,,5.238,5.607,5.935,
6/18/2004,,5.21,5.563,5.856,
6/21/2004,,5.226,5.576,5.888,
6/22/2004,,5.201,5.546,5.846,
6/23/2004,,5.242,5.59,5.917,
6/24/2004,,5.24,5.589,5.914,
6/25/2004,,5.227,5.574,5.896,
6/28/2004,,5.235,5.579,5.883,
6/29/2004,,5.293,5.643,5.943,
6/30/2004,,5.362,5.706,5.947,
7/1/2004,,5.371,5.702,5.924,
7/2/2004,,5.392,5.718,5.922,
7/5/2004,,5.346,5.653,5.854,
7/6/2004,,5.329,5.635,5.831,
7/7/2004,,5.311,5.613,5.816,
7/8/2004,,5.245,5.517,5.713,
7/9/2004,,5.244,5.523,5.71,
7/12/2004,,5.211,5.495,5.699,
7/13/2004,,5.207,5.515,5.741,
7/14/2004,,5.233,5.541,5.764,
7/15/2004,,5.27,5.566,5.775,
7/16/2004,,5.278,5.569,5.792,
7/19/2004,,5.229,5.495,5.684,
7/20/2004,,5.224,5.493,5.678,
7/21/2004,,5.286,5.577,5.766,
7/22/2004,,5.27,5.554,5.733,
7/23/2004,,5.275,5.56,5.748,
7/26/2004,,5.259,5.545,5.745,
7/27/2004,,5.275,5.566,5.791,
7/28/2004,,5.33,5.656,5.894,
7/29/2004,,5.357,5.672,5.905,
7/30/2004,,5.391,5.704,5.902,
8/3/2004,,5.34,5.635,5.808,
8/4/2004,,5.266,5.544,5.713,
8/5/2004,,5.255,5.543,5.729,
8/6/2004,,5.225,5.511,5.697,
8/9/2004,,5.199,5.458,5.613,
8/10/2004,,5.204,5.465,5.64,
8/11/2004,,5.232,5.495,5.654,
8/12/2004,,5.22,5.472,5.633,
8/13/2004,,5.193,5.438,5.598,
8/16/2004,,5.192,5.433,5.605,
8/17/2004,,5.23,5.476,5.667,
8/18/2004,,5.189,5.413,5.582,
8/19/2004,,5.208,5.436,5.601,
8/20/2004,,5.174,5.394,5.561,
8/23/2004,,5.2,5.422,5.584,
8/24/2004,,5.247,5.476,5.636,
8/25/2004,,5.225,5.453,5.607,
8/26/2004,,5.212,5.438,5.586,
8/27/2004,,5.164,5.386,5.53,
8/30/2004,,5.209,5.437,5.576,
8/31/2004,,5.211,5.438,5.584,
9/1/2004,,5.14,5.366,5.5,
9/2/2004,,5.102,5.322,5.429,
9/3/2004,,5.131,5.355,5.481,
9/6/2004,,5.267,5.512,5.625,
9/7/2004,,5.257,5.5,5.613,
9/8/2004,,5.237,5.473,5.577,
9/9/2004,,5.116,5.335,5.439,
9/10/2004,,5.107,5.308,5.428,
9/13/2004,,5.111,5.307,5.423,
9/14/2004,,5.067,5.257,5.379,
9/15/2004,,5.026,5.218,5.336,
9/16/2004,,5.05,5.246,5.376,
9/17/2004,,5.034,5.216,5.344,
9/20/2004,,5.064,5.254,5.383,
9/21/2004,,5.029,5.222,5.355,
9/22/2004,,5.048,5.243,5.37,
9/23/2004,,5.032,5.222,5.339,
9/24/2004,,5.076,5.274,5.385,
9/27/2004,,5.117,5.313,5.406,
9/28/2004,,5.078,5.269,5.355,
9/29/2004,,5.119,5.316,5.415,
9/30/2004,,5.142,5.353,5.467,
10/1/2004,,5.102,5.318,5.448,
10/5/2004,,5.121,5.339,5.475,
10/6/2004,,5.131,5.348,5.496,
10/7/2004,,5.165,5.388,5.536,
10/8/2004,,5.174,5.403,5.553,
10/11/2004,,5.11,5.327,5.464,
10/12/2004,,5.099,5.317,5.442,
10/13/2004,,5.097,5.312,5.442,
10/14/2004,,5.049,5.25,5.363,
10/15/2004,,5.01,5.198,5.32,
10/18/2004,,5.017,5.212,5.344,
10/19/2004,,5.018,5.215,5.348,
10/20/2004,,4.995,5.194,5.324,
10/21/2004,,4.996,5.187,5.299,
10/22/2004,,5.043,5.238,5.366,
10/25/2004,,4.993,5.178,5.3,
10/26/2004,,5.035,5.22,5.337,
10/27/2004,,5.007,5.187,5.324,
10/28/2004,,5.064,5.259,5.396,
10/29/2004,,5.084,5.271,5.389,
11/1/2004,,5.043,5.227,5.348,
11/2/2004,,5.074,5.259,5.374,
11/3/2004,,5.093,5.278,5.409,
11/4/2004,,5.084,5.268,5.404,
11/5/2004,,5.063,5.249,5.388,
11/8/2004,,5.133,5.337,5.486,
11/9/2004,,5.141,5.346,5.496,
11/10/2004,,5.16,5.364,5.512,
11/11/2004,,5.208,5.413,5.544,
11/12/2004,,5.23,5.426,5.535,
11/15/2004,,5.198,5.382,5.495,
11/16/2004,,5.209,5.393,5.49,
11/17/2004,,5.201,5.385,5.485,
11/18/2004,,5.132,5.303,5.423,
11/19/2004,,5.068,5.233,5.368,
11/22/2004,,5.088,5.258,5.397,
11/23/2004,,5.08,5.249,5.387,
11/24/2004,,5.024,5.193,5.331,
11/25/2004,,4.969,5.127,5.254,
11/26/2004,,4.973,5.131,5.253,
11/29/2004,,4.941,5.093,5.229,
11/30/2004,,4.899,5.059,5.225,
12/1/2004,,4.87,5.031,5.207,
12/2/2004,,4.891,5.067,5.248,
12/3/2004,,4.908,5.09,5.286,
12/6/2004,,4.872,5.036,5.216,
12/7/2004,,4.856,5.019,5.182,
12/8/2004,,4.849,5.011,5.182,
12/9/2004,,4.882,5.031,5.159,
12/10/2004,,4.933,5.081,5.201,
12/13/2004,,4.925,5.066,5.197,
12/14/2004,,4.935,5.079,5.194,
12/15/2004,,4.9,5.046,5.171,
12/16/2004,,4.864,5.002,5.129,
12/17/2004,,4.896,5.042,5.174,
12/20/2004,,4.967,5.12,5.239,
12/21/2004,,5.021,5.174,5.292,
12/22/2004,,5.011,5.161,5.276,
12/23/2004,,4.993,5.142,5.266,
12/24/2004,,4.972,5.12,5.254,
12/29/2004,,5.04,5.2,5.362,
12/30/2004,,5.069,5.228,5.351,
12/31/2004,,5.05,5.206,5.33,
1/4/2005,,5.166,5.332,5.463,
1/5/2005,,5.183,5.357,5.482,
1/6/2005,,5.152,5.323,5.454,
1/7/2005,,5.104,5.273,5.402,
1/10/2005,,5.114,5.281,5.396,
1/11/2005,,5.059,5.212,5.322,
1/12/2005,,5.015,5.162,5.268,
1/13/2005,,5.02,5.164,5.274,
1/14/2005,,4.995,5.132,5.24,
1/17/2005,,5.011,5.156,5.263,
1/18/2005,,5.056,5.205,5.31,
1/19/2005,,5.1,5.249,5.348,
1/20/2005,,5.071,5.206,5.306,
1/21/2005,,5.095,5.225,5.347,
1/24/2005,,5.087,5.215,5.318,
1/25/2005,,5.164,5.278,5.35,
1/27/2005,,5.222,5.313,5.378,
1/28/2005,,5.249,5.336,5.397,
1/31/2005,,5.285,5.356,5.403,
2/1/2005,,5.245,5.312,5.376,
2/2/2005,,5.229,5.279,5.327,
2/3/2005,,5.263,5.306,5.341,
2/4/2005,,5.248,5.295,5.34,
2/7/2005,,5.342,5.375,5.359,
2/8/2005,,5.355,5.369,5.333,
2/9/2005,,5.349,5.344,5.297,
2/10/2005,,5.425,5.387,5.28,
2/11/2005,,5.455,5.422,5.349,
2/14/2005,,5.444,5.423,5.397,
2/15/2005,,5.438,5.416,5.387,
2/16/2005,,5.427,5.413,5.401,
2/17/2005,,5.452,5.444,5.429,
2/18/2005,,5.428,5.426,5.407,
2/21/2005,,5.483,5.484,5.474,
2/22/2005,,5.469,5.475,5.462,
2/23/2005,,5.462,5.474,5.471,
2/24/2005,,5.458,5.47,5.467,
2/25/2005,,5.497,5.51,5.511,
2/28/2005,,5.515,5.54,5.564,
3/1/2005,,5.518,5.571,5.617,
3/2/2005,,5.485,5.534,5.575,
3/3/2005,,5.49,5.54,5.584,
3/4/2005,,5.5,5.56,5.587,
3/7/2005,,5.497,5.555,5.562,
3/8/2005,,5.494,5.541,5.545,
3/9/2005,,5.499,5.563,5.581,
3/10/2005,,5.562,5.638,5.654,
3/11/2005,,5.562,5.644,5.663,
3/14/2005,,5.561,5.651,5.686,
3/15/2005,,5.549,5.64,5.659,
3/16/2005,,5.585,5.669,5.683,
3/17/2005,,5.551,5.633,5.642,
3/18/2005,,5.563,5.644,5.656,
3/21/2005,,5.601,5.685,5.698,
3/22/2005,,5.634,5.716,5.725,
3/23/2005,,5.66,5.746,5.761,
3/24/2005,,5.625,5.71,5.724,
3/29/2005,,5.64,5.724,5.737,
3/30/2005,,5.631,5.708,5.716,
3/31/2005,,5.59,5.668,5.672,
4/1/2005,,5.531,5.605,5.606,
4/4/2005,,5.554,5.626,5.642,
4/5/2005,,5.523,5.593,5.606,
4/6/2005,,5.414,5.495,5.556,
4/7/2005,,5.471,5.536,5.577,
4/8/2005,,5.473,5.557,5.6,
4/11/2005,,5.473,5.56,5.613,
4/12/2005,,5.463,5.54,5.574,
4/13/2005,,5.407,5.476,5.494,
4/14/2005,,5.349,5.415,5.444,
4/15/2005,,5.311,5.376,5.41,
4/18/2005,,5.269,5.33,5.357,
4/19/2005,,5.293,5.358,5.37,
4/20/2005,,5.273,5.344,5.342,
4/21/2005,,5.276,5.346,5.361,
4/22/2005,,5.331,5.404,5.418,
4/26/2005,,5.272,5.342,5.358,
4/27/2005,,5.254,5.34,5.392,
4/28/2005,,5.227,5.315,5.363,
4/29/2005,,5.236,5.316,5.342,
5/2/2005,,5.233,5.312,5.342,
5/3/2005,,5.211,5.29,5.331,
5/4/2005,,5.176,5.252,5.288,
5/5/2005,,5.185,5.258,5.306,
5/6/2005,,5.151,5.22,5.277,
5/9/2005,,5.236,5.317,5.405,
5/10/2005,,5.239,5.319,5.406,
5/11/2005,,5.201,5.274,5.351,
5/12/2005,,5.211,5.278,5.333,
5/13/2005,,5.178,5.248,5.307,
5/16/2005,,5.157,5.22,5.277,
5/17/2005,,5.173,5.231,5.286,
5/18/2005,,5.198,5.234,5.282,
5/19/2005,,5.217,5.241,5.275,
5/20/2005,,5.259,5.287,5.315,
5/23/2005,,5.306,5.337,5.348,
5/24/2005,,5.251,5.265,5.264,
5/25/2005,,5.212,5.217,5.206,
5/26/2005,,5.227,5.229,5.223,
5/27/2005,,5.205,5.208,5.212,
5/30/2005,,5.177,5.173,5.174,
5/31/2005,,5.14,5.131,5.144,
6/1/2005,,5.132,5.119,5.126,
6/2/2005,,5.126,5.109,5.098,
6/3/2005,,5.109,5.087,5.079,
6/6/2005,,5.12,5.102,5.109,
6/7/2005,,5.09,5.051,5.063,
6/8/2005,,5.099,5.055,5.069,
6/9/2005,,5.134,5.091,5.095,
6/10/2005,,5.184,5.139,5.121,
6/14/2005,,5.249,5.219,5.218,
6/15/2005,,5.277,5.257,5.255,
6/16/2005,,5.284,5.267,5.266,
6/17/2005,,5.259,5.24,5.24,
6/20/2005,,5.248,5.228,5.231,
6/21/2005,,5.286,5.27,5.278,
6/22/2005,,5.248,5.226,5.222,
6/23/2005,,5.163,5.13,5.121,
6/24/2005,,5.126,5.087,5.083,
6/27/2005,,5.084,5.041,5.045,
6/28/2005,,5.106,5.063,5.061,
6/29/2005,,5.143,5.104,5.107,
6/30/2005,,5.135,5.103,5.107,
7/1/2005,,5.113,5.074,5.054,
7/4/2005,,5.209,5.181,5.178,
7/5/2005,,5.184,5.164,5.159,
7/6/2005,,5.165,5.147,5.135,
7/7/2005,,5.222,5.205,5.178,
7/8/2005,,5.145,5.128,5.125,
7/11/2005,,5.183,5.175,5.168,
7/12/2005,,5.222,5.219,5.208,
7/13/2005,,5.247,5.251,5.245,
7/14/2005,,5.23,5.234,5.227,
7/15/2005,,5.198,5.202,5.199,
7/18/2005,,5.232,5.235,5.238,
7/19/2005,,5.242,5.255,5.252,
7/20/2005,,5.212,5.223,5.228,
7/21/2005,,5.208,5.215,5.22,
7/22/2005,,5.276,5.298,5.309,
7/25/2005,,5.21,5.23,5.228,
7/26/2005,,5.197,5.216,5.204,
7/27/2005,,5.166,5.176,5.17,
7/28/2005,,5.173,5.188,5.183,
7/29/2005,,5.129,5.135,5.126,
8/2/2005,,5.238,5.265,5.279,
8/3/2005,,5.245,5.284,5.309,
8/4/2005,,5.232,5.269,5.284,
8/5/2005,,5.257,5.296,5.315,
8/8/2005,,5.286,5.346,5.399,
8/9/2005,,5.229,5.303,5.367,
8/10/2005,,5.197,5.261,5.33,
8/11/2005,,5.246,5.32,5.392,
8/12/2005,,5.173,5.24,5.322,
8/15/2005,,5.119,5.173,5.251,
8/16/2005,,5.108,5.158,5.227,
8/17/2005,,5.068,5.107,5.17,
8/18/2005,,5.087,5.129,5.191,
8/19/2005,,5.061,5.093,5.133,
8/22/2005,,5.076,5.104,5.149,
8/23/2005,,5.089,5.118,5.165,
8/24/2005,,5.074,5.093,5.128,
8/25/2005,,5.092,5.111,5.145,
8/26/2005,,5.053,5.071,5.097,
8/29/2005,,5.013,5.02,5.047,
8/30/2005,,5.051,5.063,5.106,
8/31/2005,,5.011,5.013,5.047,
9/1/2005,,4.99,4.987,5.009,
9/2/2005,,4.936,4.938,5.008,
9/5/2005,,4.959,4.967,5.019,
9/6/2005,,4.992,5.005,5.055,
9/7/2005,,5.068,5.092,5.134,
9/8/2005,,5.109,5.138,5.164,
9/9/2005,,5.112,5.135,5.165,
9/12/2005,,5.122,5.144,5.17,
9/13/2005,,5.157,5.183,5.202,
9/14/2005,,5.106,5.124,5.148,
9/15/2005,,5.112,5.131,5.156,
9/16/2005,,5.11,5.131,5.156,
9/19/2005,,5.187,5.217,5.257,
9/20/2005,,5.162,5.193,5.244,
9/21/2005,,5.149,5.179,5.219,
9/22/2005,,5.101,5.117,5.146,
9/23/2005,,5.128,5.14,5.171,
9/26/2005,,5.22,5.244,5.275,
9/27/2005,,5.26,5.296,5.334,
9/28/2005,,5.299,5.338,5.383,
9/29/2005,,5.264,5.305,5.339,
9/30/2005,,5.284,5.331,5.362,
10/4/2005,,5.352,5.408,5.432,
10/5/2005,,5.294,5.347,5.373,
10/6/2005,,5.252,5.293,5.317,
10/7/2005,,5.284,5.329,5.353,
10/10/2005,,5.285,5.33,5.345,
10/11/2005,,5.279,5.32,5.324,
10/12/2005,,5.331,5.372,5.367,
10/13/2005,,5.33,5.375,5.397,
10/14/2005,,5.362,5.414,5.442,
10/17/2005,,5.364,5.421,5.46,
10/18/2005,,5.353,5.407,5.453,
10/19/2005,,5.298,5.346,5.398,
10/20/2005,,5.31,5.358,5.412,
10/21/2005,,5.271,5.322,5.367,
10/24/2005,,5.274,5.322,5.34,
10/25/2005,,5.332,5.383,5.417,
10/26/2005,,5.355,5.418,5.477,
10/27/2005,,5.343,5.406,5.468,
10/28/2005,,5.305,5.361,5.433,
10/31/2005,,5.341,5.399,5.479,
11/1/2005,,5.342,5.399,5.462,
11/2/2005,,5.319,5.378,5.45,
11/3/2005,,5.353,5.418,5.5,
11/4/2005,,5.398,5.48,5.565,
11/7/2005,,5.405,5.489,5.563,
11/8/2005,,5.392,5.47,5.533,
11/9/2005,,5.39,5.463,5.512,
11/10/2005,,5.366,5.455,5.53,
11/11/2005,,5.304,5.375,5.451,
11/14/2005,,5.262,5.325,5.401,
11/15/2005,,5.316,5.387,5.48,
11/16/2005,,5.292,5.355,5.434,
11/17/2005,,5.245,5.295,5.353,
11/18/2005,,5.256,5.305,5.348,
11/21/2005,,5.288,5.345,5.398,
11/22/2005,,5.267,5.327,5.373,
11/23/2005,,5.235,5.295,5.345,
11/24/2005,,5.279,5.345,5.405,
11/25/2005,,5.275,5.344,5.393,
11/28/2005,,5.26,5.326,5.369,
11/29/2005,,5.25,5.315,5.348,
11/30/2005,,5.27,5.338,5.377,
12/1/2005,,5.285,5.355,5.388,
12/2/2005,,5.265,5.334,5.362,
12/5/2005,,5.325,5.4,5.442,
12/6/2005,,5.372,5.448,5.498,
12/7/2005,,5.328,5.404,5.431,
12/8/2005,,5.378,5.448,5.454,
12/9/2005,,5.334,5.387,5.384,
12/12/2005,,5.369,5.419,5.432,
12/13/2005,,5.404,5.45,5.459,
12/14/2005,,5.38,5.42,5.41,
12/15/2005,,5.33,5.335,5.325,
12/16/2005,,5.293,5.295,5.285,
12/19/2005,,5.31,5.315,5.32,
12/20/2005,,5.305,5.313,5.295,
12/21/2005,,5.3,5.31,5.295,
12/22/2005,,5.3,5.31,5.305,
12/23/2005,,5.255,5.26,5.23,
12/28/2005,,5.248,5.24,5.2,
12/29/2005,,5.23,5.23,5.21,
12/30/2005,,5.22,5.22,5.2,
1/3/2006,,5.26,5.25,5.225,
1/4/2006,,5.205,5.19,5.19,
1/5/2006,,5.185,5.168,5.185,
1/6/2006,,5.18,5.158,5.175,
1/9/2006,,5.175,5.15,5.175,
1/10/2006,,5.183,5.158,5.185,
1/11/2006,,5.21,5.19,5.215,
1/12/2006,,5.21,5.19,5.22,
1/13/2006,,5.17,5.143,5.165,
1/16/2006,,5.155,5.125,5.145,
1/17/2006,,5.17,5.143,5.16,
1/18/2006,,5.13,5.103,5.115,
1/19/2006,,5.16,5.135,5.145,
1/20/2006,,5.2,5.173,5.18,
1/23/2006,,5.155,5.125,5.135,
1/24/2006,,5.17,5.143,5.165,
1/25/2006,,5.248,5.233,5.25,
1/27/2006,,5.298,5.313,5.36,
1/30/2006,,5.288,5.313,5.36,
1/31/2006,,5.263,5.292,5.353,
2/1/2006,,5.268,5.295,5.358,
2/2/2006,,5.305,5.355,5.398,
2/3/2006,,5.28,5.325,5.365,
2/6/2006,,5.248,5.288,5.31,
2/7/2006,,5.275,5.31,5.325,
2/8/2006,,5.245,5.26,5.28,
2/9/2006,,5.21,5.22,5.26,
2/10/2006,,5.195,5.198,5.24,
2/13/2006,,5.243,5.26,5.29,
2/14/2006,,5.24,5.25,5.28,
2/15/2006,,5.228,5.24,5.265,
2/16/2006,,5.228,5.24,5.27,
2/17/2006,,5.215,5.22,5.23,
2/20/2006,,5.185,5.18,5.19,
2/21/2006,,5.205,5.189,5.204,
2/22/2006,,5.225,5.21,5.228,
2/23/2006,,5.205,5.18,5.185,
2/24/2006,,5.215,5.195,5.214,
2/27/2006,,5.25,5.26,5.29,
2/28/2006,,5.253,5.263,5.29,
3/1/2006,,5.223,5.23,5.245,
3/2/2006,,5.24,5.245,5.275,
3/3/2006,,5.265,5.285,5.315,
3/6/2006,,5.305,5.34,5.38,
3/7/2006,,5.29,5.33,5.38,
3/8/2006,,5.285,5.323,5.36,
3/9/2006,,5.31,5.35,5.395,
3/10/2006,,5.302,5.35,5.38,
3/13/2006,,5.355,5.41,5.445,
3/14/2006,,5.345,5.39,5.43,
3/15/2006,,5.285,5.315,5.345,
3/16/2006,,5.285,5.32,5.365,
3/17/2006,,5.23,5.24,5.27,
3/20/2006,,5.233,5.245,5.28,
3/21/2006,,5.245,5.255,5.28,
3/22/2006,,5.285,5.305,5.345,
3/23/2006,,5.27,5.28,5.328,
3/24/2006,,5.29,5.315,5.35,
3/27/2006,,5.25,5.26,5.28,
3/28/2006,,5.247,5.265,5.29,
3/29/2006,,5.295,5.335,5.385,
3/30/2006,,5.3,5.345,5.39,
3/31/2006,,5.323,5.37,5.415,
4/3/2006,,5.32,5.375,5.413,
4/4/2006,,5.36,5.415,5.46,
4/5/2006,,5.39,5.43,5.45,
4/6/2006,,5.48,5.51,5.51,
4/7/2006,,5.49,5.51,5.54,
4/10/2006,,5.508,5.54,5.57,
4/11/2006,,5.535,5.57,5.575,
4/12/2006,,5.505,5.54,5.55,
4/13/2006,,5.545,5.578,5.6,
4/18/2006,,5.538,5.575,5.61,
4/19/2006,,5.518,5.55,5.59,
4/20/2006,,5.55,5.59,5.635,
4/21/2006,,5.57,5.62,5.655,
4/24/2006,,5.545,5.6,5.625,
4/26/2006,,5.62,5.67,5.7,
4/27/2006,,5.64,5.7,5.725,
4/28/2006,,5.615,5.67,5.7,
5/1/2006,,5.615,5.683,5.695,
5/2/2006,,5.643,5.72,5.745,
5/3/2006,,5.683,5.76,5.775,
5/4/2006,,5.705,5.78,5.8,
5/5/2006,,5.703,5.748,5.79,
5/8/2006,,5.675,5.72,5.765,
5/9/2006,,5.705,5.75,5.785,
5/10/2006,,5.75,5.797,5.818,
5/11/2006,,5.745,5.798,5.815,
5/12/2006,,5.738,5.788,5.823,
5/15/2006,,5.745,5.8,5.843,
5/16/2006,,5.7,5.75,5.785,
5/17/2006,,5.692,5.74,5.77,
5/18/2006,,5.73,5.78,5.82,
5/19/2006,,5.67,5.705,5.738,
5/22/2006,,5.64,5.675,5.708,
5/23/2006,,5.62,5.655,5.685,
5/24/2006,,5.635,5.665,5.69,
5/25/2006,,5.645,5.675,5.715,
5/26/2006,,5.675,5.705,5.735,
5/29/2006,,5.673,5.703,5.73,
5/30/2006,,5.7,5.735,5.765,
5/31/2006,,5.67,5.705,5.73,
6/1/2006,,5.703,5.735,5.762,
6/2/2006,,5.683,5.715,5.741,
6/5/2006,,5.58,5.603,5.618,
6/6/2006,,5.623,5.645,5.648,
6/7/2006,,5.618,5.64,5.653,
6/8/2006,,5.7,5.715,5.695,
6/9/2006,,5.696,5.702,5.659,
6/13/2006,,5.694,5.693,5.653,
6/14/2006,,5.653,5.651,5.614,
6/15/2006,,5.718,5.716,5.677,
6/16/2006,,5.758,5.754,5.734,
6/19/2006,,5.791,5.794,5.784,
6/20/2006,,5.788,5.793,5.776,
6/21/2006,,5.788,5.788,5.771,
6/22/2006,,5.808,5.805,5.801,
6/23/2006,,5.844,5.845,5.835,
6/26/2006,,5.855,5.855,5.832,
6/27/2006,,5.858,5.858,5.861,
6/28/2006,,5.84,5.839,5.838,
6/29/2006,,5.87,5.87,5.875,
6/30/2006,,5.79,5.783,5.78,
7/3/2006,,5.755,5.743,5.748,
7/4/2006,,5.805,5.794,5.794,
7/5/2006,,5.808,5.79,5.788,
7/6/2006,,5.863,5.855,5.858,
7/7/2006,,5.866,5.852,5.847,
7/10/2006,,5.823,5.807,5.783,
7/11/2006,,5.856,5.832,5.805,
7/12/2006,,5.878,5.851,5.818,
7/13/2006,,5.956,5.921,5.873,
7/14/2006,,5.927,5.884,5.835,
7/17/2006,,5.924,5.879,5.838,
7/18/2006,,5.956,5.911,5.881,
7/19/2006,,5.956,5.914,5.886,
7/20/2006,,5.919,5.875,5.824,
7/21/2006,,5.891,5.843,5.783,
7/24/2006,,5.952,5.899,5.833,
7/25/2006,,5.968,5.914,5.85,
7/26/2006,,6.024,5.97,5.906,
7/27/2006,,6.003,5.947,5.875,
7/28/2006,,6.021,5.964,5.899,
7/31/2006,,5.984,5.924,5.84,
8/1/2006,,5.968,5.905,5.84,
8/2/2006,,5.966,5.907,5.847,
8/3/2006,,5.926,5.862,5.792,
8/4/2006,,5.957,5.891,5.819,
8/8/2006,,5.889,5.814,5.747,
8/9/2006,,5.89,5.819,5.776,
8/10/2006,,5.968,5.908,5.842,
8/11/2006,,5.981,5.915,5.853,
8/14/2006,,6.034,5.97,5.929,
8/15/2006,,6.048,5.985,5.93,
8/16/2006,,6.005,5.94,5.892,
8/17/2006,,5.932,5.857,5.798,
8/18/2006,,5.898,5.828,5.767,
8/21/2006,,5.879,5.805,5.721,
8/22/2006,,5.884,5.806,5.728,
8/23/2006,,5.901,5.816,5.719,
8/24/2006,,5.905,5.815,5.716,
8/25/2006,,5.877,5.779,5.654,
8/28/2006,,5.88,5.776,5.664,
8/29/2006,,5.895,5.791,5.685,
8/30/2006,,5.868,5.764,5.664,
8/31/2006,,5.844,5.742,5.661,
9/1/2006,,5.826,5.721,5.623,
9/4/2006,,5.861,5.751,5.632,
9/5/2006,,5.894,5.776,5.638,
9/6/2006,,5.899,5.783,5.663,
9/7/2006,,5.902,5.787,5.658,
9/8/2006,,5.895,5.778,5.642,
9/11/2006,,5.901,5.78,5.639,
9/12/2006,,5.907,5.786,5.643,
9/13/2006,,5.877,5.752,5.612,
9/14/2006,,5.915,5.779,5.608,
9/15/2006,,5.965,5.828,5.673,
9/18/2006,,5.99,5.854,5.699,
9/19/2006,,6.003,5.865,5.714,
9/20/2006,,5.954,5.783,5.61,
9/21/2006,,5.96,5.791,5.613,
9/22/2006,,5.88,5.697,5.536,
9/25/2006,,5.829,5.644,5.485,
9/26/2006,,5.821,5.635,5.468,
9/27/2006,,5.844,5.662,5.498,
9/28/2006,,5.857,5.676,5.503,
9/29/2006,,5.854,5.674,5.506,
10/3/2006,,5.831,5.652,5.493,
10/4/2006,,5.841,5.662,5.503,
10/5/2006,,5.826,5.645,5.483,
10/6/2006,,5.837,5.658,5.499,
10/9/2006,,5.908,5.748,5.605,
10/10/2006,,5.942,5.78,5.624,
10/11/2006,,5.938,5.777,5.622,
10/12/2006,,6.03,5.878,5.697,
10/13/2006,,6.05,5.885,5.704,
10/16/2006,,6.079,5.912,5.737,
10/17/2006,,6.066,5.897,5.712,
10/18/2006,,6.073,5.902,5.718,
10/19/2006,,6.077,5.905,5.718,
10/20/2006,,6.092,5.923,5.746,
10/23/2006,,6.116,5.949,5.788,
10/24/2006,,6.145,5.98,5.812,
10/25/2006,,6.161,5.989,5.797,
10/26/2006,,6.126,5.945,5.728,
10/27/2006,,6.106,5.914,5.684,
10/30/2006,,6.111,5.904,5.658,
10/31/2006,,6.114,5.9,5.658,
11/1/2006,,6.109,5.891,5.639,
11/2/2006,,6.084,5.86,5.61,
11/3/2006,,6.084,5.858,5.622,
11/6/2006,,6.149,5.952,5.738,
11/7/2006,,6.154,5.951,5.725,
11/8/2006,,6.097,5.89,5.652,
11/9/2006,,6.027,5.806,5.602,
11/10/2006,,6.034,5.817,5.617,
11/13/2006,,6,5.778,5.565,
11/14/2006,,6.029,5.807,5.598,
11/15/2006,,5.996,5.766,5.562,
11/16/2006,,6.026,5.797,5.594,
11/17/2006,,6.052,5.827,5.624,
11/20/2006,,6.011,5.786,5.564,
11/21/2006,,6.032,5.806,5.584,
11/22/2006,,6.013,5.785,5.564,
11/23/2006,,6.007,5.775,5.549,
11/24/2006,,6.006,5.778,5.563,
11/27/2006,,6.007,5.778,5.555,
11/28/2006,,5.997,5.767,5.539,
11/29/2006,,6.005,5.777,5.553,
11/30/2006,,6.056,5.829,5.589,
12/1/2006,,6.013,5.784,5.538,
12/4/2006,,5.934,5.701,5.499,
12/5/2006,,5.93,5.694,5.495,
12/6/2006,,5.942,5.708,5.519,
12/7/2006,,6.009,5.789,5.6,
12/8/2006,,6.018,5.791,5.598,
12/11/2006,,6.076,5.856,5.653,
12/12/2006,,6.081,5.863,5.653,
12/13/2006,,6.083,5.864,5.644,
12/14/2006,,6.143,5.932,5.729,
12/15/2006,,6.158,5.952,5.758,
12/18/2006,,6.18,5.977,5.796,
12/19/2006,,6.146,5.949,5.767,
12/20/2006,,6.156,5.96,5.794,
12/21/2006,,6.175,5.982,5.812,
12/22/2006,,6.162,5.965,5.803,
12/27/2006,,6.181,5.992,5.827,
12/28/2006,,6.229,6.044,5.891,
12/29/2006,,6.213,6.032,5.882,
1/2/2007,,6.242,6.067,5.901,
1/3/2007,,6.216,6.043,5.875,
1/4/2007,,6.181,6.007,5.836,
1/5/2007,,6.165,5.987,5.806,
1/8/2007,,6.211,6.036,5.851,
1/9/2007,,6.219,6.04,5.857,
1/10/2007,,6.223,6.049,5.862,
1/11/2007,,6.249,6.078,5.886,
1/12/2007,,6.258,6.088,5.898,
1/15/2007,,6.27,6.102,5.914,
1/16/2007,,6.258,6.086,5.89,
1/17/2007,,6.24,6.064,5.861,
1/18/2007,,6.266,6.088,5.88,
1/19/2007,,6.264,6.086,5.888,
1/22/2007,,6.273,6.1,5.923,
1/23/2007,,6.263,6.095,5.923,
1/24/2007,,6.112,5.966,5.831,
1/25/2007,,6.109,5.962,5.816,
1/29/2007,,6.17,6.028,5.885,
1/30/2007,,6.176,6.042,5.914,
1/31/2007,,6.183,6.058,5.937,
2/1/2007,,6.162,6.038,5.91,
2/2/2007,,6.199,6.076,5.948,
2/5/2007,,6.153,6.024,5.883,
2/6/2007,,6.119,5.978,5.826,
2/7/2007,,6.113,5.968,5.803,
2/8/2007,,6.143,5.992,5.811,
2/9/2007,,6.111,5.953,5.767,
2/12/2007,,6.117,5.966,5.817,
2/13/2007,,6.136,5.985,5.845,
2/14/2007,,6.141,5.989,5.84,
2/15/2007,,6.113,5.948,5.8,
2/16/2007,,6.11,5.934,5.781,
2/19/2007,,6.11,5.933,5.77,
2/20/2007,,6.11,5.938,5.783,
2/21/2007,,6.128,5.963,5.795,
2/22/2007,,6.139,5.975,5.799,
2/23/2007,,6.161,6.005,5.846,
2/26/2007,,6.129,5.958,5.783,
2/27/2007,,6.093,5.915,5.723,
2/28/2007,,6.059,5.863,5.686,
3/1/2007,,6.051,5.855,5.663,
3/2/2007,,6.062,5.866,5.673,
3/5/2007,,6.012,5.793,5.606,
3/6/2007,,6.037,5.823,5.63,
3/7/2007,,6.058,5.846,5.65,
3/8/2007,,6.061,5.846,5.642,
3/9/2007,,6.071,5.861,5.666,
3/12/2007,,6.113,5.926,5.728,
3/13/2007,,6.1,5.912,5.682,
3/14/2007,,6.061,5.85,5.616,
3/15/2007,,6.109,5.913,5.707,
3/16/2007,,6.196,6.011,5.768,
3/19/2007,,6.236,6.028,5.769,
3/20/2007,,6.268,6.053,5.792,
3/21/2007,,6.289,6.075,5.796,
3/22/2007,,6.274,6.058,5.79,
3/23/2007,,6.292,6.08,5.834,
3/26/2007,,6.307,6.098,5.845,
3/27/2007,,6.297,6.086,5.821,
3/28/2007,,6.28,6.07,5.826,
3/29/2007,,6.297,6.091,5.853,
3/30/2007,,6.294,6.104,5.88,
4/2/2007,,6.339,6.152,5.896,
4/3/2007,,6.339,6.156,5.897,
4/4/2007,,6.285,6.12,5.879,
4/5/2007,,6.273,6.109,5.89,
4/10/2007,,6.298,6.146,5.905,
4/11/2007,,6.301,6.15,5.894,
4/12/2007,,6.331,6.178,5.927,
4/13/2007,,6.339,6.187,5.947,
4/16/2007,,6.34,6.189,5.962,
4/17/2007,,6.336,6.185,5.959,
4/18/2007,,6.33,6.179,5.953,
4/19/2007,,6.291,6.135,5.912,
4/20/2007,,6.285,6.153,5.962,
4/23/2007,,6.255,6.122,5.933,
4/24/2007,,6.122,6.008,5.843,
4/26/2007,,6.14,6.03,5.883,
4/27/2007,,6.144,6.039,5.897,
4/30/2007,,6.13,6.027,5.879,
5/1/2007,,6.09,5.98,5.816,
5/2/2007,,6.108,5.997,5.824,
5/3/2007,,6.101,5.99,5.822,
5/4/2007,,6.098,5.996,5.852,
5/7/2007,,6.113,6.009,5.857,
5/8/2007,,6.151,6.043,5.865,
5/9/2007,,6.136,6.024,5.846,
5/10/2007,,6.224,6.11,5.926,
5/11/2007,,6.199,6.077,5.877,
5/14/2007,,6.216,6.089,5.882,
5/15/2007,,6.226,6.1,5.91,
5/16/2007,,6.19,6.071,5.896,
5/17/2007,,6.194,6.077,5.919,
5/18/2007,,6.22,6.099,5.945,
5/21/2007,,6.236,6.117,5.979,
5/22/2007,,6.228,6.109,5.969,
5/23/2007,,6.245,6.13,5.996,
5/24/2007,,6.24,6.129,6.001,
5/25/2007,,6.205,6.096,5.97,
5/28/2007,,6.225,6.118,5.991,
5/29/2007,,6.258,6.152,6.022,
5/30/2007,,6.256,6.151,6.017,
5/31/2007,,6.257,6.149,6.015,
6/1/2007,,6.28,6.174,6.04,
6/4/2007,,6.31,6.207,6.083,
6/5/2007,,6.328,6.225,6.084,
6/6/2007,,6.394,6.271,6.112,
6/7/2007,,6.455,6.313,6.133,
6/8/2007,,6.503,6.392,6.257,
6/12/2007,,6.497,6.387,6.232,
6/13/2007,,6.533,6.438,6.298,
6/14/2007,,6.443,6.362,6.236,
6/15/2007,,6.462,6.398,6.271,
6/18/2007,,6.441,6.384,6.247,
6/19/2007,,6.436,6.378,6.237,
6/20/2007,,6.405,6.344,6.204,
6/21/2007,,6.443,6.397,6.269,
6/22/2007,,6.424,6.39,6.263,
6/25/2007,,6.419,6.372,6.249,
6/26/2007,,6.413,6.362,6.238,
6/27/2007,,6.383,6.327,6.199,
6/28/2007,,6.429,6.38,6.235,
6/29/2007,,6.457,6.409,6.256,
7/2/2007,,6.424,6.371,6.203,
7/3/2007,,6.368,6.311,6.147,
7/4/2007,,6.383,6.329,6.171,
7/5/2007,,6.41,6.361,6.21,
7/6/2007,,6.437,6.388,6.237,
7/9/2007,,6.47,6.43,6.296,
7/10/2007,,6.456,6.415,6.277,
7/11/2007,,6.371,6.322,6.162,
7/12/2007,,6.392,6.348,6.21,
7/13/2007,,6.405,6.363,6.232,
7/16/2007,,6.385,6.334,6.18,
7/17/2007,,6.38,6.325,6.176,
7/18/2007,,6.346,6.293,6.155,
7/19/2007,,6.352,6.299,6.154,
7/20/2007,,6.336,6.282,6.145,
7/23/2007,,6.31,6.246,6.079,
7/24/2007,,6.329,6.263,6.093,
7/25/2007,,6.449,6.34,6.115,
7/26/2007,,6.473,6.362,6.137,
7/27/2007,,6.345,6.217,5.967,
7/30/2007,,6.372,6.235,5.971,
7/31/2007,,6.427,6.293,6.031,
8/1/2007,,6.336,6.187,5.916,
8/2/2007,,6.362,6.217,5.945,
8/3/2007,,6.371,6.222,5.95,
8/7/2007,,6.378,6.23,5.961,
8/8/2007,,6.408,6.263,6.012,
8/9/2007,,6.417,6.28,6.055,
8/10/2007,,6.295,6.16,5.921,
8/13/2007,,6.391,6.256,6.007,
8/14/2007,,6.4,6.262,5.969,
8/15/2007,,6.328,6.183,5.904,
8/16/2007,,6.262,6.124,5.875,
8/17/2007,,6.144,6.01,5.798,
8/20/2007,,6.195,6.066,5.876,
8/21/2007,,6.147,6.029,5.836,
8/22/2007,,6.148,6.051,5.867,
8/23/2007,,6.261,6.143,5.941,
8/24/2007,,6.23,6.128,5.947,
8/27/2007,,6.303,6.191,5.998,
8/28/2007,,6.251,6.136,5.926,
8/29/2007,,6.189,6.066,5.86,
8/30/2007,,6.226,6.109,5.91,
8/31/2007,,6.25,6.133,5.918,
9/3/2007,,6.273,6.154,5.938,
9/4/2007,,6.327,6.194,5.95,
9/5/2007,,6.346,6.213,5.966,
9/6/2007,,6.319,6.179,5.9,
9/10/2007,,6.22,6.073,5.798,
9/11/2007,,6.243,6.102,5.843,
9/12/2007,,6.253,6.112,5.844,
9/13/2007,,6.245,6.111,5.849,
9/14/2007,,6.261,6.15,5.913,
9/17/2007,,6.248,6.147,5.908,
9/18/2007,,6.269,6.171,5.927,
9/19/2007,,6.274,6.209,5.988,
9/20/2007,,6.352,6.302,6.08,
9/21/2007,,6.41,6.382,6.139,
9/24/2007,,6.451,6.423,6.179,
9/25/2007,,6.429,6.401,6.172,
9/26/2007,,6.417,6.389,6.166,
9/27/2007,,6.431,6.404,6.162,
9/28/2007,,6.433,6.401,6.145,
10/2/2007,,6.472,6.429,6.148,
10/3/2007,,6.505,6.443,6.135,
10/4/2007,,6.51,6.448,6.138,
10/5/2007,,6.516,6.447,6.131,
10/8/2007,,6.579,6.519,6.213,
10/9/2007,,6.587,6.535,6.237,
10/10/2007,,6.59,6.537,6.231,
10/11/2007,,6.59,6.526,6.215,
10/12/2007,,6.587,6.526,6.228,
10/15/2007,,6.62,6.56,6.246,
10/16/2007,,6.636,6.578,6.276,
10/17/2007,,6.596,6.53,6.216,
10/18/2007,,6.569,6.502,6.178,
10/19/2007,,6.516,6.441,6.111,
10/22/2007,,6.528,6.437,6.07,
10/23/2007,,6.577,6.477,6.11,
10/24/2007,,6.637,6.505,6.104,
10/25/2007,,6.606,6.439,6.016,
10/26/2007,,6.622,6.46,6.037,
10/29/2007,,6.654,6.498,6.089,
10/30/2007,,6.673,6.506,6.106,
10/31/2007,,6.72,6.551,6.137,
11/1/2007,,6.827,6.662,6.266,
11/2/2007,,6.777,6.597,6.16,
11/5/2007,,6.841,6.64,6.205,
11/6/2007,,6.809,6.602,6.159,
11/7/2007,,6.823,6.602,6.153,
11/8/2007,,6.744,6.458,5.954,
11/9/2007,,6.765,6.471,5.976,
11/12/2007,,6.685,6.406,5.927,
11/13/2007,,6.717,6.437,5.964,
11/14/2007,,6.799,6.549,6.133,
11/15/2007,,6.794,6.537,6.101,
11/16/2007,,6.711,6.44,6.012,
11/19/2007,,6.706,6.44,6.013,
11/20/2007,,6.628,6.341,5.949,
11/21/2007,,6.57,6.284,5.914,
11/22/2007,,6.482,6.211,5.862,
11/23/2007,,6.49,6.207,5.845,
11/26/2007,,6.576,6.292,5.925,
11/27/2007,,6.529,6.223,5.836,
11/28/2007,,6.56,6.268,5.894,
11/29/2007,,6.576,6.306,5.957,
11/30/2007,,6.584,6.323,5.997,
12/3/2007,,6.571,6.312,5.984,
12/4/2007,,6.548,6.305,5.995,
12/5/2007,,6.473,6.263,5.977,
12/6/2007,,6.505,6.289,6.008,
12/7/2007,,6.533,6.323,6.047,
12/10/2007,,6.626,6.429,6.16,
12/11/2007,,6.722,6.549,6.28,
12/12/2007,,6.669,6.476,6.181,
12/13/2007,,6.749,6.571,6.255,
12/14/2007,,6.791,6.618,6.266,
12/17/2007,,6.804,6.63,6.293,
12/18/2007,,6.801,6.632,6.288,
12/19/2007,,6.839,6.663,6.288,
12/20/2007,,6.819,6.639,6.239,
12/21/2007,,6.838,6.664,6.251,
12/24/2007,,6.892,6.742,6.361,
12/27/2007,,6.902,6.764,6.404,
12/28/2007,,6.891,6.747,6.385,
12/31/2007,,6.852,6.708,6.326,
1/2/2008,,6.845,6.72,6.337,
1/3/2008,,6.68,6.546,6.131,
1/4/2008,,6.657,6.531,6.107,
1/7/2008,,6.565,6.441,6.057,
1/8/2008,,6.643,6.515,6.112,
1/9/2008,,6.65,6.522,6.116,
1/10/2008,,6.662,6.534,6.125,
1/11/2008,,6.613,6.511,6.128,
1/14/2008,,6.54,6.447,6.073,
1/15/2008,,6.531,6.452,6.066,
1/16/2008,,6.528,6.4,5.985,
1/17/2008,,6.562,6.435,6.026,
1/18/2008,,6.552,6.423,6.043,
1/21/2008,,6.565,6.429,6.028,
1/22/2008,,6.393,6.238,5.872,
1/23/2008,,6.4408,6.38,5.977,
1/24/2008,,6.554,6.402,6.043,
1/25/2008,,6.695,6.56,6.191,
1/29/2008,,6.631,6.5,6.074,
1/30/2008,,6.62,6.468,6.064,
1/31/2008,,6.645,6.48,6.088,
2/1/2008,,6.688,6.512,6.126,
2/4/2008,,6.764,6.594,6.197,
2/5/2008,,6.665,6.51,6.151,
2/6/2008,,6.641,6.452,6.088,
2/7/2008,,6.643,6.464,6.12,
2/8/2008,,6.684,6.51,6.191,
2/11/2008,,6.782,6.593,6.219,
2/12/2008,,6.807,6.607,6.227,
2/13/2008,,6.806,6.608,6.249,
2/14/2008,,6.92,6.717,6.338,
2/15/2008,,6.898,6.686,6.328,
2/18/2008,,6.938,6.741,6.383,
2/19/2008,,7.08,6.843,6.478,
2/20/2008,,6.945,6.774,6.405,
2/21/2008,,6.939,6.775,6.428,
2/22/2008,,6.894,6.731,6.373,
2/25/2008,,6.962,6.805,6.443,
2/26/2008,,6.949,6.79,6.411,
2/27/2008,,6.944,6.783,6.424,
2/28/2008,,6.913,6.749,6.438,
2/29/2008,,6.72,6.556,6.213,
3/3/2008,,6.676,6.514,6.188,
3/4/2008,,6.556,6.39,6.146,
3/5/2008,,6.528,6.352,6.157,
3/6/2008,,6.548,6.378,6.246,
3/7/2008,,6.385,6.189,6.104,
3/10/2008,,6.275,6.067,6.045,
3/11/2008,,6.365,6.204,6.208,
3/12/2008,,6.325,6.142,6.052,
3/13/2008,,6.334,6.203,6.137,
3/14/2008,,6.314,6.163,6.02,
3/17/2008,,5.993,5.85,5.866,
3/18/2008,,6.109,5.98,5.97,
3/19/2008,,6.189,6.068,6.077,
3/20/2008,,6.1,5.983,5.984,
3/25/2008,,6.238,6.129,6.132,
3/26/2008,,6.192,6.084,6.091,
3/27/2008,,6.171,6.062,6.027,
3/28/2008,,6.272,6.162,6.155,
3/31/2008,,6.201,6.088,6.054,
4/1/2008,,6.102,6,6.023,
4/2/2008,,6.272,6.173,6.173,
4/3/2008,,6.276,6.172,6.136,
4/4/2008,,6.293,6.194,6.178,
4/7/2008,,6.231,6.132,6.095,
4/8/2008,,6.287,6.178,6.154,
4/9/2008,,6.262,6.138,6.1,
4/10/2008,,6.183,6.071,6.067,
4/11/2008,,6.241,6.137,6.142,
4/14/2008,,6.115,6.002,5.999,
4/15/2008,,6.133,6.017,6.024,
4/16/2008,,6.168,6.064,6.133,
4/17/2008,,6.229,6.128,6.18,
4/18/2008,,6.28,6.171,6.21,
4/21/2008,,6.442,6.308,6.293,
4/22/2008,,6.427,6.254,6.208,
4/23/2008,,6.53,6.319,6.252,
4/24/2008,,6.527,6.311,6.285,
4/28/2008,,6.517,6.319,6.321,
4/29/2008,,6.513,6.304,6.347,
4/30/2008,,6.471,6.256,6.286,
5/1/2008,,6.393,6.16,6.185,
5/2/2008,,6.436,6.203,6.233,
5/5/2008,,6.537,6.316,6.381,
5/6/2008,,6.514,6.284,6.35,
5/7/2008,,6.513,6.274,6.355,
5/8/2008,,6.443,6.194,6.289,
5/9/2008,,6.362,6.088,6.205,
5/12/2008,,6.355,6.077,6.191,
5/13/2008,,6.386,6.104,6.215,
5/14/2008,,6.447,6.17,6.264,
5/15/2008,,6.479,6.211,6.331,
5/16/2008,,6.472,6.208,6.322,
5/19/2008,,6.451,6.181,6.292,
5/20/2008,,6.59,6.382,6.376,
5/21/2008,,6.585,6.364,6.327,
5/22/2008,,6.728,6.501,6.449,
5/23/2008,,6.825,6.588,6.513,
5/26/2008,,6.779,6.533,6.443,
5/27/2008,,6.849,6.592,6.488,
5/28/2008,,6.865,6.603,6.503,
5/29/2008,,6.918,6.662,6.593,
5/30/2008,,6.842,6.59,6.53,
6/2/2008,,6.808,6.573,6.559,
6/3/2008,,6.748,6.506,6.484,
6/4/2008,,6.875,6.612,6.544,
6/5/2008,,6.87,6.603,6.529,
6/6/2008,,6.9808,6.7136,6.6374,
6/10/2008,,7.1704,6.8439,6.6756,
6/11/2008,,7.1555,6.8273,6.6719,
6/12/2008,,7.0067,6.7238,6.5998,
6/13/2008,,7.1459,6.8577,6.7291,
6/16/2008,,7.1308,6.867,6.786,
6/17/2008,,6.977,6.7424,6.6916,
6/18/2008,,6.9123,6.6777,6.6159,
6/19/2008,,6.9405,6.6955,6.5823,
6/20/2008,,7.0171,6.7749,6.662,
6/23/2008,,6.9642,6.7111,6.5442,
6/24/2008,,6.9747,6.7175,6.5575,
6/25/2008,,6.9042,6.6357,6.4819,
6/26/2008,,6.8999,6.6415,6.5131,
6/27/2008,,6.8201,6.5736,6.4609,
6/30/2008,,6.8058,6.5605,6.447,
7/1/2008,,6.8491,6.6098,6.4945,
7/2/2008,,6.9201,6.679,6.5698,
7/3/2008,,6.8714,6.6271,6.4963,
7/4/2008,,6.8159,6.5605,6.4225,
7/7/2008,,6.7557,6.4976,6.3484,
7/8/2008,,6.7005,6.4461,6.3462,
7/9/2008,,6.6858,6.4327,6.338,
7/10/2008,,6.657,6.3961,6.2902,
7/11/2008,,6.693,6.432,6.3639,
7/14/2008,,6.6973,6.4517,6.4119,
7/15/2008,,6.6036,6.3583,6.3048,
7/16/2008,,6.5374,6.3217,6.3269,
7/17/2008,,6.5564,6.3442,6.3086,
7/18/2008,,6.5804,6.3799,6.3569,
7/21/2008,,6.6226,6.4342,6.4203,
7/22/2008,,6.6615,6.4696,6.4623,
7/23/2008,,6.6415,6.4475,6.4435,
7/24/2008,,6.5689,6.3911,6.3995,
7/25/2008,,6.4412,6.2571,6.2599,
7/28/2008,,6.4179,6.2321,6.2527,
7/29/2008,,6.4125,6.2342,6.2981,
7/30/2008,,6.3625,6.1967,6.2633,
7/31/2008,,6.3127,6.1485,6.2184,
8/1/2008,,6.2066,6.0514,6.1223,
8/5/2008,,6.0012,5.893,6.033,
8/6/2008,,5.9891,5.9236,6.0506,
8/7/2008,,5.9583,5.8805,5.9785,
8/8/2008,,5.9186,5.8411,5.9246,
8/11/2008,,5.9236,5.8464,5.9147,
8/12/2008,,5.8482,5.782,5.8688,
8/13/2008,,5.8194,5.7614,5.8513,
8/14/2008,,5.8114,5.7645,5.8962,
8/15/2008,,5.7789,5.733,5.8541,
8/18/2008,,5.7662,5.7184,5.8173,
8/19/2008,,5.7681,5.7173,5.8156,
8/20/2008,,5.8105,5.7616,5.8468,
8/21/2008,,5.7223,5.6766,5.7345,
8/22/2008,,5.753,5.7079,5.7922,
8/25/2008,,5.754,5.7152,5.796,
8/26/2008,,5.6924,5.6535,5.7505,
8/27/2008,,5.6804,5.6412,5.717,
8/28/2008,,5.7374,5.7129,5.7638,
8/29/2008,,5.7101,5.6898,5.7593,
9/1/2008,,5.691,5.6732,5.7312,
9/2/2008,,5.6837,5.6581,5.691,
9/3/2008,,5.6599,5.6352,5.6923,
9/4/2008,,5.6849,5.6701,5.7644,
9/5/2008,,5.5701,5.553,5.6244,
9/8/2008,,5.6867,5.678,5.7756,
9/9/2008,,5.5784,5.5637,5.6223,
9/10/2008,,5.5607,5.5353,5.6353,
9/11/2008,,5.5916,5.5642,5.6602,
9/12/2008,,5.6429,5.6165,5.6794,
9/15/2008,,5.448,5.428,5.5718,
9/16/2008,,5.3642,5.3355,5.4488,
9/17/2008,,5.4935,5.4631,5.5698,
9/18/2008,,5.3394,5.3348,5.5309,
9/19/2008,,5.4148,5.429,5.5662,
9/22/2008,,5.6073,5.659,5.8282,
9/23/2008,,5.5438,5.5951,5.7694,
9/24/2008,,5.5209,5.5605,5.706,
9/25/2008,,5.5009,5.5434,5.7219,
9/26/2008,,5.3609,5.4097,5.6131,
9/29/2008,,5.3623,5.4245,5.663,
9/30/2008,,5.106,5.1876,5.3952,
10/1/2008,,5.1393,5.2305,5.4327,
10/2/2008,,5.0383,5.1408,5.354,
10/3/2008,,4.9009,5.0322,5.2852,
10/7/2008,,4.3415,4.7101,5.0598,
10/8/2008,,4.1054,4.5412,4.9306,
10/9/2008,,4.1671,4.6574,5.0888,
10/10/2008,,3.9824,4.5962,5.1387,
10/13/2008,,4.3411,5.0308,5.547,
10/14/2008,,4.4707,5.0686,5.4439,
10/15/2008,,4.3303,4.9671,5.3734,
10/16/2008,,4.145,4.81,5.2484,
10/17/2008,,4.1387,4.827,5.352,
10/20/2008,,4.1936,4.8239,5.2627,
10/21/2008,,4.2467,4.7959,5.1398,
10/22/2008,,4.1515,4.7227,5.1241,
10/23/2008,,4.1436,4.6555,5.0816,
10/24/2008,,4.0257,4.5045,4.9127,
10/27/2008,,4.0348,4.5401,5.0597,
10/28/2008,,4.1898,4.7026,5.2817,
10/29/2008,,4.1723,4.6666,5.2017,
10/30/2008,,4.2567,4.7352,5.2286,
10/31/2008,,4.2914,4.7094,5.1689,
11/3/2008,,4.3088,4.8342,5.3985,
11/4/2008,,3.9727,4.5763,5.266,
11/5/2008,,4.003,4.6409,5.3348,
11/6/2008,,3.8279,4.4447,5.1443,
11/7/2008,,3.7916,4.444,5.1857,
11/10/2008,,3.8337,4.4909,5.1885,
11/11/2008,,3.6391,4.2944,5.0428,
11/12/2008,,3.5885,4.259,5.0843,
11/13/2008,,3.4322,4.0994,4.9086,
11/14/2008,,3.4926,4.1647,5.0304,
11/17/2008,,3.4383,4.1089,4.9654,
11/18/2008,,3.393,4.06,4.9643,
11/19/2008,,3.3906,4.045,4.8408,
11/20/2008,,3.3172,3.9753,4.7618,
11/21/2008,,3.1641,3.8203,4.6282,
11/24/2008,,3.1549,3.8135,4.6005,
11/25/2008,,3.2231,3.9022,4.6832,
11/26/2008,,3.2068,3.8846,4.6133,
11/27/2008,,3.2546,3.9456,4.6471,
11/28/2008,,3.1929,3.8831,4.5975,
12/1/2008,,3.1443,3.8334,4.527,
12/2/2008,,3.0618,3.7661,4.3412,
12/3/2008,,3.0814,3.7982,4.3362,
12/4/2008,,3.0363,3.7381,4.2554,
12/5/2008,,3.0729,3.7668,4.2817,
12/8/2008,,3.119,3.8034,4.2971,
12/9/2008,,3.0881,3.7762,4.3132,
12/10/2008,,3.0882,3.7967,4.4692,
12/11/2008,,2.85,3.6668,4.2746,
12/12/2008,,2.7371,3.5586,4.3,
12/15/2008,,2.9222,3.6804,4.4135,
12/16/2008,,2.785,3.537,4.255,
12/17/2008,,2.815,3.53,4.137,
12/18/2008,,2.7974,3.4821,4.0455,
12/19/2008,,2.7754,3.4521,4.0254,
12/22/2008,,2.8604,3.5421,4.131,
12/23/2008,,2.847,3.537,4.105,
12/24/2008,,2.8695,3.5559,4.0875,
12/29/2008,,2.787,3.47,3.9694,
12/30/2008,,2.8249,3.5115,4.0119,
12/31/2008,,2.7426,3.4138,3.9919,
1/2/2009,,2.725,3.582,3.9591,
1/5/2009,,2.972,3.849,4.2638,
1/6/2009,,2.972,3.861,4.29,
1/7/2009,,3.005,3.85,4.2519,
1/8/2009,,2.8876,3.742,4.1381,
1/9/2009,,2.8696,3.712,4.12,
1/12/2009,,2.7536,3.614,4.1013,
1/13/2009,,2.6346,3.488,3.959,
1/14/2009,,2.535,3.486,3.9904,
1/15/2009,,2.5046,3.375,3.851,
1/16/2009,,2.6287,3.49,3.9755,
1/19/2009,,2.6933,3.556,4.0516,
1/20/2009,,2.522,3.481,3.9963,
1/21/2009,,2.67,3.515,4.075,
1/22/2009,,2.6862,3.596,4.1863,
1/23/2009,,2.5518,3.476,4.1038,
1/27/2009,,2.5542,3.513,4.1879,
1/28/2009,,2.5166,3.441,4.0562,
1/29/2009,,2.4618,3.403,4.0762,
1/30/2009,,2.4141,3.354,4.0987,
2/2/2009,,2.388,3.3461,4.0971,
2/3/2009,,2.4995,3.473,4.2196,
2/4/2009,,2.5657,3.579,4.31,
2/5/2009,,2.6825,3.69,4.3679,
2/6/2009,,2.8781,3.8775,4.4433,
2/9/2009,,2.8427,3.8129,4.3592,
2/10/2009,,2.7992,3.7785,4.3371,
2/11/2009,,2.6401,3.6575,4.2517,
2/12/2009,,2.5936,3.635,4.1846,
2/13/2009,,2.702,3.685,4.2425,
2/16/2009,,2.8549,3.814,4.385,
2/17/2009,,2.6899,3.657,4.2604,
2/18/2009,,2.5741,3.532,4.0779,
2/19/2009,,2.6991,3.6595,4.2229,
2/20/2009,,2.702,3.6545,4.1679,
2/23/2009,,2.6824,3.6359,4.152,
2/24/2009,,2.6713,3.6305,4.1233,
2/25/2009,,2.7824,3.8,4.2646,
2/26/2009,,2.7655,3.7355,4.2462,
2/27/2009,,2.785,3.7935,4.4033,
3/2/2009,,2.7288,3.7555,4.3071,
3/3/2009,,2.7985,3.799,4.3117,
3/4/2009,,2.7295,3.7665,4.3533,
3/5/2009,,2.725,3.79,4.4092,
3/6/2009,,2.615,3.68,4.2391,
3/9/2009,,2.515,3.522,4.1171,
3/10/2009,,2.5868,3.641,4.255,
3/11/2009,,2.6412,3.7095,4.3351,
3/12/2009,,2.5621,3.635,4.2722,
3/13/2009,,2.6257,3.6904,4.2813,
3/16/2009,,2.6676,3.7406,4.3,
3/17/2009,,2.7199,3.8035,4.3467,
3/18/2009,,2.6885,3.7975,4.355,
3/19/2009,,2.5386,3.597,4.0905,
3/20/2009,,2.6145,3.6705,4.175,
3/23/2009,,2.7138,3.8131,4.3,
3/24/2009,,2.81,3.8785,4.3671,
3/25/2009,,2.8788,3.957,4.4483,
3/26/2009,,2.9922,4.0685,4.5196,
3/27/2009,,2.9875,4.088,4.5642,
3/30/2009,,2.897,3.997,4.4605,
3/31/2009,,2.8374,3.9555,4.4234,
4/1/2009,,2.8066,3.9365,4.3895,
4/2/2009,,2.833,3.962,4.374,
4/3/2009,,2.9417,4.0705,4.428,
4/6/2009,,2.9703,4.1765,4.614,
4/7/2009,,3.0007,4.219,4.6095,
4/8/2009,,2.9485,4.16,4.5406,
4/9/2009,,2.9105,4.1565,4.5825,
4/14/2009,,2.925,4.1881,4.6131,
4/15/2009,,2.888,4.1625,4.579,
4/16/2009,,2.8444,4.116,4.506,
4/17/2009,,2.88,4.149,4.5185,
4/20/2009,,3.3671,4.199,4.594,
4/21/2009,,3.2026,4.0175,4.363,
4/22/2009,,3.2479,4.0675,4.457,
4/23/2009,,3.2496,4.0785,4.491,
4/24/2009,,3.2171,4.0595,4.511,
4/27/2009,,3.1426,3.991,4.4665,
4/28/2009,,3.0464,3.911,4.4333,
4/29/2009,,3.1543,4.0295,4.5653,
4/30/2009,,3.1419,4.0271,4.5689,
5/1/2009,,3.1972,4.0892,4.6758,
5/4/2009,,3.25,4.151,4.6954,
5/5/2009,,3.3653,4.275,4.8145,
5/6/2009,,3.3529,4.2654,4.7821,
5/7/2009,,3.5503,4.4379,4.9028,
5/8/2009,,3.5535,4.4571,4.9667,
5/11/2009,,3.5065,4.4221,4.9218,
5/12/2009,,3.4746,4.4121,4.9299,
5/13/2009,,3.497,4.447,4.924,
5/14/2009,,3.4353,4.387,4.8758,
5/15/2009,,3.4415,4.3922,4.8668,
5/18/2009,,3.4296,4.3751,4.8558,
5/19/2009,2.9477,3.5753,4.5479,4.9891,
5/20/2009,3.1022,3.6728,4.6593,5.0665,
5/21/2009,3.0333,3.6675,4.6609,5.1077,
5/22/2009,3.0446,3.706,4.7396,5.2068,
5/25/2009,3.0568,3.6757,4.7575,5.2678,
5/26/2009,3.0197,3.6022,4.687,5.2183,
5/27/2009,3.1171,3.6369,4.7782,5.3813,
5/28/2009,3.0535,3.629,4.7725,5.3606,
5/29/2009,3.0395,3.5034,4.675,5.2788,
6/1/2009,3.0284,3.5971,4.7659,5.3592,
6/2/2009,3.0389,3.694,4.8823,5.4867,
6/3/2009,3.1902,3.6896,4.8833,5.4859,
6/4/2009,3.0703,3.6132,4.8115,5.4249,
6/5/2009,3.1187,3.7286,4.9485,5.588,
6/9/2009,3.1446,3.9112,5.0926,5.5571,
6/10/2009,3.2221,3.9334,5.1129,5.5956,
6/11/2009,3.1801,4.0554,5.2144,5.6191,
6/12/2009,3.1729,3.9525,5.1325,5.5493,
6/15/2009,3.2072,3.8409,5.0426,5.5026,
6/16/2009,3.1527,3.7563,4.972,5.4381,
6/17/2009,3.2057,3.7937,5.01,5.4796,
6/18/2009,3.1256,3.8816,5.108,5.5831,
6/19/2009,3.1907,4.1183,5.3831,5.8601,
6/22/2009,3.229,4.0939,5.3171,5.7151,
6/23/2009,3.2686,3.9738,5.1896,5.5801,
6/24/2009,3.3336,4.0329,5.2408,5.6168,
6/25/2009,3.2463,4.1626,5.3804,5.6905,
6/26/2009,3.2959,4.1054,5.3121,5.6034,
6/29/2009,3.2449,3.9799,5.1812,5.4838,
6/30/2009,3.2262,4.0114,5.2187,5.5224,
7/1/2009,3.2817,3.9536,5.1758,5.5038,
7/2/2009,3.1793,3.8535,5.0875,5.4151,
7/3/2009,3.1305,3.8082,5.0483,5.4294,
7/6/2009,3.1316,3.8068,5.0634,5.4487,
7/7/2009,3.138,3.8332,5.1016,5.4638,
7/8/2009,3.2405,3.7111,4.9192,5.3074,
7/9/2009,3.1145,3.6668,4.8533,5.2166,
7/10/2009,3.0837,3.6917,4.8908,5.2825,
7/13/2009,3.0947,3.6521,4.85,5.2237,
7/14/2009,3.1043,3.7943,4.9858,5.2914,
7/15/2009,3.2312,3.9408,5.1396,5.4465,
7/16/2009,3.2342,3.9764,5.17,5.4829,
7/17/2009,3.1727,3.9107,5.1046,5.4508,
7/20/2009,3.1471,4.0388,5.2525,5.6208,
7/21/2009,3.145,4.0132,5.2258,5.5196,
7/22/2009,3.2438,4.152,5.3458,5.5654,
7/23/2009,3.1831,4.1501,5.3463,5.5829,
7/24/2009,3.2029,4.1947,5.4166,5.6971,
7/27/2009,3.1665,4.2297,5.4717,5.7163,
7/28/2009,3.1865,4.3123,5.5662,5.7429,
7/29/2009,3.2811,4.2469,5.4541,5.6021,
7/30/2009,3.1867,4.2916,5.48,5.6392,
7/31/2009,3.2086,4.2557,5.4192,5.6046,
8/4/2009,3.1513,4.3653,5.5142,5.6379,
8/5/2009,3.2131,4.405,5.5092,5.6246,
8/6/2009,3.2024,4.4886,5.5725,5.6776,
8/7/2009,3.2335,4.4678,5.525,5.6549,
8/10/2009,3.2188,4.6082,5.5945,5.7281,
8/11/2009,3.2571,4.6222,5.5675,5.7258,
8/12/2009,3.2954,4.4728,5.3933,5.563,
8/13/2009,3.2024,4.5232,5.4716,5.7041,
8/14/2009,3.2008,4.5532,5.4542,5.6217,
8/17/2009,3.2101,4.4401,5.2865,5.465,
8/18/2009,3.1557,4.405,5.2869,5.507,
8/19/2009,3.2268,4.3325,5.215,5.4422,
8/20/2009,3.1654,4.4137,5.279,5.4785,
8/21/2009,3.1773,4.3733,5.2355,5.435,
8/24/2009,3.1578,4.5433,5.381,5.556,
8/25/2009,3.2086,4.452,5.265,5.3994,
8/26/2009,3.2405,4.3958,5.2324,5.368,
8/27/2009,3.1885,4.3004,5.1535,5.2985,
8/28/2009,3.1633,4.575,5.3555,5.4175,
8/31/2009,3.2493,4.5567,5.2935,5.4155,
9/1/2009,3.288,4.425,5.2055,5.347,
9/2/2009,3.3549,4.4675,5.228,5.3865,
9/3/2009,3.1607,4.4376,5.182,5.3706,
9/4/2009,3.1492,4.48,5.2269,5.4331,
9/7/2009,3.1839,4.5573,5.2995,5.4935,
9/8/2009,3.2218,4.4745,5.2245,5.4286,
9/9/2009,3.2543,4.3711,5.1616,5.3813,
9/10/2009,3.2024,4.2525,5.1237,5.4075,
9/11/2009,3.1867,4.1917,5.0379,5.2734,
9/14/2009,3.1232,4.1607,5.0179,5.26,
9/15/2009,3.1542,4.1114,4.988,5.25,
9/16/2009,3.2271,4.1422,5.0259,5.2579,
9/17/2009,3.0384,4.2369,5.1121,5.3267,
9/18/2009,3.0498,4.2023,5.0716,5.2812,
9/21/2009,3.0667,4.2186,5.1051,5.3188,
9/22/2009,2.9734,4.2089,5.1096,5.3237,
9/23/2009,3.0624,4.2282,5.1416,5.3604,
9/24/2009,2.969,4.2027,5.111,5.298,
9/25/2009,2.9466,4.154,5.0262,5.2342,
9/28/2009,2.973,4.1567,4.9858,5.1425,
9/29/2009,3.0225,4.2999,5.0885,5.2058,
9/30/2009,3.1239,4.4092,5.205,5.3596,
10/1/2009,3.0586,4.3742,5.1585,5.283,
10/2/2009,3.0595,4.2051,4.9776,5.1047,
10/6/2009,3.0301,4.3857,5.1129,5.1771,
10/7/2009,3.1297,4.4117,5.118,5.1708,
10/8/2009,3.0723,4.5411,5.258,5.2471,
10/9/2009,3.0854,4.5197,5.2013,5.2217,
10/12/2009,3.0746,4.6151,5.2984,5.3558,
10/13/2009,3.0921,4.5674,5.245,5.3254,
10/14/2009,3.1511,4.6025,5.2843,5.3671,
10/15/2009,3.0979,4.7759,5.49,5.5692,
10/16/2009,3.1124,4.8144,5.4812,5.5775,
10/19/2009,3.1068,4.8221,5.4829,5.5892,
10/20/2009,3.1002,4.855,5.4913,5.568,
10/21/2009,3.1596,4.8164,5.4451,5.5637,
10/22/2009,3.1022,4.8928,5.5221,5.6354,
10/23/2009,3.5781,4.92,5.5617,5.7013,
10/26/2009,3.5983,4.9311,5.5717,5.695,
10/27/2009,4.4956,4.8886,5.5214,5.6662,
10/28/2009,4.5747,4.8643,5.4988,5.6258,
10/29/2009,3.4246,4.7086,5.3167,5.515,
10/30/2009,3.4616,4.689,5.3087,5.5425,
11/2/2009,3.4237,4.6808,5.2954,5.5206,
11/3/2009,3.4733,4.5428,5.1821,5.4505,
11/4/2009,,4.5561,5.2179,5.5271,
11/5/2009,3.4431,4.606,5.271,5.563,
11/6/2009,3.4679,4.6714,5.3533,5.6167,
11/9/2009,3.4981,4.6857,5.3771,5.6546,
11/10/2009,3.4906,4.676,5.368,5.6355,
11/11/2009,3.5721,4.6539,5.3433,5.5925,
11/12/2009,3.4436,4.7019,5.3793,5.5721,
11/13/2009,3.5171,4.6654,5.3383,5.5558,
11/16/2009,3.4989,4.637,5.311,5.5683,
11/17/2009,3.5119,4.5344,5.1958,5.4521,
11/18/2009,3.6139,4.5671,5.2204,5.4712,
11/19/2009,3.5454,4.5006,5.146,5.4104,
11/20/2009,3.5349,4.4435,5.0959,5.3934,
11/23/2009,3.5416,4.4538,5.0986,5.3616,
11/24/2009,3.5396,4.4443,5.0888,5.3504,
11/25/2009,3.5928,4.481,5.1179,5.3958,
11/26/2009,3.5404,4.4093,5.0408,5.2929,
11/27/2009,3.5054,4.3014,4.935,5.2112,
11/30/2009,3.4281,4.3182,4.9592,5.24,
12/1/2009,3.4954,4.2464,4.8645,5.205,
12/2/2009,3.6294,4.2867,4.9621,5.3238,
12/3/2009,3.5682,4.3311,5.0142,5.3471,
12/4/2009,3.5711,4.3579,5.0396,5.3755,
12/7/2009,3.6027,4.4659,5.1467,5.4645,
12/8/2009,3.6014,4.4522,5.1342,5.4871,
12/9/2009,3.7348,4.3795,5.0695,5.4436,
12/10/2009,3.6748,4.4708,5.146,5.4465,
12/11/2009,3.6556,4.5501,5.202,5.5115,
12/14/2009,3.6977,4.534,5.187,5.5239,
12/15/2009,3.7024,4.4416,5.1495,5.517,
12/16/2009,3.7223,4.3023,5.0154,5.4388,
12/17/2009,3.5855,4.304,5.046,5.479,
12/18/2009,3.5942,4.2371,4.9666,5.3499,
12/21/2009,3.6502,4.289,5.022,5.4,
12/22/2009,3.8291,4.3287,5.0719,5.4975,
12/23/2009,3.6302,4.3566,5.1139,5.5438,
12/24/2009,3.6657,4.3259,5.0936,5.575,
12/29/2009,3.879,4.4909,5.2656,5.7389,
12/30/2009,3.7695,4.452,5.2169,5.6879,
12/31/2009,3.7403,4.4017,5.1651,5.6439,
1/4/2010,3.6839,4.5118,5.2892,5.756,
1/5/2010,3.6876,4.445,5.2255,5.621,
1/6/2010,3.7964,4.4479,5.2365,5.6556,
1/7/2010,3.7375,4.4905,5.2814,5.6455,
1/8/2010,3.7292,4.5013,5.2906,5.6813,
1/11/2010,3.7206,4.5344,5.3159,5.6854,
1/12/2010,3.7693,4.4988,5.2788,5.6328,
1/13/2010,3.8539,4.429,5.1962,5.5219,
1/14/2010,3.7768,4.5493,5.3093,5.598,
1/15/2010,3.8105,4.5026,5.27,5.585,
1/18/2010,3.8052,4.4549,5.2286,5.5182,
1/19/2010,3.8102,4.4374,5.2115,5.4913,
1/20/2010,3.902,4.4414,5.2225,5.5315,
1/21/2010,3.8545,4.4406,5.223,5.5265,
1/22/2010,3.8255,4.3485,5.122,5.4305,
1/25/2010,3.8003,4.3422,5.1104,5.47,
1/27/2010,3.8814,4.325,5.0925,5.4018,
1/28/2010,3.7954,4.3587,5.134,5.463,
1/29/2010,3.8293,4.2074,4.9931,5.379,
2/1/2010,3.7607,4.1892,4.983,5.3796,
2/2/2010,3.8061,4.0402,4.9025,5.4374,
2/3/2010,3.7584,4.0826,4.9594,5.448,
2/4/2010,3.6778,4.136,5.0014,5.4472,
2/5/2010,3.6644,4.0825,4.9284,5.3904,
2/8/2010,3.6344,4.0808,4.9015,5.4081,
2/9/2010,3.6546,4.1076,4.9198,5.3798,
2/10/2010,3.774,4.1726,4.9969,5.4501,
2/11/2010,3.7023,4.2334,5.1105,5.514,
2/12/2010,3.7308,4.2459,5.1151,5.509,
2/15/2010,3.692,4.1961,5.0663,5.4783,
2/16/2010,3.6917,4.1879,5.0689,5.511,
2/17/2010,3.7753,4.2374,5.1053,5.5128,
2/18/2010,3.7077,4.253,5.1193,5.5422,
2/19/2010,3.7382,4.292,5.1496,5.5655,
2/22/2010,3.7648,4.313,5.1671,5.5877,
2/23/2010,3.7656,4.3,5.1574,5.5879,
2/24/2010,3.89,4.6034,5.1959,5.5444,
2/25/2010,3.7807,4.5825,5.1588,5.4875,
2/26/2010,3.7592,4.5545,5.1204,5.435,
3/1/2010,3.7643,4.5868,5.1435,5.4384,
3/2/2010,3.7843,4.5908,5.13,5.391,
3/3/2010,3.9477,4.5963,5.1347,5.488,
3/4/2010,3.8545,4.5813,5.1179,5.4593,
3/5/2010,3.836,4.5948,5.1283,5.465,
3/8/2010,3.8618,4.7051,5.2522,5.5637,
3/9/2010,3.8777,4.7293,5.2546,5.5408,
3/10/2010,3.976,4.7762,5.28,5.5426,
3/11/2010,3.9234,4.8726,5.3935,5.6651,
3/12/2010,4.0036,4.8839,5.4021,5.6746,
3/15/2010,4.0004,4.8876,5.4086,5.6715,
3/16/2010,3.9352,4.8584,5.3784,5.6334,
3/17/2010,3.9892,4.8591,5.3825,5.6619,
3/18/2010,3.923,4.8579,5.3829,5.6494,
3/19/2010,3.9115,4.8782,5.4039,5.67,
3/22/2010,3.9141,4.8958,5.4202,5.6825,
3/23/2010,3.8854,4.892,5.4137,5.6626,
3/24/2010,4.0078,4.9434,5.4597,5.6906,
3/25/2010,4.0018,4.985,5.5175,5.7546,
3/26/2010,4.029,4.9483,5.4886,5.7376,
3/29/2010,3.9982,4.977,5.5221,5.7932,
3/30/2010,4.2783,5.0117,5.5471,5.7956,
3/31/2010,4.0784,4.9891,5.5204,5.7805,
4/1/2010,4.0355,4.9458,5.4812,5.7535,
4/6/2010,4.0782,5.0488,5.5856,5.848,
4/7/2010,4.3113,5.0292,5.5686,5.853,
4/8/2010,4.1949,4.9698,5.5076,5.7745,
4/9/2010,4.1965,4.995,5.534,5.813,
4/12/2010,4.1615,4.9962,5.5463,5.8369,
4/13/2010,4.1627,4.9454,5.4976,5.7749,
4/14/2010,4.3352,4.983,5.54,5.8259,
4/15/2010,4.2043,5.0215,5.5825,5.8579,
4/16/2010,4.1892,4.9749,5.5371,5.817,
4/19/2010,4.1107,4.8964,5.4531,5.7495,
4/20/2010,4.119,4.9585,5.5185,5.8085,
4/21/2010,4.287,5.036,5.5926,5.854,
4/22/2010,4.1832,5.0156,5.5695,5.8055,
4/23/2010,4.1973,4.994,5.549,5.7985,
4/27/2010,4.203,4.978,5.535,5.786,
4/28/2010,4.2898,4.9135,5.4755,5.7155,
4/29/2010,4.1691,4.944,5.512,5.7384,
4/30/2010,4.1725,4.9459,5.5171,5.711,
5/3/2010,4.1798,5.0255,5.5971,5.78,
5/4/2010,4.293,4.9844,5.5575,5.7445,
5/5/2010,4.3814,4.911,5.4616,5.657,
5/6/2010,4.2771,4.818,5.3541,5.5399,
5/7/2010,4.2509,4.682,5.2059,5.4665,
5/10/2010,4.2768,4.8389,5.3585,5.5685,
5/11/2010,4.3074,4.7301,5.2695,5.487,
5/12/2010,4.3441,4.7089,5.2466,5.4785,
5/13/2010,4.2142,4.778,5.318,5.538,
5/14/2010,4.2329,4.7305,5.2716,5.507,
5/17/2010,4.2479,4.6221,5.1669,5.4659,
5/18/2010,4.2264,4.634,5.1925,5.5034,
5/19/2010,4.302,4.514,5.0889,5.4351,
5/20/2010,4.208,4.481,5.0605,5.4026,
5/21/2010,4.1885,4.4251,5.0146,5.3916,
5/24/2010,4.2212,4.4265,5.0135,5.3416,
5/25/2010,4.2181,4.301,4.8796,5.2628,
5/26/2010,4.3163,4.3604,4.948,5.3276,
5/27/2010,4.1974,4.4471,5.0349,5.3876,
5/28/2010,4.2403,4.4869,5.075,5.4185,
5/31/2010,4.1903,4.4241,5.0141,5.3725,
6/1/2010,4.2157,4.4036,4.9946,5.3396,
6/2/2010,4.3242,4.3765,4.965,5.3302,
6/3/2010,4.2549,4.4966,5.0809,5.4284,
6/4/2010,4.2861,4.5092,5.0679,5.4202,
6/7/2010,4.2444,4.3909,4.915,5.2867,
6/8/2010,4.2501,4.4388,4.9534,5.3333,
6/9/2010,4.4798,4.4756,4.9375,5.3054,
6/10/2010,4.352,4.55,4.9813,5.3492,
6/11/2010,4.3813,4.5926,5.0341,5.4001,
6/15/2010,4.3482,4.5296,4.9697,5.3588,
6/16/2010,4.4069,4.6342,5.0471,5.4307,
6/17/2010,4.3625,4.5862,4.9967,5.3617,
6/18/2010,4.3151,4.6162,5.0226,5.362,
6/21/2010,4.3579,4.7104,5.1033,5.4387,
6/22/2010,4.3792,4.6537,5.0425,5.3938,
6/23/2010,4.4373,4.5884,4.9487,5.33,
6/24/2010,4.3298,4.6117,4.9359,5.3109,
6/25/2010,4.339,4.5366,4.847,5.2514,
6/28/2010,4.3257,4.5058,4.8117,5.2362,
6/29/2010,4.3275,4.4562,4.7391,5.145,
6/30/2010,4.4123,4.4376,4.6812,5.0945,
7/1/2010,4.3144,4.4214,4.6469,5.083,
7/2/2010,4.332,4.4339,4.668,5.097,
7/5/2010,4.3305,4.4269,4.6625,5.0631,
7/6/2010,4.3325,4.4338,4.6519,5.0413,
7/7/2010,4.4123,4.4273,4.6457,5.0319,
7/8/2010,4.3486,4.545,4.7787,5.1206,
7/9/2010,4.3902,4.53,4.7756,5.1069,
7/12/2010,4.3496,4.5194,4.7643,5.1162,
7/13/2010,4.3444,4.481,4.7296,5.1115,
7/14/2010,4.4285,4.559,4.8061,5.1765,
7/15/2010,4.3347,4.5088,4.7556,5.1025,
7/16/2010,4.3331,4.532,4.7735,5.1191,
7/19/2010,4.3133,4.5185,4.7405,5.115,
7/20/2010,4.3566,4.6376,4.85,5.22,
7/21/2010,4.8063,4.6225,4.8235,5.1775,
7/22/2010,4.6813,4.6215,4.7955,5.142,
7/23/2010,4.6967,4.6821,4.859,5.2035,
7/26/2010,4.7607,4.7119,4.8915,5.2415,
7/27/2010,4.627,4.718,4.9085,5.27,
7/28/2010,4.972,4.6194,4.8149,5.2135,
7/29/2010,4.6764,4.637,4.838,5.2415,
7/30/2010,4.6886,4.5609,4.765,5.1995,
8/3/2010,4.6673,4.5554,4.7605,5.1705,
8/4/2010,4.7509,4.5491,4.7495,5.1355,
8/5/2010,4.6631,4.5735,4.7795,5.142,
8/6/2010,4.671,4.5999,4.8065,5.154,
8/9/2010,4.6359,4.58,4.7735,5.11,
8/10/2010,4.6581,4.5749,4.7695,5.1015,
8/11/2010,4.732,4.5163,4.707,5.046,
8/12/2010,4.5741,4.5012,4.6824,5.0343,
8/13/2010,4.5817,4.53,4.7168,5.0487,
8/16/2010,4.572,4.4832,4.6645,4.9698,
8/17/2010,4.5577,4.472,4.645,4.936,
8/18/2010,4.6828,4.4572,4.6308,4.931,
8/19/2010,4.5132,4.4265,4.5958,4.9199,
8/20/2010,4.4714,4.4092,4.5775,4.9129,
8/23/2010,4.4929,4.4265,4.6009,4.9391,
8/24/2010,4.4836,4.3791,4.5337,4.855,
8/25/2010,4.5272,4.3055,4.4508,4.7821,
8/26/2010,,4.3085,4.4654,4.7858,
8/27/2010,,4.3199,4.4708,4.8067,
8/30/2010,4.4333,4.3387,4.4917,4.8353,
8/31/2010,4.3641,4.2358,4.3854,4.7628,
9/1/2010,4.446,4.3208,4.4663,4.8032,
9/2/2010,4.4599,4.3379,4.4837,4.8157,
9/3/2010,4.4601,4.3672,4.5129,4.8406,
9/6/2010,4.5263,4.4685,4.6225,4.9215,
9/7/2010,4.544,4.4575,4.595,4.8668,
9/8/2010,4.6277,4.4356,4.575,4.885,
9/9/2010,4.5409,4.5372,4.6847,4.9301,
9/10/2010,4.6633,4.5678,4.7278,4.9769,
9/13/2010,4.6846,4.643,4.8184,5.0669,
9/14/2010,4.7074,4.647,4.7991,5.0366,
9/15/2010,4.8148,4.6793,4.8294,5.0585,
9/16/2010,4.7564,4.6544,4.8075,5.0436,
9/17/2010,4.853,4.7276,4.8843,5.1146,
9/20/2010,4.7778,4.793,4.9396,5.14,
9/21/2010,4.9115,4.8214,4.9636,5.1404,
9/22/2010,4.899,4.8376,4.9529,5.1004,
9/23/2010,4.8729,4.8312,4.9482,5.1056,
9/24/2010,4.982,4.8082,4.9196,5.0508,
9/27/2010,4.8321,4.8468,4.995,5.1279,
9/28/2010,4.8768,4.7972,4.9292,5.062,
9/29/2010,4.8414,4.8359,4.9343,5.0494,
9/30/2010,4.8776,4.7661,4.8513,4.9632,
10/1/2010,5.0327,4.8218,4.9263,5.0674,
10/5/2010,4.8821,4.7136,4.8108,4.9831,
10/6/2010,4.7653,4.7514,4.8754,5.0084,
10/7/2010,4.4127,4.8843,5.0021,5.0541,
10/8/2010,4.5407,4.8197,4.9434,5.0064,
10/11/2010,4.4245,4.8354,4.9357,5.0056,
10/12/2010,4.422,4.7962,4.9,4.9877,
10/13/2010,4.4043,4.7837,4.8932,5.0027,
10/14/2010,4.373,4.7721,4.8886,5.0261,
10/15/2010,4.4541,4.8019,4.9232,5.0791,
10/18/2010,4.3843,4.8063,4.9587,5.1496,
10/19/2010,4.3652,4.8221,4.9795,5.138,
10/20/2010,4.3579,4.7906,4.9383,5.1178,
10/21/2010,4.3648,4.8061,4.9563,5.1216,
10/22/2010,4.7129,4.8347,4.9879,5.145,
10/25/2010,4.6791,4.9272,5.0554,5.1907,
10/26/2010,4.6988,4.9092,5.0341,5.17,
10/27/2010,4.7014,4.7974,4.975,5.1846,
10/28/2010,4.7175,4.8154,4.9735,5.1885,
10/29/2010,4.7817,4.814,4.9692,5.2032,
11/1/2010,4.6691,4.8153,4.995,5.2313,
11/2/2010,4.6434,4.9499,5.0696,5.2544,
11/3/2010,4.7315,4.9325,5.0648,5.2567,
11/4/2010,4.7446,4.9612,5.0873,5.2357,
11/5/2010,5.0452,4.9898,5.1151,5.2491,
11/8/2010,4.9281,5.0259,5.1526,5.2765,
11/9/2010,4.9113,5.0104,5.1419,5.2893,
11/10/2010,4.8363,5.0361,5.1868,5.355,
11/11/2010,4.8842,5.0004,5.161,5.339,
11/12/2010,4.868,4.9607,5.1468,5.3417,
11/15/2010,4.87,4.9617,5.2006,5.4102,
11/16/2010,4.84,4.9293,5.1857,5.4099,
11/17/2010,4.86,4.9289,5.1954,5.4296,
11/18/2010,4.86,4.9746,5.2506,5.4775,
11/19/2010,4.833,4.9772,5.2564,5.4843,
11/22/2010,4.802,5.0164,5.2827,5.499,
11/23/2010,4.718,4.9763,5.2369,5.4294,
11/24/2010,4.605,4.9722,5.2294,5.449,
11/25/2010,4.608,4.9892,5.2752,5.521,
11/26/2010,4.62,4.9325,5.2191,5.4883,
11/29/2010,4.63,4.9141,5.1863,5.4795,
11/30/2010,4.642,4.8099,5.1169,5.4087,
12/1/2010,4.567,4.7594,5.0458,5.3477,
12/2/2010,4.566,4.7637,5.0627,5.3966,
12/3/2010,4.64,4.8137,5.1256,5.467,
12/6/2010,4.686,4.8118,5.078,5.3985,
12/7/2010,4.73,4.7858,5.0785,5.4301,
12/8/2010,4.673,4.8506,5.1827,5.6003,
12/9/2010,4.967,4.9653,5.2747,5.628,
12/10/2010,4.807,4.9531,5.2502,5.5807,
12/13/2010,4.696,5.0211,5.3614,5.6703,
12/14/2010,4.874,4.9815,5.3252,5.6152,
12/15/2010,4.855,4.9673,5.3398,5.6347,
12/16/2010,4.788,4.9923,5.3573,5.6369,
12/17/2010,4.764,4.9768,5.3305,5.5736,
12/20/2010,4.767,4.9408,5.294,5.5101,
12/21/2010,4.774,4.9782,5.3309,5.5668,
12/22/2010,4.793,5.0172,5.3721,5.5924,
12/23/2010,4.817,5.0376,5.42,5.6373,
12/24/2010,4.757,5.2575,5.5028,5.6791,
12/29/2010,4.835,5.2745,5.5216,5.7019,
12/30/2010,4.812,5.198,5.4524,5.6185,
12/31/2010,4.846,5.1653,5.4012,5.5449,
1/4/2011,4.845,5.1507,5.3868,5.5398,
1/5/2011,4.855,5.0617,5.332,5.5258,
1/6/2011,4.839,5.085,5.345,5.5854,
1/7/2011,4.836,5.0789,5.3532,5.6216,
1/10/2011,4.852,5.0051,5.3035,5.5425,
1/11/2011,4.92,4.858,5.1704,5.4429,
1/12/2011,4.863,4.9008,5.227,5.5167,
1/13/2011,4.828,5.0047,5.3148,5.5648,
1/14/2011,4.827,5.0192,5.325,5.514,
1/17/2011,4.853,5.006,5.3215,5.5373,
1/18/2011,4.877,4.9975,5.314,5.5293,
1/19/2011,4.856,5.0627,5.389,5.6273,
1/20/2011,4.84,5.008,5.3352,5.5592,
1/21/2011,4.821,5.0735,5.4078,5.6543,
1/24/2011,4.817,5.0712,5.4037,5.6242,
1/25/2011,4.782,4.9917,5.3302,5.5703,
1/27/2011,4.742,4.9523,5.2902,5.5312,
1/28/2011,4.763,4.875,5.2442,5.499,
1/31/2011,4.834,4.9028,5.2465,5.5142,
2/1/2011,4.745,4.9227,5.2692,5.5293,
2/2/2011,4.82,4.9297,5.2873,5.5452,
2/3/2011,4.815,4.9907,5.3482,5.6065,
2/4/2011,4.924,5.165,5.4757,5.682,
2/7/2011,4.846,5.189,5.5392,5.7327,
2/8/2011,4.844,5.197,5.5493,5.7417,
2/9/2011,4.85,5.207,5.5633,5.7502,
2/10/2011,4.739,5.164,5.5142,5.7118,
2/11/2011,4.721,5.1038,5.471,5.693,
2/14/2011,4.749,5.1255,5.4823,5.7092,
2/15/2011,4.722,5.1153,5.474,5.7042,
2/16/2011,4.601,5.115,5.4757,5.7092,
2/17/2011,4.577,5.106,5.4618,5.6852,
2/18/2011,4.632,5.0765,5.429,5.6398,
2/21/2011,4.624,5.076,5.429,5.6347,
2/22/2011,4.61,5.009,5.3713,5.5918,
2/23/2011,4.436,4.9915,5.3523,5.5627,
2/24/2011,4.341,5.042,5.393,5.5743,
2/25/2011,4.589,5.002,5.3538,5.5357,
2/28/2011,4.664,4.9662,5.3165,5.4942,
3/1/2011,4.689,4.984,5.333,5.5167,
3/2/2011,4.505,4.9453,5.3045,5.4868,
3/3/2011,4.523,4.9703,5.336,5.5268,
3/4/2011,4.663,5.0225,5.386,5.5817,
3/7/2011,4.706,4.967,5.3245,5.5198,
3/8/2011,4.729,4.9775,5.3415,5.5518,
3/9/2011,4.614,4.9763,5.3425,5.565,
3/10/2011,4.567,4.921,5.282,5.4975,
3/11/2011,4.64,4.8993,5.26,5.4843,
3/14/2011,4.617,4.828,5.1945,5.4375,
3/15/2011,4.686,4.723,5.096,5.3927,
3/16/2011,4.403,4.7625,5.1297,5.3975,
3/17/2011,4.507,4.7165,5.0795,5.3542,
3/18/2011,4.624,4.786,5.1385,5.395,
3/21/2011,4.593,4.848,5.1852,5.43,
3/22/2011,4.657,4.8348,5.1655,5.41,
3/23/2011,4.504,4.8535,5.1823,5.4285,
3/24/2011,4.53,4.8273,5.1535,5.4103,
3/25/2011,4.643,4.855,5.1803,5.4352,
3/28/2011,4.665,4.924,5.2445,5.4903,
3/29/2011,4.643,4.9045,5.2245,5.4647,
3/30/2011,4.522,4.9425,5.2715,5.5258,
3/31/2011,4.707,4.9155,5.2428,5.4858,
4/1/2011,4.699,4.948,5.285,5.5373,
4/4/2011,4.695,4.942,5.2752,5.5373,
4/5/2011,4.829,4.892,5.2267,5.5025,
4/6/2011,4.779,4.9225,5.2605,5.5443,
4/7/2011,4.758,5.0075,5.341,5.5975,
4/8/2011,4.806,5.0465,5.3802,5.6442,
4/11/2011,4.799,5.0677,5.4088,5.6693,
4/12/2011,4.781,5.0177,5.357,5.6192,
4/13/2011,4.761,5.04,5.379,5.6252,
4/14/2011,4.789,5.037,5.372,5.6042,
4/15/2011,4.811,5.0245,5.3585,5.5842,
4/18/2011,4.71,5.0145,5.3535,5.5943,
4/19/2011,4.73,4.9115,5.249,5.4917,
4/20/2011,4.77,4.951,5.2873,5.5175,
4/21/2011,4.73,4.9627,5.2985,5.5075,
4/27/2011,4.761,4.976,5.2845,5.455,
4/28/2011,4.733,4.9732,5.272,5.4468,
4/29/2011,4.9,4.959,5.247,5.4317,
5/2/2011,4.887,4.9815,5.2595,5.4418,
5/3/2011,4.836,4.9435,5.2205,5.4022,
5/4/2011,4.839,4.97,5.234,5.3993,
5/5/2011,4.791,4.9315,5.1885,5.3742,
5/6/2011,4.873,5.033,5.2735,5.4292,
5/9/2011,4.918,5.063,5.2933,5.4208,
5/10/2011,4.902,5.016,5.248,5.391,
5/11/2011,4.897,5.0503,5.2902,5.419,
5/12/2011,4.851,4.9602,5.1915,5.3575,
5/13/2011,4.835,4.9605,5.1927,5.3675,
5/16/2011,4.812,4.939,5.163,5.3325,
5/17/2011,4.845,4.971,5.1965,5.3875,
5/18/2011,4.828,4.9205,5.1405,5.3443,
5/19/2011,4.814,4.9363,5.1585,5.344,
5/20/2011,4.814,4.9297,5.1455,5.3168,
5/23/2011,4.807,4.8455,5.0642,5.2667,
5/24/2011,4.772,4.852,5.07,5.2842,
5/25/2011,4.798,4.836,5.0547,5.2593,
5/26/2011,4.785,4.886,5.098,5.2842,
5/27/2011,4.808,4.8542,5.057,5.2302,
5/30/2011,4.78,4.8005,5.0002,5.1943,
5/31/2011,4.771,4.7965,4.9948,5.2098,
6/1/2011,4.815,4.8927,5.0912,5.285,
6/2/2011,4.854,4.8585,5.0475,5.2368,
6/3/2011,4.854,4.87,5.054,5.2343,
6/6/2011,4.853,4.8825,5.05,5.214,
6/7/2011,4.791,4.839,5.0215,5.2242,
6/8/2011,4.792,4.8565,5.041,5.2575,
6/9/2011,4.808,4.789,4.9697,5.2017,
6/10/2011,4.754,4.7605,4.9418,5.1775,
6/14/2011,4.788,4.7735,4.9488,5.1943,
6/15/2011,4.746,4.8225,4.97,5.2168,
6/16/2011,4.753,4.6813,4.807,5.085,
6/17/2011,4.739,4.7017,4.8152,5.1227,
6/20/2011,4.736,4.6648,4.7708,5.0708,
6/21/2011,4.728,4.6655,4.765,5.094,
6/22/2011,4.724,4.701,4.801,5.1225,
6/23/2011,4.682,4.6735,4.7688,5.1052,
6/24/2011,4.701,4.6592,4.744,5.0842,
6/27/2011,4.736,4.531,4.6185,4.9992,
6/28/2011,4.753,4.585,4.6725,5.0648,
6/29/2011,4.765,4.697,4.805,5.1875,
6/30/2011,4.761,4.7372,4.8675,5.2075,
7/1/2011,4.758,4.8125,4.9583,5.2793,
7/4/2011,4.746,4.755,4.9045,5.223,
7/5/2011,4.696,4.7015,4.8663,5.2242,
7/6/2011,4.697,4.6975,4.8657,5.212,
7/7/2011,4.766,4.6885,4.8618,5.2005,
7/8/2011,4.652,4.7025,4.8882,5.234,
7/11/2011,4.666,4.5662,4.7417,5.103,
7/12/2011,4.685,4.4165,4.57,4.9418,
7/13/2011,4.663,4.4468,4.6038,4.9633,
7/14/2011,4.717,4.4092,4.5738,4.9198,
7/15/2011,4.645,4.3335,4.5052,4.9105,
7/18/2011,4.655,4.2785,4.4575,4.8958,
7/19/2011,4.653,4.2915,4.4665,4.8917,
7/20/2011,4.696,4.3657,4.5413,4.9625,
7/21/2011,4.683,4.3735,4.5443,4.9575,
7/22/2011,4.615,4.4183,4.5837,4.9717,
7/25/2011,4.623,4.3397,4.5052,4.9167,
7/26/2011,4.66,4.3715,4.5293,4.9367,
7/27/2011,4.71,4.4965,4.6242,4.9752,
7/28/2011,4.701,4.4967,4.6015,4.9018,
7/29/2011,4.692,4.3958,4.4752,4.8028,
8/2/2011,4.581,4.2895,4.3352,4.7352,
8/3/2011,4.612,4.0903,4.1462,4.6343,
8/4/2011,4.31,4.197,4.2587,4.7292,
8/5/2011,4.27,3.6548,3.8415,4.4745,
8/8/2011,3.943,3.7505,4.0223,4.6175,
8/9/2011,3.982,3.6797,4.009,4.5782,
8/10/2011,3.868,3.7827,4.0672,4.5868,
8/11/2011,3.916,3.6528,3.9343,4.4565,
8/12/2011,3.984,3.6453,3.9235,4.4317,
8/15/2011,4.129,3.7685,4.0472,4.5503,
8/16/2011,4.128,3.7395,3.985,4.505,
8/17/2011,4.066,3.7452,3.957,4.491,
8/18/2011,3.978,3.6358,3.838,4.361,
8/19/2011,4.01,3.5395,3.7127,4.2298,
8/22/2011,4.056,3.5765,3.7445,4.2725,
8/23/2011,4.128,3.7215,3.8985,4.393,
8/24/2011,4.065,3.6548,3.8375,4.3615,
8/25/2011,4.024,3.7435,3.949,4.4315,
8/26/2011,4.192,3.768,3.945,4.395,
8/29/2011,4.266,3.8043,3.982,4.4158,
8/30/2011,4.218,3.7843,3.9595,4.4185,
8/31/2011,4.12,3.7492,3.924,4.3725,
9/1/2011,4.422,3.8307,4.0065,4.4257,
9/2/2011,4.286,3.7852,3.965,4.4103,
9/5/2011,4.273,3.6395,3.8045,4.2413,
9/6/2011,4.3,3.617,3.7703,4.2112,
9/7/2011,4.422,3.7627,3.9093,4.3313,
9/8/2011,4.343,3.6483,3.8063,4.2565,
9/9/2011,4.305,3.684,3.8377,4.2663,
9/12/2011,4.28,3.506,3.6475,4.1115,
9/13/2011,4.265,3.5292,3.6718,4.1262,
9/14/2011,4.187,3.4427,3.5905,4.0893,
9/15/2011,4.359,3.51,3.68,4.152,
9/16/2011,4.318,3.6253,3.8428,4.2432,
9/19/2011,4.269,3.5148,3.7302,4.1535,
9/20/2011,4.358,3.522,3.7322,4.1502,
9/21/2011,4.351,3.584,3.7892,4.204,
9/22/2011,4.278,3.4908,3.6718,4.085,
9/23/2011,4.388,3.509,3.605,4.0148,
9/26/2011,4.407,3.4827,3.5835,4.0138,
9/27/2011,4.437,3.6393,3.7578,4.1997,
9/28/2011,4.385,3.6972,3.8263,4.289,
9/29/2011,4.421,3.6835,3.8077,4.2632,
9/30/2011,4.356,3.6667,3.7865,4.2197,
10/4/2011,4.14,3.4618,3.5705,3.9995,
10/5/2011,4.173,3.4983,3.6137,4.0705,
10/6/2011,4.229,3.59,3.7023,4.167,
10/7/2011,3.738,3.6607,3.7715,4.2415,
10/10/2011,3.94,3.7257,3.84,4.2977,
10/11/2011,3.927,3.7822,3.892,4.3325,
10/12/2011,3.977,3.7517,3.863,4.31,
10/13/2011,4.539,3.9262,4.0353,4.4585,
10/14/2011,4.608,3.8668,3.976,4.435,
10/17/2011,4.51,3.9887,4.0967,4.5778,
10/18/2011,4.56,3.8907,3.9983,4.4678,
10/19/2011,4.56,3.9042,4.0097,4.4775,
10/20/2011,4.6,3.8872,3.9667,4.4317,
10/21/2011,4.57,3.9537,4.0245,4.4915,
10/24/2011,4.589,4.0037,4.0617,4.5017,
10/25/2011,4.488,4.0215,4.079,4.512,
10/26/2011,4.462,3.8368,3.8918,4.375,
10/27/2011,4.584,3.9808,4.0293,4.4942,
10/28/2011,4.487,4.0452,4.0982,4.5448,
10/31/2011,4.387,3.9897,4.0433,4.5093,
11/1/2011,4.364,3.9132,3.9242,4.4043,
11/2/2011,4.436,3.824,3.8047,4.2505,
11/3/2011,4.498,3.7892,3.76,4.2222,
11/4/2011,4.351,3.8758,3.854,4.3137,
11/7/2011,4.386,3.8265,3.794,4.2743,
11/8/2011,4.405,3.7613,3.7275,4.214,
11/9/2011,4.288,3.7595,3.7362,4.2235,
11/10/2011,4.236,3.566,3.5577,4.0837,
11/11/2011,4.297,3.5885,3.6195,4.1355,
11/14/2011,4.1821,3.6455,3.6923,4.212,
11/15/2011,4.181,3.506,3.5608,4.082,
11/16/2011,4.1402,3.3845,3.4727,4.0062,
11/17/2011,4.253,3.399,3.4913,4.0703,
11/18/2011,4.1084,3.299,3.3963,3.9925,
11/21/2011,4.164,3.2865,3.3777,4.0122,
11/22/2011,4.1807,3.2287,3.3103,3.9518,
11/23/2011,4.133,3.1705,3.2513,3.9067,
11/24/2011,4.117,3.168,3.2322,3.8668,
11/25/2011,4.086,3.1298,3.1837,3.8517,
11/28/2011,4.0966,3.163,3.2292,3.8812,
11/29/2011,4.0994,3.2322,3.3015,3.9692,
11/30/2011,4.1311,3.2148,3.3043,3.9315,
12/1/2011,4.0698,3.313,3.4097,4.0065,
12/2/2011,4.0396,3.3098,3.408,4.0008,
12/5/2011,4.1001,3.295,3.393,3.9613,
12/6/2011,4.1106,3.168,3.2698,3.9148,
12/7/2011,4.0688,3.2605,3.3465,3.9532,
12/8/2011,4.0782,3.224,3.307,3.9132,
12/9/2011,3.9387,3.1493,3.228,3.7933,
12/12/2011,4.0091,3.2205,3.2992,3.8837,
12/13/2011,3.9617,3.177,3.244,3.8082,
12/14/2011,3.9617,3.2325,3.293,3.8568,
12/15/2011,3.8974,3.1458,3.1795,3.7273,
12/16/2011,3.972,3.1953,3.227,3.785,
12/19/2011,3.97,3.134,3.154,3.7278,
12/20/2011,4.144,3.1577,3.1693,3.7278,
12/21/2011,4.288,3.254,3.2648,3.7915,
12/22/2011,4.011,3.2578,3.2568,3.7468,
12/23/2011,4.074,3.28,3.2668,3.7365,
12/28/2011,4.216,3.3515,3.345,3.7713,
12/29/2011,4.117,3.3115,3.2892,3.7043,
12/30/2011,4.0117,3.2803,3.2538,3.6685,
1/3/2012,4.0988,3.2885,3.4527,3.8335,
1/4/2012,4.0787,3.276,3.4323,3.7995,
1/5/2012,4.0914,3.2473,3.404,3.7875,
1/6/2012,4.1205,3.22,3.3742,3.7977,
1/9/2012,4.0922,3.165,3.319,3.7427,
1/10/2012,4.1323,3.2048,3.36,3.7875,
1/11/2012,4.1222,3.2145,3.374,3.7827,
1/12/2012,4.1304,3.198,3.355,3.7478,
1/13/2012,4.1028,3.3117,3.4702,3.8428,
1/16/2012,4.0778,3.1435,3.2957,3.668,
1/17/2012,4.1309,3.256,3.4037,3.788,
1/18/2012,4.1236,3.2335,3.3777,3.759,
1/19/2012,4.1169,3.2015,3.3472,3.744,
1/20/2012,4.1183,3.2705,3.4118,3.824,
1/23/2012,4.1257,3.2975,3.4397,3.864,
1/24/2012,4.1361,3.284,3.4358,3.8877,
1/25/2012,4.1723,3.408,3.5587,3.9903,
1/27/2012,4.1408,3.2805,3.4227,3.814,
1/30/2012,4.0974,3.2125,3.3482,3.7435,
1/31/2012,4.0568,3.1737,3.3082,3.7178,
2/1/2012,4.0579,3.1445,3.2752,3.6765,
2/2/2012,4.0347,3.2175,3.3433,3.717,
2/3/2012,3.9005,3.2185,3.3377,3.714,
2/6/2012,3.9697,3.342,3.4683,3.836,
2/7/2012,4.0785,3.4927,3.5903,3.931,
2/8/2012,4.0884,3.5352,3.6337,3.9805,
2/9/2012,4.1334,3.6125,3.7073,4.0515,
2/10/2012,4.031,3.535,3.6253,3.9985,
2/13/2012,4.1201,3.5565,3.6453,4.026,
2/14/2012,4.0706,3.528,3.615,3.9927,
2/15/2012,4.1054,3.594,3.6667,4.0252,
2/16/2012,4.1122,3.534,3.5915,3.9265,
2/17/2012,4.175,3.643,3.7,4.049,
2/20/2012,4.1621,3.7192,3.777,4.1235,
2/21/2012,4.1513,3.6867,3.7495,4.094,
2/22/2012,4.1497,3.6927,3.7595,4.094,
2/23/2012,4.1457,3.6545,3.719,4.039,
2/24/2012,4.1594,3.7132,3.775,4.0935,
2/27/2012,4.1285,3.673,3.7335,4.0335,
2/28/2012,4.1604,3.628,3.672,3.9753,
2/29/2012,4.1516,3.62,3.6765,3.9715,
3/1/2012,4.1977,3.7105,3.7625,4.039,
3/2/2012,4.2203,3.768,3.8347,4.1153,
3/5/2012,4.172,3.7065,3.7735,4.0353,
3/6/2012,4.2048,3.639,3.7078,4.007,
3/7/2012,4.1674,3.5515,3.6255,3.959,
3/8/2012,4.1784,3.5625,3.6285,3.9485,
3/9/2012,4.215,3.6265,3.687,4.0115,
3/12/2012,4.1586,3.5552,3.612,3.916,
3/13/2012,4.1745,3.565,3.622,3.9248,
3/14/2012,4.1798,3.655,3.715,4.064,
3/15/2012,4.1786,3.8095,3.8898,4.256,
3/16/2012,4.1979,3.794,3.872,4.2335,
3/19/2012,4.1714,3.8022,3.8847,4.2635,
3/20/2012,4.1584,3.769,3.8565,4.266,
3/21/2012,4.1688,3.7582,3.853,4.2815,
3/22/2012,4.1506,3.706,3.7965,4.2165,
3/23/2012,4.1407,3.6793,3.767,4.1835,
3/26/2012,4.2025,3.6778,3.7655,4.1785,
3/27/2012,4.1578,3.6878,3.7745,4.1715,
3/28/2012,4.1406,3.6028,3.689,4.0877,
3/29/2012,4.0832,3.508,3.5972,3.999,
3/30/2012,4.0572,3.4692,3.563,3.9822,
4/2/2012,4.0648,3.516,3.609,4.1277,
4/3/2012,4.0611,3.441,3.5312,4.0578,
4/4/2012,4.1053,3.4475,3.536,4.0802,
4/5/2012,4.1031,3.4385,3.5257,4.0602,
4/10/2012,4.0384,3.277,3.3582,3.8877,
4/11/2012,3.9619,3.2605,3.3407,3.8883,
4/12/2012,4.0228,3.3475,3.4177,3.9053,
4/13/2012,3.9965,3.2645,3.338,3.8307,
4/16/2012,3.9622,3.208,3.2855,3.8038,
4/17/2012,3.9496,3.1978,3.2752,3.8028,
4/18/2012,3.9537,3.2617,3.341,3.8658,
4/19/2012,3.9332,3.2408,3.3203,3.8222,
4/20/2012,3.9201,3.2422,3.3187,3.8358,
4/23/2012,3.94,3.1727,3.2535,3.7627,
4/24/2012,3.8112,3.0552,3.1445,3.6727,
4/26/2012,3.8388,3.0935,3.189,3.7308,
4/27/2012,3.7732,3.007,3.0995,3.6518,
4/30/2012,3.8037,3.0062,3.118,3.6742,
5/1/2012,3.6169,2.8122,2.9415,3.5405,
5/2/2012,3.6507,2.9132,3.0487,3.6415,
5/3/2012,3.6323,2.862,2.9878,3.5715,
5/4/2012,3.6134,2.858,2.9785,3.5603,
5/7/2012,3.5844,2.702,2.8182,3.4058,
5/8/2012,3.5899,2.744,2.8528,3.4158,
5/9/2012,3.5361,2.6885,2.7915,3.3658,
5/10/2012,3.5797,2.733,2.8233,3.3458,
5/11/2012,3.5178,2.6915,2.764,3.2875,
5/14/2012,3.4324,2.662,2.7308,3.283,
5/15/2012,3.4551,2.657,2.7153,3.258,
5/16/2012,3.4215,2.6195,2.6793,3.2275,
5/17/2012,3.4137,2.6688,2.7273,3.262,
5/18/2012,3.204,2.4488,2.5027,3.0815,
5/21/2012,3.2093,2.4875,2.5565,3.1525,
5/22/2012,3.2265,2.529,2.6098,3.213,
5/23/2012,3.2394,2.4358,2.5365,3.1635,
5/24/2012,3.231,2.416,2.514,3.135,
5/25/2012,3.2152,2.447,2.5443,3.166,
5/28/2012,3.1956,2.4992,2.5905,3.1815,
5/29/2012,3.1347,2.4437,2.53,3.137,
5/30/2012,3.0632,2.3558,2.4355,3.0605,
5/31/2012,3.0339,2.2155,2.287,2.9213,
6/1/2012,3.0048,2.131,2.195,2.841,
6/4/2012,2.9559,2.054,2.11,2.7703,
6/5/2012,3.1372,2.28,2.308,2.9395,
6/6/2012,3.1249,2.3715,2.3837,3.0015,
6/7/2012,3.2265,2.483,2.4913,3.0763,
6/8/2012,3.2151,2.414,2.4313,3.036,
6/12/2012,3.2223,2.3935,2.3985,2.9813,
6/13/2012,3.2645,2.4767,2.481,3.0568,
6/14/2012,3.1733,2.3725,2.3758,2.9253,
6/15/2012,3.1583,2.3983,2.4162,2.989,
6/18/2012,3.2556,2.4925,2.5162,3.079,
6/19/2012,3.2663,2.3923,2.4193,2.9797,
6/20/2012,3.3082,2.5457,2.5633,3.1277,
6/21/2012,3.2911,2.5938,2.6068,3.1375,
6/22/2012,3.277,2.4878,2.5048,3.0515,
6/25/2012,3.2991,2.4465,2.4667,3.0065,
6/26/2012,3.3244,2.4048,2.4213,2.9323,
6/27/2012,3.3556,2.4272,2.4532,2.9735,
6/28/2012,3.3666,2.4045,2.4402,2.9735,
6/29/2012,3.4345,2.4605,2.5043,3.0378,
7/2/2012,3.4278,2.5303,2.6567,3.1835,
7/3/2012,3.489,2.5427,2.6572,3.158,
7/4/2012,3.4974,2.6,2.712,3.203,
7/5/2012,3.4679,2.506,2.6068,3.088,
7/6/2012,3.3363,2.5127,2.5977,3.093,
7/9/2012,3.3104,2.3905,2.4732,3.001,
7/10/2012,3.3082,2.3877,2.4653,2.9935,
7/11/2012,3.3061,2.4083,2.4743,2.9932,
7/12/2012,3.2933,2.279,2.3398,2.8832,
7/13/2012,3.2917,2.2865,2.3477,2.8893,
7/16/2012,3.3096,2.319,2.3823,2.9142,
7/17/2012,3.3148,2.3412,2.4002,2.9288,
7/18/2012,3.3258,2.343,2.397,2.929,
7/19/2012,3.3332,2.4125,2.4167,2.9372,
7/20/2012,3.3133,2.4,2.4048,2.9262,
7/23/2012,3.24,2.277,2.2715,2.8015,
7/24/2012,3.2449,2.3225,2.3077,2.831,
7/25/2012,3.262,2.3035,2.2755,2.796,
7/26/2012,3.2184,2.4023,2.3442,2.834,
7/27/2012,3.2838,2.5935,2.5503,3.0133,
7/30/2012,3.296,2.711,2.675,3.124,
7/31/2012,3.2718,2.7005,2.6532,3.1052,
8/1/2012,3.2842,2.7392,2.6843,3.119,
8/2/2012,3.3188,2.775,2.7267,3.1518,
8/3/2012,3.2913,2.7345,2.6843,3.1155,
8/7/2012,3.3946,2.9018,2.8668,3.259,
8/8/2012,3.3608,2.9072,2.8935,3.3203,
8/9/2012,3.3896,2.9423,2.9262,3.3293,
8/10/2012,3.3744,2.8265,2.8087,3.2487,
8/13/2012,3.3791,2.8303,2.8108,3.2633,
8/14/2012,3.4141,2.8765,2.8568,3.304,
8/15/2012,3.4194,2.9265,2.9177,3.3615,
8/16/2012,3.4336,2.9727,2.9903,3.4785,
8/17/2012,3.4143,2.9637,2.9802,3.464,
8/20/2012,3.4246,2.9502,2.9602,3.4505,
8/21/2012,3.4351,2.9708,2.9732,3.45,
8/22/2012,3.4032,2.8902,2.8853,3.38,
8/23/2012,3.3488,2.8033,2.7817,3.29,
8/24/2012,3.3995,2.7873,2.7592,3.2385,
8/27/2012,3.4081,2.7678,2.7292,3.1985,
8/28/2012,3.404,2.7692,2.7192,3.1935,
8/29/2012,3.4051,2.7643,2.7078,3.1897,
8/30/2012,3.4115,2.6925,2.6228,3.1215,
8/31/2012,3.3482,2.6502,2.5747,3.0915,
9/3/2012,3.3372,2.6093,2.5227,3.066,
9/4/2012,3.3427,2.6212,2.5352,3.0898,
9/5/2012,3.3295,2.5575,2.4753,3.0378,
9/6/2012,3.3503,2.6182,2.5378,3.0977,
9/7/2012,3.3817,2.7213,2.6542,3.2023,
9/10/2012,3.3545,2.6483,2.5742,3.1272,
9/11/2012,3.3626,2.6567,2.5742,3.1185,
9/12/2012,3.377,2.752,2.6748,3.1723,
9/13/2012,3.3774,2.7703,2.7057,3.2225,
9/14/2012,3.3955,2.848,2.7868,3.2792,
9/17/2012,3.4026,2.9375,2.8932,3.425,
9/18/2012,3.3063,2.8065,2.7698,3.326,
9/19/2012,3.2733,2.8228,2.7903,3.3485,
9/20/2012,3.2769,2.6907,2.6727,3.2322,
9/21/2012,3.3228,2.706,2.7622,3.291,
9/24/2012,3.3019,2.6155,2.7092,3.2295,
9/25/2012,3.3038,2.5838,2.6653,3.159,
9/26/2012,3.2845,2.514,2.5807,3.0647,
9/27/2012,3.2839,2.4702,2.5338,3.0245,
9/28/2012,3.2763,2.465,2.5217,2.9857,
10/2/2012,3.1883,2.4032,2.4792,2.9775,
10/3/2012,3.1734,2.3645,2.4362,2.9167,
10/4/2012,3.195,2.4162,2.4957,2.9825,
10/5/2012,3.1247,2.4615,2.5412,3.044,
10/8/2012,3.1089,2.4472,2.5382,3.0773,
10/9/2012,3.1049,2.4372,2.5282,3.0698,
10/10/2012,3.1097,2.4435,2.5422,3.0825,
10/11/2012,3.1145,2.4237,2.5148,3.0315,
10/12/2012,3.106,2.4427,2.5303,3.035,
10/15/2012,3.1018,2.4158,2.5008,3.021,
10/16/2012,3.1142,2.4315,2.5203,3.0257,
10/17/2012,3.1288,2.515,2.6098,3.12,
10/18/2012,3.121,2.5968,2.6923,3.229,
10/19/2012,3.0926,2.563,2.6593,3.1802,
10/22/2012,3.0801,2.519,2.6102,3.144,
10/23/2012,3.0515,2.5638,2.6613,3.1805,
10/24/2012,3.0947,2.6085,2.6995,3.208,
10/25/2012,3.058,2.661,2.7552,3.2538,
10/26/2012,3.0733,2.6205,2.719,3.2397,
10/29/2012,3.0277,2.5845,2.6815,3.1905,
10/30/2012,3.0392,2.5495,2.64,3.1355,
10/31/2012,3.0554,2.5677,2.653,3.1255,
11/1/2012,3.0279,2.5603,2.647,3.1198,
11/2/2012,3.0281,2.6218,2.703,3.176,
11/5/2012,3.022,2.6215,2.699,3.1545,
11/6/2012,3.1282,2.693,2.758,3.1755,
11/7/2012,3.1683,2.6953,2.756,3.1853,
11/8/2012,3.1181,2.6878,2.7155,3.1505,
11/9/2012,3.0922,2.6815,2.6795,3.1052,
11/12/2012,3.0916,2.6615,2.6448,3.074,
11/13/2012,3.0844,2.6388,2.6158,3.055,
11/14/2012,3.0772,2.6615,2.6305,3.0555,
11/15/2012,3.0829,2.6047,2.5725,3.0175,
11/16/2012,3.076,2.6095,2.5812,3.03,
11/19/2012,3.0798,2.6623,2.6393,3.0868,
11/20/2012,3.0813,2.681,2.6888,3.1572,
11/21/2012,3.0782,2.697,2.7153,3.1923,
11/22/2012,3.0677,2.7435,2.7743,3.2452,
11/23/2012,3.0772,2.7775,2.8195,3.295,
11/26/2012,3.0434,2.7603,2.798,3.2613,
11/27/2012,3.0624,2.781,2.816,3.2863,
11/28/2012,3.0592,2.7255,2.7445,3.21,
11/29/2012,3.0475,2.7285,2.7545,3.215,
11/30/2012,3.0239,2.671,2.6967,3.1572,
12/3/2012,3.0249,2.6285,2.6588,3.1432,
12/4/2012,3.0172,2.6495,2.699,3.1783,
12/5/2012,2.9898,2.653,2.7018,3.1775,
12/6/2012,3.012,2.635,2.6832,3.1198,
12/7/2012,2.9404,2.64,2.6813,3.1207,
12/10/2012,2.9401,2.6645,2.7118,3.1483,
12/11/2012,2.9287,2.638,2.6862,3.1267,
12/12/2012,2.9677,2.7078,2.7625,3.2205,
12/13/2012,2.962,2.7418,2.8182,3.3045,
12/14/2012,2.956,2.7903,2.8867,3.3765,
12/17/2012,2.9352,2.7603,2.8498,3.3515,
12/18/2012,2.9399,2.7578,2.8633,3.379,
12/19/2012,2.9517,2.739,2.8645,3.389,
12/20/2012,2.9638,2.714,2.838,3.3555,
12/21/2012,2.9744,2.6872,2.8055,3.3265,
12/24/2012,2.9726,2.7025,2.8177,3.345,
12/27/2012,2.942,2.694,2.8163,3.3525,
12/28/2012,2.9345,2.6715,2.7927,3.3225,
12/31/2012,2.9222,2.6372,2.7538,3.2725,
1/2/2013,2.9478,2.7847,2.9527,3.4035,
1/3/2013,2.9405,2.7418,2.9077,3.3575,
1/4/2013,2.9823,2.8177,2.9848,3.4415,
1/7/2013,2.9397,2.7968,2.9667,3.4297,
1/8/2013,2.9446,2.795,2.9683,3.421,
1/9/2013,2.9393,2.7535,2.9362,3.3995,
1/10/2013,2.9575,2.798,2.9818,3.4435,
1/11/2013,2.9176,2.8187,3.0085,3.4683,
1/14/2013,2.9171,2.7985,2.9915,3.4583,
1/15/2013,2.9123,2.77,2.9657,3.4407,
1/16/2013,2.9182,2.7262,2.9088,3.3565,
1/17/2013,2.9045,2.6645,2.8382,3.2915,
1/18/2013,2.9368,2.7682,2.9513,3.413,
1/21/2013,2.9111,2.7213,2.9105,3.3615,
1/22/2013,2.9316,2.726,2.9155,3.3623,
1/23/2013,2.8981,2.6753,2.8547,3.2935,
1/24/2013,2.8781,2.6358,2.822,3.2765,
1/25/2013,2.8891,2.6667,2.8545,3.3165,
1/29/2013,2.9087,2.8038,3.0217,3.502,
1/30/2013,2.9237,2.8145,3.032,3.504,
1/31/2013,2.8837,2.7627,2.979,3.448,
2/1/2013,2.9192,2.8165,3.0425,3.524,
2/4/2013,2.9187,2.8818,3.1115,3.592,
2/5/2013,2.9211,2.7952,3.024,3.493,
2/6/2013,2.9264,2.783,3.0215,3.524,
2/7/2013,2.9143,2.7495,2.9765,3.4675,
2/8/2013,2.844,2.773,2.9905,3.4745,
2/11/2013,2.8153,2.724,2.9425,3.4453,
2/12/2013,2.8694,2.7315,2.959,3.4545,
2/13/2013,2.9059,2.7875,3.0165,3.5065,
2/14/2013,2.892,2.8537,3.0895,3.5915,
2/15/2013,2.8819,2.8005,3.0398,3.5222,
2/18/2013,2.8948,2.8275,3.0815,3.5615,
2/19/2013,2.8981,2.8295,3.08,3.5815,
2/20/2013,2.9034,2.827,3.0895,3.5865,
2/21/2013,2.8926,2.777,3.0425,3.5373,
2/22/2013,2.9007,2.8052,3.066,3.5365,
2/25/2013,2.9001,2.774,3.0355,3.5052,
2/26/2013,2.8735,2.6595,2.9142,3.3815,
2/27/2013,2.8551,2.629,2.876,3.3363,
2/28/2013,2.8803,2.6705,2.915,3.3477,
3/1/2013,2.8819,2.669,2.9025,3.3375,
3/4/2013,2.8791,2.635,2.8535,3.282,
3/5/2013,2.9279,2.722,2.9285,3.3375,
3/6/2013,2.9276,2.7768,2.9873,3.4045,
3/7/2013,2.9231,2.807,3.021,3.4418,
3/8/2013,2.9071,2.871,3.099,3.547,
3/11/2013,2.9213,2.904,3.1365,3.579,
3/12/2013,2.9445,2.9432,3.1755,3.6165,
3/13/2013,2.9356,2.92,3.148,3.5752,
3/14/2013,2.9596,3.0752,3.3052,3.6835,
3/15/2013,2.9436,3.033,3.2655,3.6305,
3/18/2013,2.9203,2.8905,3.0985,3.4755,
3/19/2013,2.9339,2.962,3.174,3.5503,
3/20/2013,2.9478,2.908,3.1125,3.5127,
3/21/2013,2.9381,2.979,3.1945,3.5833,
3/22/2013,2.9374,2.94,3.1565,3.5557,
3/25/2013,2.9473,3.018,3.234,3.6337,
3/26/2013,2.9472,2.9778,3.1937,3.5787,
3/27/2013,2.9341,2.909,3.125,3.5185,
3/28/2013,2.9243,2.8245,3.0255,3.418,
4/2/2013,2.9438,2.8428,3.039,3.3993,
4/3/2013,2.9408,2.8788,3.075,3.4335,
4/4/2013,2.9465,2.8575,3.0385,3.402,
4/5/2013,2.9433,2.8255,2.9865,3.3128,
4/8/2013,2.9338,2.7915,2.924,3.219,
4/9/2013,2.9368,2.7968,2.9315,3.2418,
4/10/2013,2.9431,2.8275,2.9562,3.285,
4/11/2013,2.9134,2.802,2.9515,3.3175,
4/12/2013,2.9022,2.807,2.9505,3.3045,
4/15/2013,2.8612,2.7305,2.874,3.249,
4/16/2013,2.862,2.724,2.8742,3.256,
4/17/2013,2.8984,2.7505,2.902,3.262,
4/18/2013,2.8561,2.694,2.842,3.194,
4/19/2013,2.8488,2.7002,2.8442,3.204,
4/22/2013,2.8436,2.7202,2.862,3.2175,
4/23/2013,2.8204,2.6515,2.7903,3.1407,
4/24/2013,2.7827,2.608,2.7615,3.1502,
4/26/2013,2.7872,2.608,2.7648,3.1565,
4/29/2013,2.7852,2.5903,2.7403,3.1065,
4/30/2013,2.794,2.577,2.7283,3.0925,
5/1/2013,2.792,2.5717,2.7373,3.0982,
5/2/2013,2.7483,2.514,2.6725,3.0327,
5/3/2013,2.7291,2.5005,2.6697,3.0378,
5/6/2013,2.7471,2.5352,2.7338,3.1202,
5/7/2013,2.6533,2.4475,2.6588,3.0668,
5/8/2013,2.6329,2.45,2.6885,3.1223,
5/9/2013,2.6695,2.506,2.7395,3.155,
5/10/2013,2.6533,2.5745,2.8108,3.2345,
5/13/2013,2.619,2.5298,2.778,3.2452,
5/14/2013,2.6211,2.5152,2.7627,3.2403,
5/15/2013,2.614,2.5278,2.7855,3.272,
5/16/2013,2.5896,2.4918,2.748,3.243,
5/17/2013,2.5604,2.4502,2.689,3.167,
5/20/2013,2.5739,2.477,2.7232,3.2248,
5/21/2013,2.6195,2.5225,2.7627,3.259,
5/22/2013,2.5937,2.5325,2.774,3.2673,
5/23/2013,2.5836,2.5227,2.7925,3.296,
5/24/2013,2.5876,2.5343,2.8022,3.3103,
5/27/2013,2.5728,2.5048,2.771,3.274,
5/28/2013,2.5898,2.5427,2.8115,3.3282,
5/29/2013,2.5616,2.592,2.892,3.4725,
5/30/2013,2.5525,2.5505,2.832,3.397,
5/31/2013,2.565,2.538,2.796,3.358,
6/3/2013,2.5694,2.561,2.8325,3.4197,
6/4/2013,2.5926,2.581,2.8563,3.44,
6/5/2013,2.5927,2.5292,2.8135,3.3877,
6/6/2013,2.5617,2.4597,2.7525,3.34,
6/7/2013,2.5504,2.414,2.681,3.2552,
6/11/2013,2.5859,2.4845,2.7833,3.407,
6/12/2013,2.5652,2.5408,2.836,3.4555,
6/13/2013,2.5623,2.4797,2.7805,3.3905,
6/14/2013,2.5835,2.4787,2.7762,3.362,
6/17/2013,2.5219,2.494,2.8025,3.394,
6/18/2013,2.5193,2.4745,2.7947,3.3937,
6/19/2013,2.513,2.493,2.8163,3.426,
6/20/2013,2.5557,2.619,2.9825,3.6332,
6/21/2013,2.5624,2.6978,3.0887,3.7545,
6/24/2013,2.6093,2.8138,3.301,4.0342,
6/25/2013,2.528,2.692,3.146,3.7992,
6/26/2013,2.5213,2.6615,3.1688,3.8382,
6/27/2013,2.5186,2.5847,3.106,3.8173,
6/28/2013,2.51,2.529,3.0408,3.7595,
7/1/2013,2.5876,2.591,3.1068,3.8207,
7/2/2013,2.5168,2.5577,3.0582,3.7387,
7/3/2013,2.5594,2.5087,3.021,3.7427,
7/4/2013,2.6009,2.5758,3.0828,3.7943,
7/5/2013,2.6174,2.6098,3.1223,3.8198,
7/8/2013,2.604,2.62,3.1667,3.8995,
7/9/2013,2.4548,2.565,3.1198,3.8763,
7/10/2013,2.4957,2.5075,3.069,3.8385,
7/11/2013,2.5233,2.4692,2.9983,3.735,
7/12/2013,2.4388,2.4673,2.9935,3.743,
7/15/2013,2.5025,2.4545,2.979,3.725,
7/16/2013,2.527,2.5295,3.033,3.75,
7/17/2013,2.5132,2.536,3.039,3.7468,
7/18/2013,2.4649,2.4978,2.9805,3.6665,
7/19/2013,2.4553,2.482,2.9757,3.6715,
7/22/2013,2.4362,2.432,2.925,3.6523,
7/23/2013,2.4426,2.4283,2.9255,3.6558,
7/24/2013,2.4711,2.458,2.952,3.6835,
7/25/2013,2.4536,2.4883,3.01,3.7773,
7/26/2013,2.426,2.4802,3.002,3.7773,
7/29/2013,2.4072,2.4177,2.9557,3.7375,
7/30/2013,2.3644,2.3277,2.8995,3.7025,
7/31/2013,2.3683,2.3255,2.9032,3.7245,
8/1/2013,2.357,2.2985,2.8668,3.6672,
8/2/2013,2.3619,2.348,2.9497,3.7933,
8/6/2013,2.3404,2.3052,2.8835,3.7135,
8/7/2013,2.3042,2.2785,2.8495,3.6875,
8/8/2013,2.3485,2.2935,2.8542,3.671,
8/9/2013,2.3526,2.3335,2.891,3.711,
8/12/2013,2.3648,2.3425,2.9,3.6867,
8/13/2013,2.3601,2.3758,2.9453,3.7515,
8/14/2013,2.3531,2.4395,3.0268,3.8523,
8/15/2013,2.3548,2.4648,3.0665,3.8958,
8/16/2013,2.3486,2.501,3.132,3.9718,
8/19/2013,2.3503,2.518,3.1745,4.0195,
8/20/2013,2.3591,2.472,3.1263,3.9755,
8/21/2013,2.3491,2.473,3.1253,3.975,
8/22/2013,2.3366,2.5317,3.2173,4.0785,
8/23/2013,2.3491,2.5145,3.189,4.0493,
8/26/2013,2.346,2.5103,3.173,4.0118,
8/27/2013,2.3248,2.4597,3.112,3.9315,
8/28/2013,2.3342,2.4437,3.092,3.9053,
8/29/2013,2.3439,2.4545,3.105,3.9125,
8/30/2013,2.3279,2.4358,3.0855,3.8958,
9/2/2013,2.3437,2.4895,3.1425,3.9565,
9/3/2013,2.3486,2.5417,3.1995,3.993,
9/4/2013,2.3709,2.5955,3.262,4.0212,
9/5/2013,2.3501,2.6265,3.3005,4.0715,
9/6/2013,2.3542,2.6525,3.341,4.143,
9/9/2013,2.3505,2.6037,3.28,4.0703,
9/10/2013,2.3846,2.6645,3.348,4.126,
9/11/2013,2.3491,2.6502,3.3542,4.168,
9/12/2013,2.2696,2.5538,3.2365,4.04,
9/13/2013,2.3599,2.597,3.2857,4.0873,
9/16/2013,2.324,2.5605,3.215,3.995,
9/17/2013,2.384,2.6045,3.2665,4.0475,
9/18/2013,2.3729,2.6085,3.2815,4.0623,
9/19/2013,2.3726,2.4995,3.1212,3.8842,
9/20/2013,2.3676,2.5315,3.1618,3.941,
9/23/2013,2.3795,2.5505,3.1853,3.9678,
9/24/2013,2.3418,2.508,3.129,3.9035,
9/25/2013,2.3322,2.478,3.097,3.8782,
9/26/2013,2.3703,2.492,3.1035,3.8812,
9/27/2013,2.3235,2.4832,3.0925,3.864,
9/30/2013,2.3163,2.4535,3.045,3.8122,
10/1/2013,2.3382,2.6523,3.3135,3.944,
10/2/2013,2.3229,2.6512,3.3163,3.9437,
10/3/2013,2.375,2.6497,3.3173,3.942,
10/4/2013,2.3738,2.7008,3.3967,4.0332,
10/8/2013,2.3787,2.7267,3.4302,4.0767,
10/9/2013,2.3767,2.7455,3.448,4.0858,
10/10/2013,2.3835,2.8095,3.5233,4.1588,
10/11/2013,2.4065,2.796,3.4987,4.1287,
10/14/2013,2.3772,2.7678,3.473,4.1163,
10/15/2013,2.3603,2.823,3.5655,4.1995,
10/16/2013,2.3468,2.8277,3.581,4.2372,
10/17/2013,2.3274,2.737,3.4773,4.1315,
10/18/2013,2.3581,2.7285,3.4673,4.115,
10/21/2013,2.3576,2.716,3.4495,4.08,
10/22/2013,2.381,2.738,3.4757,4.105,
10/23/2013,2.3948,2.6785,3.3902,3.9862,
10/24/2013,2.3886,2.679,3.3875,3.988,
10/25/2013,2.4071,2.674,3.3735,3.9688,
10/28/2013,2.3881,2.6832,3.3928,4.0078,
10/29/2013,2.3966,2.6467,3.3593,3.9873,
10/30/2013,2.3727,2.6145,3.3303,3.974,
10/31/2013,2.3855,2.677,3.393,4.0237,
11/1/2013,2.4056,2.7178,3.4345,4.0677,
11/4/2013,2.4402,2.7955,3.516,4.1355,
11/5/2013,2.4128,2.7903,3.5073,4.1363,
11/6/2013,2.4106,2.815,3.5582,4.2065,
11/7/2013,2.4156,2.7643,3.5073,4.1568,
11/8/2013,2.4338,2.7422,3.4792,4.1297,
11/11/2013,2.4393,2.7857,3.5477,4.2207,
11/12/2013,2.4425,2.8212,3.5952,4.2915,
11/13/2013,2.451,2.785,3.5615,4.263,
11/14/2013,2.3097,2.7452,3.5073,4.1962,
11/15/2013,2.1741,2.7295,3.494,4.2013,
11/18/2013,2.4795,2.729,3.4943,4.2063,
11/19/2013,2.5141,2.7462,3.5122,4.2207,
11/20/2013,2.4972,2.7643,3.5508,4.2682,
11/21/2013,2.478,2.7855,3.5958,4.3352,
11/22/2013,2.4701,2.7573,3.582,4.322,
11/25/2013,2.4688,2.745,3.5522,4.2787,
11/26/2013,2.4996,2.7118,3.5095,4.2335,
11/27/2013,2.4943,2.6935,3.4802,4.2,
11/28/2013,2.4778,2.7322,3.5325,4.2525,
11/29/2013,2.4534,2.7083,3.501,4.2222,
12/2/2013,2.3987,2.7592,3.5682,4.285,
12/3/2013,2.4898,2.7752,3.5898,4.322,
12/4/2013,2.4815,2.7335,3.558,4.3055,
12/5/2013,2.4611,2.754,3.6075,4.395,
12/6/2013,2.4811,2.771,3.6355,4.4303,
12/9/2013,2.456,2.7275,3.5803,4.3707,
12/10/2013,2.476,2.7335,3.5898,4.3875,
12/11/2013,2.4725,2.6825,3.5352,4.347,
12/12/2013,2.4492,2.6583,3.507,4.321,
12/13/2013,2.4352,2.643,3.4945,4.3218,
12/16/2013,2.4172,2.6028,3.4172,4.2255,
12/17/2013,2.4338,2.6065,3.4245,4.2302,
12/18/2013,2.4224,2.598,3.412,4.23,
12/19/2013,2.4347,2.6358,3.4567,4.2715,
12/20/2013,2.4238,2.6342,3.4683,4.2895,
12/23/2013,2.4419,2.6377,3.4675,4.266,
12/24/2013,2.4439,2.6298,3.458,4.2385,
12/27/2013,2.4241,2.6697,3.502,4.2755,
12/30/2013,2.3883,2.658,3.4922,4.271,
12/31/2013,2.414,2.6475,3.465,4.2352,
1/2/2014,2.4115,2.833,3.53,4.332,
1/3/2014,2.4155,2.8307,3.532,4.3445,
1/6/2014,2.4066,2.8458,3.5547,4.3758,
1/7/2014,2.3942,2.8112,3.5113,4.3183,
1/8/2014,2.4071,2.8033,3.4983,4.3022,
1/9/2014,2.3976,2.865,3.551,4.321,
1/10/2014,2.405,2.84,3.524,4.2673,
1/13/2014,2.3841,2.8115,3.4905,4.2295,
1/14/2014,2.384,2.787,3.46,4.196,
1/15/2014,2.3545,2.81,3.4908,4.2347,
1/16/2014,2.3876,2.7278,3.4215,4.1797,
1/17/2014,2.3796,2.6653,3.3442,4.101,
1/20/2014,2.3754,2.6597,3.3333,4.083,
1/21/2014,2.3876,2.6967,3.3635,4.1097,
1/22/2014,2.4133,2.8203,3.4802,4.1873,
1/23/2014,2.3703,2.7903,3.4518,4.1722,
1/24/2014,2.3591,2.6523,3.3115,4.048,
1/28/2014,2.3733,2.642,3.2995,4.029,
1/29/2014,2.4086,2.73,3.3863,4.116,
1/30/2014,2.3936,2.6558,3.304,4.007,
1/31/2014,2.3832,2.6648,3.306,3.9985,
2/3/2014,2.4009,2.679,3.3152,3.9998,
2/4/2014,2.4077,2.7185,3.335,3.9945,
2/5/2014,2.4275,2.7355,3.3565,4.0205,
2/6/2014,2.4422,2.783,3.4125,4.0865,
2/7/2014,2.4643,2.826,3.461,4.1525,
2/10/2014,2.4296,2.8157,3.4523,4.141,
2/11/2014,2.4477,2.8507,3.4892,4.1828,
2/12/2014,2.4425,2.8712,3.5113,4.2203,
2/13/2014,2.4019,2.8098,3.449,4.1747,
2/14/2014,2.4058,2.7787,3.4105,4.1055,
2/17/2014,2.4182,2.8185,3.4532,4.161,
2/18/2014,2.4321,2.84,3.4748,4.183,
2/19/2014,2.3992,2.804,3.4348,4.1438,
2/20/2014,2.4138,2.794,3.4278,4.1442,
2/21/2014,2.424,2.8472,3.4895,4.2195,
2/24/2014,2.4106,2.8028,3.4415,4.1737,
2/25/2014,2.4145,2.802,3.4405,4.1693,
2/26/2014,2.3281,2.771,3.4072,4.125,
2/27/2014,2.3997,2.6848,3.3233,4.062,
2/28/2014,2.3731,2.6655,3.3,4.0195,
3/3/2014,2.4338,2.62,3.2532,3.9808,
3/4/2014,2.4641,2.669,3.294,4.0045,
3/5/2014,,2.725,3.3505,4.0617,
3/6/2014,,2.7755,3.396,4.1,
3/7/2014,,2.8063,3.44,4.167,
3/10/2014,,2.8157,3.4567,4.207,
3/11/2014,,2.7895,3.4335,4.1813,
3/12/2014,,2.776,3.424,4.1727,
3/13/2014,,2.8377,3.4692,4.17,
3/14/2014,,2.7302,3.351,4.038,
3/17/2014,,2.7625,3.378,4.046,
3/18/2014,,2.8005,3.4172,4.0827,
3/19/2014,,2.7878,3.4023,4.0645,
3/20/2014,,2.8328,3.4555,4.1283,
3/21/2014,,2.8582,3.4848,4.1565,
3/24/2014,,2.86,3.488,4.1655,
3/25/2014,,2.822,3.4413,4.1185,
3/26/2014,,2.8407,3.4505,4.11,
3/27/2014,,2.8307,3.439,4.0823,
3/28/2014,,2.8128,3.421,4.068,
3/31/2014,,2.8323,3.4353,4.083,
4/1/2014,,2.8642,3.4702,4.1302,
4/2/2014,,2.8823,3.4913,4.1695,
4/3/2014,,2.894,3.5052,4.1832,
4/4/2014,,2.8663,3.483,4.1535,
4/7/2014,,2.8125,3.4185,4.0823,
4/8/2014,,2.815,3.4213,4.0852,
4/9/2014,,2.8082,3.4095,4.0703,
4/10/2014,,2.836,3.4285,4.0535,
4/11/2014,,2.804,3.3858,4.0188,
4/14/2014,,2.7735,3.3412,3.965,
4/15/2014,,2.7927,3.36,3.9922,
4/16/2014,,2.788,3.3505,3.9775,
4/17/2014,,2.7715,3.332,3.9592,
4/22/2014,,2.8075,3.3712,4.0068,
4/23/2014,,2.7575,3.3203,3.9645,
4/24/2014,,2.7413,3.3075,3.962,
4/28/2014,,2.7227,3.2857,3.9267,
4/29/2014,,2.7332,3.2952,3.9392,
4/30/2014,,2.7555,3.3157,3.9502,
5/1/2014,,2.7473,3.3008,3.938,
5/2/2014,,2.7422,3.2815,3.9058,
5/5/2014,,2.728,3.2608,3.8705,
5/6/2014,,2.717,3.2445,3.866,
5/7/2014,,2.695,3.215,3.833,
5/8/2014,,2.7183,3.2348,3.8412,
5/9/2014,,2.701,3.2132,3.8205,
5/12/2014,2.4794,2.7095,3.2238,3.8325,
5/13/2014,2.4803,2.7205,3.236,3.8458,
5/14/2014,2.4791,2.701,3.2113,3.8047,
5/15/2014,2.4712,2.6885,3.1815,3.7608,
5/16/2014,2.4784,2.678,3.1583,3.715,
5/19/2014,2.4817,2.6685,3.14,3.6818,
5/20/2014,2.4758,2.68,3.1535,3.7095,
5/21/2014,2.4508,2.61,3.0795,3.6565,
5/22/2014,2.4563,2.6532,3.1383,3.748,
5/23/2014,2.4512,2.6672,3.1648,3.7822,
5/26/2014,2.4444,2.6472,3.1407,3.7425,
5/27/2014,2.4476,2.6688,3.1575,3.746,
5/28/2014,2.451,2.6618,3.136,3.7073,
5/29/2014,2.4597,2.6242,3.0782,3.6423,
5/30/2014,2.4598,2.632,3.089,3.6555,
6/2/2014,2.4357,2.634,3.0828,3.671,
6/3/2014,2.4279,2.6505,3.097,3.722,
6/4/2014,2.4313,2.6995,3.158,3.7795,
6/5/2014,2.4231,2.6875,3.146,3.7743,
6/6/2014,2.419,2.6927,3.146,3.7733,
6/10/2014,2.4164,2.6995,3.1523,3.784,
6/11/2014,2.4362,2.7312,3.2042,3.8475,
6/12/2014,2.4304,2.6943,3.1718,3.8222,
6/13/2014,2.457,2.691,3.1617,3.7842,
6/16/2014,2.4442,2.6742,3.13,3.7438,
6/17/2014,2.4488,2.6177,3.077,3.6983,
6/18/2014,2.4647,2.6315,3.1005,3.7365,
6/19/2014,2.4626,2.5805,3.0385,3.6618,
6/20/2014,2.4754,2.5887,3.0468,3.6767,
6/23/2014,2.4815,2.6052,3.0668,3.6927,
6/24/2014,2.4878,2.5598,3.0162,3.6377,
6/25/2014,2.4944,2.5305,2.9757,3.5887,
6/26/2014,2.4708,2.531,2.9773,3.5882,
6/27/2014,2.482,2.5135,2.9485,3.5425,
6/30/2014,2.4749,2.5315,2.9542,3.5415,
7/1/2014,2.5071,2.5665,2.9878,3.5875,
7/2/2014,2.5054,2.541,2.9635,3.5612,
7/3/2014,2.4984,2.5003,2.91,3.5403,
7/4/2014,2.4977,2.531,2.94,3.587,
7/7/2014,2.5014,2.5443,2.95,3.5903,
7/8/2014,2.4993,2.5592,2.9565,3.5733,
7/9/2014,2.497,2.5343,2.9227,3.519,
7/10/2014,2.488,2.4892,2.8723,3.4662,
7/11/2014,2.4789,2.458,2.8255,3.4125,
7/14/2014,2.4983,2.4875,2.8558,3.4418,
7/15/2014,2.5034,2.4717,2.8385,3.4372,
7/16/2014,2.5173,2.461,2.8217,3.4237,
7/17/2014,2.5326,2.475,2.826,3.4097,
7/18/2014,2.5481,2.4718,2.7995,3.3787,
7/21/2014,2.558,2.5195,2.8452,3.3932,
7/22/2014,2.5579,2.5298,2.845,3.3717,
7/23/2014,2.5577,2.5698,2.8895,3.411,
7/24/2014,2.5575,2.58,2.915,3.4245,
7/25/2014,2.5736,2.576,2.9188,3.4402,
7/28/2014,2.5568,2.565,2.9062,3.4245,
7/29/2014,2.5566,2.5893,2.9355,3.47,
7/30/2014,2.5564,2.563,2.9042,3.424,
7/31/2014,2.6084,2.5955,2.959,3.5062,
8/1/2014,2.5555,2.6137,2.9748,3.5165,
8/5/2014,2.5554,2.596,2.9488,3.4665,
8/6/2014,,2.6262,2.9785,3.5117,
8/7/2014,,2.5287,2.8677,3.4177,
8/8/2014,,2.4405,2.745,3.2787,
8/11/2014,,2.5198,2.8458,3.4042,
8/12/2014,,2.5403,2.8647,3.4188,
8/13/2014,,2.5557,2.8863,3.4507,
8/14/2014,2.6044,2.5017,2.8273,3.3858,
8/15/2014,2.6028,2.52,2.8433,3.388,
8/18/2014,2.592,2.4977,2.812,3.3465,
8/19/2014,2.5808,2.52,2.839,3.405,
8/20/2014,2.5579,2.5438,2.868,3.4258,
8/21/2014,2.5459,2.5763,2.918,3.4783,
8/22/2014,2.5474,2.5928,2.9358,3.479,
8/25/2014,2.5687,2.5823,2.916,3.4343,
8/26/2014,2.5686,2.5375,2.8558,3.3527,
8/27/2014,2.5459,2.5198,2.8347,3.3287,
8/28/2014,2.5355,2.5398,2.8442,3.323,
8/29/2014,2.5368,2.531,2.8273,3.293,
9/1/2014,2.5431,2.5408,2.8377,3.3235,
9/2/2014,2.5353,2.5707,2.8653,3.349,
9/3/2014,2.5566,2.5975,2.9092,3.428,
9/4/2014,2.5413,2.5912,2.8988,3.428,
9/5/2014,2.5633,2.6153,2.9288,3.4637,
9/8/2014,2.5508,2.6082,2.9197,3.45,
9/9/2014,2.542,2.665,2.9952,3.5635,
9/10/2014,2.5414,2.6607,2.9973,3.5647,
9/11/2014,2.5713,2.6923,3.0412,3.6065,
9/12/2014,2.5714,2.676,3.041,3.608,
9/15/2014,2.5715,2.676,3.0492,3.6477,
9/16/2014,2.5616,2.666,3.0243,3.617,
9/17/2014,2.5054,2.678,3.0408,3.6415,
9/18/2014,2.5456,2.7205,3.1007,3.7025,
9/19/2014,2.5607,2.7273,3.1117,3.7267,
9/22/2014,2.5428,2.6722,3.0495,3.6532,
9/23/2014,2.5176,2.6058,2.9678,3.554,
9/24/2014,2.516,2.6512,3.017,3.6097,
9/25/2014,2.486,2.6282,2.9878,3.576,
9/26/2014,2.4763,2.594,2.9285,3.4852,
9/29/2014,2.4776,2.5925,2.9225,3.4945,
9/30/2014,2.4732,2.583,2.8953,3.4802,
10/1/2014,2.5032,2.6267,2.998,3.4857,
10/2/2014,2.4874,2.59,2.9467,3.4205,
10/3/2014,2.4876,2.628,2.9867,3.456,
10/7/2014,2.502,2.5982,2.9535,3.391,
10/8/2014,2.5007,2.586,2.93,3.3625,
10/9/2014,2.4862,2.571,2.8885,3.3045,
10/10/2014,2.5229,2.5538,2.871,3.3307,
10/13/2014,2.5148,2.5275,2.839,3.298,
10/14/2014,2.5209,2.5262,2.8407,3.3087,
10/15/2014,2.5493,2.579,2.8828,3.3433,
10/16/2014,2.5038,2.4825,2.763,3.1925,
10/17/2014,2.4994,2.516,2.8057,3.225,
10/20/2014,2.5223,2.5465,2.8575,3.3075,
10/21/2014,2.4836,2.4608,2.7625,3.1925,
10/22/2014,2.4688,2.5045,2.815,3.2625,
10/23/2014,2.497,2.5037,2.8122,3.2582,
10/24/2014,2.5102,2.5127,2.8225,3.275,
10/27/2014,2.388,2.538,2.8488,3.2982,
10/28/2014,2.3832,2.4822,2.7882,3.235,
10/29/2014,2.3984,2.5385,2.8495,3.2952,
10/30/2014,2.4146,2.5542,2.8675,3.3338,
10/31/2014,2.4118,2.5265,2.831,3.2895,
11/3/2014,2.4187,2.4773,2.772,3.27,
11/4/2014,2.4993,2.5165,2.8135,3.3217,
11/5/2014,2.4907,2.49,2.782,3.285,
11/6/2014,2.488,2.4913,2.7778,3.247,
11/7/2014,2.5082,2.5498,2.8457,3.354,
11/10/2014,2.5135,2.5087,2.7933,3.2815,
11/11/2014,2.4954,2.547,2.8287,3.3265,
11/12/2014,2.4924,2.5655,2.8447,3.3407,
11/13/2014,2.4803,2.576,2.8537,3.3477,
11/14/2014,2.4871,2.571,2.845,3.3405,
11/17/2014,2.472,2.5357,2.801,3.2617,
11/18/2014,2.4778,2.5398,2.8063,3.286,
11/19/2014,2.4967,2.5178,2.784,3.2733,
11/20/2014,2.4922,2.5225,2.7735,3.2738,
11/21/2014,2.4905,2.5233,2.7678,3.2627,
11/24/2014,2.4837,2.5195,2.7497,3.2492,
11/25/2014,2.4754,2.494,2.71,3.1962,
11/26/2014,2.4651,2.4405,2.6345,3.1258,
11/27/2014,2.5563,2.4565,2.6217,3.1058,
11/28/2014,2.5101,2.4105,2.5638,3.0257,
12/1/2014,2.4338,2.3637,2.5148,2.9962,
12/2/2014,2.5554,2.439,2.6003,3.1095,
12/3/2014,,2.3865,2.5485,3.1012,
12/4/2014,,2.375,2.5312,3.071,
12/5/2014,2.5012,2.3185,2.483,3.0395,
12/8/2014,2.5209,2.354,2.5215,3.085,
12/9/2014,2.4851,2.314,2.473,3.0295,
12/10/2014,2.4744,2.275,2.4185,2.9278,
12/11/2014,2.4802,2.2405,2.3802,2.8568,
12/12/2014,2.4811,2.306,2.4397,2.8918,
12/15/2014,2.4772,2.275,2.414,2.8837,
12/16/2014,2.4783,2.2827,2.4055,2.8577,
12/17/2014,2.4899,2.2355,2.3465,2.7778,
12/18/2014,2.486,2.261,2.3717,2.845,
12/19/2014,2.5038,2.328,2.4447,2.939,
12/22/2014,2.472,2.272,2.3765,2.8533,
12/23/2014,2.4817,2.2655,2.3685,2.8307,
12/24/2014,2.4952,2.2768,2.3845,2.875,
12/29/2014,2.4939,2.2548,2.3612,2.8463,
12/30/2014,2.4893,2.1995,2.2898,2.7568,
12/31/2014,2.4764,2.17,2.2617,2.7395,
1/2/2015,2.5033,2.2132,2.3098,2.8698,
1/5/2015,2.4921,2.184,2.257,2.759,
1/6/2015,2.4912,2.1853,2.2505,2.7118,
1/7/2015,2.4955,2.1465,2.213,2.6813,
1/8/2015,2.5175,2.1957,2.26,2.7318,
1/9/2015,2.5099,2.1918,2.2487,2.7222,
1/12/2015,2.5164,2.185,2.2375,2.6923,
1/13/2015,2.4065,2.143,2.1823,2.6112,
1/14/2015,2.4121,2.1358,2.1625,2.5693,
1/15/2015,2.4632,2.208,2.251,2.6737,
1/16/2015,2.4106,2.1247,2.1435,2.5592,
1/19/2015,2.4421,2.159,2.1962,2.6328,
1/20/2015,2.4485,2.1805,2.2283,2.6667,
1/21/2015,2.4229,2.143,2.186,2.5982,
1/22/2015,2.4089,2.1058,2.1607,2.6028,
1/23/2015,2.3542,2.1172,2.1815,2.6342,
1/27/2015,2.3794,2.0903,2.1493,2.5647,
1/28/2015,2.4139,2.153,2.202,2.6033,
1/29/2015,2.335,1.9875,2.041,2.4845,
1/30/2015,2.2098,1.9642,2.0213,2.4432,
2/2/2015,2.2605,1.9882,2.0357,2.4453,
2/3/2015,2.1188,1.8312,1.8728,2.2817,
2/4/2015,2.172,1.949,2.0037,2.4657,
2/5/2015,2.1499,1.9072,1.9633,2.4018,
2/6/2015,2.1724,1.9423,2.0002,2.4523,
2/9/2015,2.1946,1.9755,2.0538,2.5477,
2/10/2015,2.1688,1.9703,2.0528,2.5528,
2/11/2015,2.1683,1.9695,2.0598,2.5882,
2/12/2015,2.144,1.879,1.9813,2.5347,
2/13/2015,2.1329,1.867,1.9647,2.5013,
2/16/2015,2.1235,1.8832,1.988,2.5522,
2/17/2015,2.0628,1.8772,1.9772,2.5292,
2/18/2015,2.0864,1.901,2.0127,2.6017,
2/19/2015,2.0932,1.851,1.9602,2.5463,
2/20/2015,2.1121,1.872,1.9827,2.5707,
2/23/2015,2.1137,1.884,1.9957,2.5823,
2/24/2015,2.1153,1.876,1.9837,2.5457,
2/25/2015,2.0815,1.8675,1.9685,2.4995,
2/26/2015,2.0826,1.806,1.9028,2.4195,
2/27/2015,2.0792,1.7925,1.8977,2.4595,
3/2/2015,2.0187,1.8112,1.9125,2.4948,
3/3/2015,2.0186,1.8707,1.9653,2.5487,
3/4/2015,1.9775,1.9125,2.0198,2.6353,
3/5/2015,1.9676,1.9243,2.0365,2.6247,
3/6/2015,1.9928,1.9147,2.0312,2.6363,
3/9/2015,1.9885,1.9607,2.1072,2.7387,
3/10/2015,2.0059,1.9338,2.0755,2.6762,
3/11/2015,1.9756,1.8675,2.0013,2.5887,
3/12/2015,1.9892,1.8257,1.9527,2.5145,
3/13/2015,2.0256,1.878,1.9967,2.5503,
3/16/2015,2.0172,1.8297,1.9425,2.4792,
3/17/2015,2.032,1.8587,1.9622,2.4727,
3/18/2015,2.0061,1.851,1.953,2.4543,
3/19/2015,1.9795,1.786,1.8742,2.3482,
3/20/2015,2.0188,1.7675,1.8682,2.3837,
3/23/2015,2.0233,1.7812,1.8795,2.3877,
3/24/2015,2.0372,1.7787,1.8755,2.3717,
3/25/2015,1.9949,1.7543,1.8312,2.3228,
3/26/2015,1.9921,1.7572,1.8325,2.3263,
3/27/2015,1.9933,1.7982,1.8807,2.4072,
3/30/2015,2.0206,1.7502,1.8302,2.3607,
3/31/2015,1.9618,1.7302,1.801,2.3193,
4/1/2015,1.9739,1.719,1.8665,2.3342,
4/2/2015,1.9786,1.6788,1.8355,2.2992,
4/7/2015,2.0684,1.7502,1.908,2.3498,
4/8/2015,2.0548,1.7382,1.89,2.3277,
4/9/2015,2.0349,1.7392,1.8915,2.348,
4/10/2015,2.0448,1.7697,1.9117,2.3663,
4/13/2015,2.0327,1.7292,1.872,2.3412,
4/14/2015,2.0234,1.6988,1.8418,2.3063,
4/15/2015,1.9945,1.6792,1.8173,2.2817,
4/16/2015,2.0006,1.802,1.9257,2.3677,
4/17/2015,2.0342,1.8053,1.9207,2.3523,
4/20/2015,2.0415,1.8433,1.9635,2.3963,
4/21/2015,2.0275,1.8327,1.9523,2.3918,
4/22/2015,1.991,1.8942,2.01,2.4372,
4/23/2015,2.0054,1.9275,2.0542,2.5213,
4/24/2015,2.0206,1.9345,2.0652,2.5338,
4/27/2015,2.0078,1.8907,2.0162,2.5017,
4/28/2015,2.05,1.9485,2.078,2.5573,
4/29/2015,1.9794,1.9545,2.0898,2.5933,
4/30/2015,1.9864,1.9507,2.1045,2.6463,
5/1/2015,1.9618,1.9232,2.106,2.68,
5/4/2015,1.963,1.9115,2.1027,2.6895,
5/5/2015,1.992,2.0027,2.2127,2.7933,
5/6/2015,1.9937,2.081,2.3222,2.9242,
5/7/2015,1.9953,2.0915,2.347,2.989,
5/8/2015,1.9859,2.0395,2.254,2.8405,
5/11/2015,1.9981,2.051,2.264,2.8528,
5/12/2015,2.0213,2.1485,2.4018,3.0425,
5/13/2015,1.9844,2.0833,2.3523,2.9535,
5/14/2015,1.9949,2.069,2.352,2.995,
5/15/2015,1.9915,2.0055,2.278,2.8945,
5/18/2015,1.998,2.0097,2.2668,2.8682,
5/19/2015,1.9953,2.0367,2.3112,2.9457,
5/20/2015,1.9973,2.0417,2.3207,2.9688,
5/21/2015,1.9993,2.0087,2.281,2.9418,
5/22/2015,2.0008,2.004,2.2733,2.9167,
5/25/2015,2.008,2.0022,2.2705,2.9107,
5/26/2015,2.0002,2.0125,2.28,2.9167,
5/27/2015,2.0076,1.9957,2.2405,2.8393,
5/28/2015,1.9995,1.938,2.1635,2.7775,
5/29/2015,1.993,1.8795,2.103,2.7297,
6/1/2015,1.987,1.863,2.0775,2.7083,
6/2/2015,2.043,1.9277,2.1295,2.741,
6/3/2015,2.0203,2.0092,2.2357,2.8918,
6/4/2015,2.032,2.044,2.327,3.0415,
6/5/2015,2.014,2.0508,2.333,3.0392,
6/9/2015,1.9949,2.0122,2.275,2.9648,
6/10/2015,1.9977,2.0438,2.3177,3.0482,
6/11/2015,2.0203,2.1058,2.3932,3.1488,
6/12/2015,1.9857,2.0515,2.309,3.0162,
6/15/2015,1.9497,2.0345,2.2865,3.0087,
6/16/2015,1.952,2.0095,2.2705,3.0082,
6/17/2015,1.9947,1.9925,2.252,2.9915,
6/18/2015,1.983,1.9017,2.1458,2.8495,
6/19/2015,1.9927,1.8845,2.13,2.8825,
6/22/2015,1.9998,1.9507,2.2027,2.9515,
6/23/2015,2.0209,2.0395,2.3205,3.0642,
6/24/2015,2.0193,2.029,2.307,3.0482,
6/25/2015,2.0192,2.0385,2.321,3.0592,
6/26/2015,2.022,2.045,2.3363,3.0568,
6/29/2015,1.9705,1.9902,2.242,2.9537,
6/30/2015,1.9748,2.0155,2.2857,3.0103,
7/1/2015,1.9612,1.9757,2.2722,3.0115,
7/2/2015,1.9276,2.0195,2.3442,3.11,
7/3/2015,1.9434,1.964,2.2885,3.0698,
7/6/2015,1.934,1.8865,2.1732,2.9327,
7/7/2015,1.959,1.885,2.148,2.9028,
7/8/2015,1.9513,1.8225,2.0252,2.746,
7/9/2015,1.9576,1.8765,2.0845,2.8047,
7/10/2015,1.9754,1.9272,2.177,2.9392,
7/13/2015,1.9712,1.9495,2.2102,2.9938,
7/14/2015,1.9799,1.9742,2.2432,3.0198,
7/15/2015,1.9682,1.9842,2.2543,3.0297,
7/16/2015,1.9676,1.9475,2.2005,2.9715,
7/17/2015,1.9656,1.952,2.2065,2.9488,
7/20/2015,1.9669,1.9588,2.1967,2.9183,
7/21/2015,1.9643,1.9562,2.2008,2.9348,
7/22/2015,1.9676,1.9267,2.1652,2.8937,
7/23/2015,1.9467,1.9082,2.1372,2.8542,
7/24/2015,1.9607,1.8677,2.0738,2.8152,
7/27/2015,1.9579,1.8352,2.0262,2.7517,
7/28/2015,1.9699,1.8652,2.0522,2.7582,
7/29/2015,1.9584,1.8702,2.0673,2.7903,
7/30/2015,1.9642,1.9077,2.1172,2.8422,
7/31/2015,1.9657,1.8757,2.0657,2.7582,
8/4/2015,1.993,1.9013,2.0725,2.7345,
8/5/2015,1.969,1.9485,2.1337,2.8033,
8/6/2015,1.9539,1.9535,2.139,2.8238,
8/7/2015,1.9685,1.9622,2.151,2.8433,
8/10/2015,1.9627,1.9607,2.1332,2.7757,
8/11/2015,1.9644,1.949,2.1242,2.7738,
8/12/2015,1.9403,1.8975,2.033,2.6625,
8/13/2015,1.9601,1.938,2.094,2.738,
8/14/2015,1.9628,1.9562,2.1272,2.7817,
8/17/2015,1.9647,1.9537,2.1298,2.7797,
8/18/2015,1.9638,1.927,2.0968,2.7383,
8/19/2015,1.9572,1.925,2.0992,2.7397,
8/20/2015,1.962,1.8877,2.0355,2.6665,
8/21/2015,1.959,1.8375,1.9618,2.586,
8/24/2015,1.881,1.756,1.862,2.4975,
8/25/2015,1.9193,1.7828,1.915,2.593,
8/26/2015,1.9148,1.799,1.9418,2.6545,
8/27/2015,1.9225,1.7977,1.9675,2.706,
8/28/2015,1.9175,1.8227,1.993,2.729,
8/31/2015,1.9456,1.7785,1.94,2.6632,
9/1/2015,1.9559,1.78,1.9365,2.6385,
9/2/2015,1.9477,1.8097,1.9668,2.6905,
9/3/2015,1.9525,1.789,1.949,2.686,
9/4/2015,1.9812,1.756,1.908,2.627,
9/7/2015,1.9846,1.789,1.945,2.661,
9/8/2015,1.9901,1.816,1.964,2.667,
9/9/2015,1.9897,1.867,2.029,2.737,
9/10/2015,1.9872,1.883,2.027,2.71,
9/11/2015,1.9984,1.901,2.054,2.736,
9/14/2015,1.9981,1.887,2.04,2.693,
9/15/2015,2.0449,1.885,2.034,2.679,
9/16/2015,2.0321,1.936,2.123,2.796,
9/17/2015,2.03,1.965,2.194,2.865,
9/18/2015,2.0324,1.922,2.112,2.771,
9/21/2015,2.0348,1.916,2.086,2.717,
9/22/2015,2.0372,1.928,2.118,2.75,
9/23/2015,2.0421,1.895,2.063,2.666,
9/24/2015,2.0256,1.874,2.033,2.656,
9/25/2015,2.0431,1.904,2.073,2.692,
9/28/2015,2.0383,1.901,2.071,2.686,
9/29/2015,2.0359,1.816,1.97,2.584,
9/30/2015,2.0102,1.826,1.982,2.605,
10/1/2015,2.0074,1.844,2.123,2.619,
10/2/2015,2.012,1.85,2.133,2.619,
10/6/2015,2.0147,1.835,2.11,2.603,
10/7/2015,2.0261,1.852,2.137,2.631,
10/8/2015,1.83,1.831,2.116,2.622,
10/9/2015,2.0172,1.878,2.185,2.708,
10/12/2015,1.874,1.884,2.197,2.708,
10/13/2015,1.834,1.851,2.162,2.662,
10/14/2015,2.0106,1.791,2.093,2.591,
10/15/2015,2.0039,1.795,2.081,2.561,
10/16/2015,1.9926,1.781,2.09,2.595,
10/19/2015,2.0027,1.765,2.089,2.597,
10/20/2015,2.001,1.776,2.102,2.617,
10/21/2015,2.0204,1.801,2.144,2.657,
10/22/2015,2.0167,1.801,2.121,2.627,
10/23/2015,2.0166,1.781,2.101,2.611,
10/26/2015,1.9998,1.807,2.141,2.661,
10/27/2015,1.9155,1.797,2.125,2.632,
10/28/2015,1.893,1.736,2.055,2.575,
10/29/2015,1.8514,1.748,2.067,2.581,
10/30/2015,1.8452,1.741,2.064,2.611,
11/2/2015,1.842,1.75,2.072,2.62,
11/3/2015,1.9164,1.819,2.138,2.681,
11/4/2015,1.953,1.837,2.158,2.731,
11/5/2015,1.9705,1.888,2.221,2.784,
11/6/2015,1.9925,1.903,2.233,2.788,
11/9/2015,1.9921,1.977,2.34,2.903,
11/10/2015,1.9866,1.963,2.324,2.886,
11/11/2015,,1.95,2.303,2.866,
11/12/2015,2.0033,2.044,2.407,2.949,
11/13/2015,2.0044,2.048,2.406,2.952,
11/16/2015,1.993,2.002,2.34,2.894,
11/17/2015,1.993,2.036,2.37,2.914,
11/18/2015,1.993,2.016,2.343,2.889,
11/19/2015,2.009,2.031,2.362,2.914,
11/20/2015,2.0064,2.044,2.362,2.901,
11/23/2015,2.0081,2.066,2.393,2.935,
11/24/2015,2.0139,2.04,2.363,2.915,
11/25/2015,2.007,2.013,2.333,2.874,
11/26/2015,2.007,1.98,2.287,2.823,
11/27/2015,2.0382,2.002,2.302,2.843,
11/30/2015,2.008,2.011,2.308,2.859,
12/1/2015,2.0599,2.023,2.31,2.838,
12/2/2015,2.0559,2.018,2.294,2.8,
12/3/2015,2.0629,2.047,2.317,2.842,
12/4/2015,2.0642,2.09,2.388,2.95,
12/7/2015,2.01,2.09,2.39,2.95,
12/8/2015,2.0605,2.04,2.317,2.835,
12/9/2015,2.008,2.031,2.298,2.816,
12/10/2015,2.014,2.093,2.377,2.849,
12/11/2015,2.053,2.076,2.359,2.851,
12/14/2015,2.012,2.049,2.312,2.816,
12/15/2015,2.013,2.048,2.306,2.819,
12/16/2015,2.014,2.077,2.34,2.864,
12/17/2015,1.959,2.048,2.313,2.843,
12/18/2015,2.0726,2.003,2.247,2.756,
12/21/2015,1.932,2.01,2.245,2.751,
12/22/2015,1.96,2.013,2.23,2.73,
12/23/2015,1.958,2.03,2.25,2.774,
12/24/2015,2.0857,2.031,,2.766,
12/29/2015,2.013,1.982,2.182,2.685,
12/30/2015,2.003,1.985,2.208,2.803,
12/31/2015,2.0238,2.016,2.245,2.88,
1/4/2016,1.998,1.981,2.204,2.815,
1/5/2016,2.018,1.987,2.204,2.805,
1/6/2016,2.018,1.988,2.198,2.763,
1/7/2016,2.018,1.949,2.149,2.711,
1/8/2016,2.0285,2.003,2.202,2.776,
1/11/2016,2.027,1.979,2.168,2.751,
1/12/2016,2.029,2.002,2.191,2.786,
1/13/2016,2.023,2,2.179,2.761,
1/14/2016,2.029,1.949,2.122,2.681,
1/15/2016,2.0165,1.953,2.123,2.694,
1/18/2016,2.022,1.924,2.107,2.694,
1/19/2016,2.0364,1.935,2.118,2.714,
1/20/2016,1.9962,1.906,2.084,2.659,
1/21/2016,2.0166,1.933,2.11,2.693,
1/22/2016,2.0339,1.955,2.144,2.733,
1/25/2016,2.023,1.953,2.143,2.736,
1/27/2016,2.0675,1.942,2.109,2.677,
1/28/2016,2.0564,1.938,2.114,2.689,
1/29/2016,2.0322,1.893,2.069,2.635,
2/1/2016,2.052,1.881,2.052,2.619,
2/2/2016,2.0578,1.878,2.051,2.62,
2/3/2016,2.056,1.818,1.983,2.521,
2/4/2016,2.0621,1.857,2.035,2.572,
2/5/2016,2.0603,1.849,2.023,2.548,
2/8/2016,2.041,1.868,2.048,2.588,
2/9/2016,2.041,1.749,1.91,2.408,
2/10/2016,2.054,1.765,1.92,2.406,
2/11/2016,2.041,1.756,1.902,2.375,
2/12/2016,2.0585,1.8,1.941,2.42,
2/15/2016,2.061,1.864,2.019,2.516,
2/16/2016,2.0491,1.884,2.04,2.524,
2/17/2016,2.061,1.861,2.007,2.484,
2/18/2016,2.0344,1.88,2.036,2.536,
2/19/2016,2.0536,1.811,1.957,2.43,
2/22/2016,2.041,1.837,1.985,2.454,
2/23/2016,2.043,1.807,1.952,2.419,
2/24/2016,2.017,1.797,1.934,2.398,
2/25/2016,2.02,1.781,1.918,2.399,
2/26/2016,2.0134,1.763,1.903,2.384,
2/29/2016,2.021,1.769,1.914,2.399,
3/1/2016,2.032,1.733,1.874,2.354,
3/2/2016,2.0314,1.851,1.997,2.46,
3/3/2016,2.03,1.91,2.074,2.557,
3/4/2016,2.0285,1.928,2.083,2.552,
3/7/2016,2.0256,1.953,2.123,2.582,
3/8/2016,2.052,1.955,2.115,2.557,
3/9/2016,2.015,1.972,2.127,2.553,
3/10/2016,2.032,1.967,2.125,2.589,
3/11/2016,2.0733,2.023,2.203,2.678,
3/14/2016,2.03,2.054,2.247,2.692,
3/15/2016,2.0629,2.021,2.209,2.669,
3/16/2016,2.0728,2.006,2.19,2.633,
3/17/2016,2.0615,1.94,2.103,2.553,
3/18/2016,2.0654,1.938,2.105,2.55,
3/21/2016,2.061,1.933,2.104,2.564,
3/22/2016,2.032,1.969,2.148,2.601,
3/23/2016,2.0672,2,2.195,2.649,
3/24/2016,2.0427,1.96,2.14,2.58,
3/29/2016,2.043,1.959,2.138,2.574,
3/30/2016,2.0433,1.905,2.07,2.496,
3/31/2016,2.041,1.897,2.093,2.489,
4/1/2016,2.0203,1.938,2.131,2.527,
4/4/2016,2.0327,1.868,2.062,2.465,
4/5/2016,2.0298,1.865,2.048,2.451,
4/6/2016,2.0396,1.859,2.039,2.435,
4/7/2016,2.0334,1.858,2.039,2.452,
4/8/2016,2.0411,1.824,1.999,2.404,
4/11/2016,2.038,1.828,2.002,2.409,
4/12/2016,2.0707,1.876,2.053,2.465,
4/13/2016,2.0608,1.91,2.099,2.518,
4/14/2016,2.0841,1.953,2.125,2.521,
4/15/2016,2.0684,1.989,2.159,2.557,
4/18/2016,2.0451,1.943,2.103,2.493,
4/19/2016,2.0499,1.999,2.164,2.557,
4/20/2016,2.0506,1.976,2.14,2.526,
4/21/2016,2.0558,2.019,2.188,2.592,
4/22/2016,2.0551,2.044,2.218,2.633,
4/26/2016,2.0512,2.056,2.232,2.652,
4/27/2016,2.0268,1.936,2.14,2.612,
4/28/2016,2.0009,1.869,2.066,2.516,
4/29/2016,1.9481,1.86,2.057,2.517,
5/2/2016,1.9991,1.87,2.066,2.521,
5/3/2016,1.8644,1.738,1.959,2.465,
5/4/2016,1.7645,1.719,1.943,2.429,
5/5/2016,1.7687,1.686,1.906,2.391,
5/6/2016,1.7687,1.577,1.796,2.29,
5/9/2016,1.7738,1.57,1.79,2.321,
5/10/2016,1.7635,1.584,1.797,2.302,
5/11/2016,1.7688,1.595,1.805,2.302,
5/12/2016,1.7747,1.577,1.786,2.295,
5/13/2016,1.7759,1.578,1.78,2.274,
5/16/2016,1.743,1.56,1.759,2.229,
5/17/2016,1.7457,1.628,1.826,2.3,
5/18/2016,1.7522,1.619,1.816,2.29,
5/19/2016,1.7437,1.643,1.85,2.349,
5/20/2016,1.7465,1.625,1.819,2.303,
5/23/2016,1.72,1.634,1.822,2.288,
5/24/2016,1.7207,1.624,1.81,2.278,
5/25/2016,1.7354,1.637,1.819,2.309,
5/26/2016,1.7221,1.617,1.795,2.277,
5/27/2016,1.7222,1.618,1.788,2.257,
5/30/2016,1.7251,1.638,1.804,2.277,
5/31/2016,1.7216,1.668,1.828,2.303,
6/1/2016,1.7289,1.666,1.817,2.292,
6/2/2016,1.7254,1.638,1.783,2.267,
6/3/2016,1.7189,1.618,1.761,2.232,
6/6/2016,1.7082,1.562,1.704,2.157,
6/7/2016,1.7112,1.639,1.773,2.194,
6/8/2016,1.7096,1.607,1.743,2.153,
6/9/2016,1.7007,1.6,1.71,2.093,
6/10/2016,1.7033,1.625,1.724,2.102,
6/14/2016,1.6989,1.598,1.686,2.053,
6/15/2016,1.7021,1.606,1.692,2.07,
6/16/2016,1.7159,1.563,1.638,2.007,
6/17/2016,1.7132,1.607,1.691,2.079,
6/20/2016,1.7253,1.631,1.718,2.139,
6/21/2016,1.7236,1.668,1.756,2.159,
6/22/2016,1.7161,1.717,1.805,2.222,
6/23/2016,1.7637,1.739,1.836,2.25,
6/24/2016,1.6561,1.545,1.619,2.008,
6/27/2016,1.6873,1.587,1.663,2.057,
6/28/2016,1.7037,1.561,1.629,1.989,
6/29/2016,1.7047,1.588,1.652,2.004,
6/30/2016,1.686,1.586,1.647,1.981,
7/1/2016,1.6879,1.563,1.616,1.954,
7/4/2016,1.671,1.616,1.666,2.007,
7/5/2016,1.6822,1.591,1.629,1.943,
7/6/2016,1.6755,1.555,1.577,1.864,
7/7/2016,1.6723,1.558,1.577,1.867,
7/8/2016,1.7296,1.579,1.595,1.883,
7/11/2016,1.7273,1.6,1.614,1.902,
7/12/2016,1.7228,1.625,1.645,1.944,
7/13/2016,1.7217,1.63,1.656,1.976,
7/14/2016,1.7258,1.619,1.641,1.958,
7/15/2016,1.7223,1.623,1.653,1.972,
7/18/2016,1.7175,1.611,1.647,1.99,
7/19/2016,1.707,1.553,1.585,1.92,
7/20/2016,1.7168,1.545,1.58,1.92,
7/21/2016,1.7099,1.527,1.57,1.925,
7/22/2016,1.7077,1.519,1.556,1.906,
7/25/2016,1.7102,1.527,1.566,1.913,
7/26/2016,1.7068,1.549,1.584,1.921,
7/27/2016,1.7093,1.576,1.613,1.953,
7/28/2016,1.7018,1.524,1.556,1.866,
7/29/2016,1.7145,1.509,1.548,1.874,
8/2/2016,1.5933,1.425,1.467,1.819,
8/3/2016,1.6012,1.471,1.534,1.929,
8/4/2016,1.5634,1.476,1.547,1.945,
8/5/2016,1.5623,1.466,1.526,1.87,
8/8/2016,1.5565,1.491,1.564,1.954,
8/9/2016,1.5483,1.47,1.542,1.938,
8/10/2016,1.547,1.432,1.495,1.869,
8/11/2016,1.5504,1.43,1.491,1.852,
8/12/2016,1.5537,1.455,1.528,1.907,
8/15/2016,1.5448,1.434,1.508,1.873,
8/16/2016,1.5356,1.421,1.501,1.877,
8/17/2016,1.5417,1.438,1.523,1.907,
8/18/2016,1.5297,1.426,1.513,1.87,
8/19/2016,1.5406,1.414,1.502,1.86,
8/22/2016,1.601,1.447,1.535,1.905,
8/23/2016,1.5988,1.416,1.501,1.848,
8/24/2016,1.6,1.413,1.501,1.842,
8/25/2016,1.6064,1.427,1.513,1.854,
8/26/2016,1.5418,1.437,1.521,1.854,
8/29/2016,1.6008,1.466,1.551,1.879,
8/30/2016,1.6076,1.449,1.523,1.838,
8/31/2016,1.6089,1.437,1.514,1.824,
9/1/2016,1.6084,1.459,1.531,1.843,
9/2/2016,1.6069,1.48,1.551,1.853,
9/5/2016,1.6084,1.493,1.567,1.892,
9/6/2016,1.6079,1.503,1.578,1.902,
9/7/2016,1.6093,1.469,1.537,1.829,
9/8/2016,1.5401,1.503,1.575,1.862,
9/9/2016,1.5404,1.547,1.639,1.964,
9/12/2016,1.5412,1.593,1.697,2.048,
9/13/2016,1.5954,1.581,1.719,2.065,
9/14/2016,1.6012,1.584,1.738,2.093,
9/15/2016,1.6247,1.592,1.755,2.107,
9/16/2016,1.5918,1.573,1.741,2.107,
9/19/2016,1.614,1.616,1.771,2.117,
9/20/2016,1.6158,1.627,1.774,2.115,
9/21/2016,1.5305,1.621,1.769,2.128,
9/22/2016,1.4669,1.592,1.724,2.034,
9/23/2016,1.4867,1.605,1.711,1.998,
9/26/2016,1.4467,1.597,1.695,1.97,
9/27/2016,1.4744,1.606,1.699,1.97,
9/28/2016,1.4642,1.576,1.663,1.946,
9/29/2016,1.6031,1.585,1.668,1.971,
9/30/2016,1.5306,1.547,1.598,1.908,
10/4/2016,1.6897,1.605,1.769,2.069,
10/5/2016,1.719,1.636,1.813,2.125,
10/6/2016,1.7492,1.654,1.838,2.165,
10/7/2016,1.7968,1.672,1.848,2.172,
10/10/2016,1.818,1.684,1.868,2.186,
10/11/2016,1.6183,1.711,1.914,2.249,
10/12/2016,1.6017,1.748,1.957,2.303,
10/13/2016,1.5942,1.713,1.914,2.245,
10/14/2016,1.5945,1.738,1.94,2.263,
10/17/2016,1.5617,1.736,1.957,2.308,
10/18/2016,1.5672,1.73,1.972,2.333,
10/19/2016,1.578,1.707,1.949,2.297,
10/20/2016,1.589,1.657,1.93,2.287,
10/21/2016,1.5901,1.664,1.934,2.287,
10/24/2016,1.6002,1.64,1.905,2.24,
10/25/2016,1.5997,1.66,1.926,2.276,
10/26/2016,1.6007,1.686,1.943,2.265,
10/27/2016,1.5723,1.698,1.975,2.331,
10/28/2016,1.5812,1.683,1.998,2.377,
10/31/2016,1.5853,1.642,1.949,2.346,
11/1/2016,1.5895,1.674,1.979,2.383,
11/2/2016,1.5922,1.643,1.942,2.344,
11/3/2016,1.5982,1.631,1.914,2.3,3.255
11/4/2016,1.6185,1.646,1.939,2.329,3.253
11/7/2016,1.6232,1.656,1.951,2.349,3.285
11/8/2016,1.6263,1.656,1.951,2.353,3.327
11/9/2016,1.6295,1.571,1.823,2.223,3.484
11/10/2016,1.6275,1.678,2.03,2.5,3.607
11/11/2016,1.6085,1.705,2.081,2.566,3.606
11/14/2016,1.588,1.755,2.148,2.657,3.785
11/15/2016,1.591,1.767,2.155,2.658,3.725
11/16/2016,1.5941,1.748,2.137,2.641,3.595
11/17/2016,1.5953,1.708,2.085,2.568,3.647
11/18/2016,1.6011,1.738,2.202,2.719,3.701
11/21/2016,1.6221,1.728,2.192,2.687,3.626
11/22/2016,1.6217,1.725,2.184,2.672,3.647
11/23/2016,1.5893,1.738,2.23,2.705,3.676
11/24/2016,1.5947,1.767,2.286,2.752,3.728
11/25/2016,1.603,1.762,2.285,2.761,3.675
11/28/2016,1.6067,1.736,2.235,2.697,3.593
11/29/2016,1.6083,1.757,2.247,2.704,3.633
11/30/2016,1.5861,1.761,2.25,2.723,3.742
12/1/2016,1.5896,1.793,2.307,2.783,3.843
12/2/2016,1.6009,1.809,2.354,2.863,3.821
12/5/2016,1.614,1.776,2.304,2.793,3.838
12/6/2016,1.6065,1.779,2.319,2.822,3.805
12/7/2016,1.6106,1.74,2.272,2.797,3.722
12/8/2016,1.6148,1.739,2.235,2.732,3.793
12/9/2016,1.5909,1.772,2.296,2.815,3.817
12/12/2016,1.5976,1.796,2.331,2.855,3.827
12/13/2016,1.6019,1.774,2.29,2.82,3.803
12/14/2016,1.6064,1.76,2.247,2.79,3.86
12/15/2016,1.6083,1.821,2.339,2.869,3.965
12/16/2016,1.6146,1.804,2.321,2.831,3.859
12/19/2016,1.6168,1.847,2.363,2.861,3.847
12/20/2016,1.6219,1.866,2.372,2.846,3.885
12/21/2016,1.6214,1.874,2.376,2.822,3.859
12/22/2016,1.6239,1.886,2.388,2.832,3.9
12/23/2016,1.6373,1.906,2.417,2.872,3.901
12/28/2016,1.6339,1.906,2.413,2.853,3.807
12/29/2016,1.6303,1.857,2.352,2.778,3.793
12/30/2016,1.6992,1.828,2.325,2.765,3.79
1/3/2017,1.7561,1.898,2.307,2.748,3.785
1/4/2017,1.8778,1.922,2.338,2.792,3.768
1/5/2017,1.8979,1.889,2.3,2.742,3.684
1/6/2017,1.918,1.845,2.247,2.681,3.682
1/9/2017,1.9272,1.901,2.314,2.763,3.692
1/10/2017,1.9452,1.861,2.273,2.714,3.711
1/11/2017,1.9601,1.862,2.274,2.73,3.696
1/12/2017,1.9699,1.82,2.229,2.667,3.673
1/13/2017,2.0062,1.852,2.266,2.692,3.683
1/16/2017,1.7941,1.848,2.265,2.697,3.71
1/17/2017,1.8176,1.857,2.271,2.698,3.668
1/18/2017,1.8378,1.857,2.26,2.682,3.803
1/19/2017,1.8622,1.889,2.317,2.759,3.83
1/20/2017,1.8318,1.894,2.331,2.783,3.808
1/23/2017,1.8532,1.878,2.307,2.758,3.74
1/24/2017,1.8731,1.837,2.258,2.695,3.793
1/25/2017,1.9001,1.839,2.264,2.73,3.775
1/27/2017,1.9419,1.844,2.287,2.779,3.827
1/30/2017,1.5982,1.812,2.248,2.724,3.78
1/31/2017,1.5997,1.777,2.213,2.713,3.786
2/1/2017,1.5623,1.799,2.232,2.737,3.829
2/2/2017,1.5677,1.818,2.265,2.77,3.835
2/3/2017,1.5804,1.85,2.29,2.795,3.863
2/6/2017,1.5818,1.828,2.268,2.764,3.771
2/7/2017,1.5855,1.805,2.225,2.696,3.75
2/8/2017,1.6012,1.797,2.213,2.695,3.683
2/9/2017,1.5909,1.785,2.179,2.643,3.739
2/10/2017,1.5909,1.818,2.225,2.696,3.729
2/13/2017,1.59,1.803,2.217,2.706,3.755
2/14/2017,1.6606,1.833,2.256,2.737,3.79
2/15/2017,1.6685,1.865,2.301,2.788,3.811
2/16/2017,1.5637,1.855,2.322,2.8,3.797
2/17/2017,1.5844,1.855,2.321,2.803,3.813
2/20/2017,1.5918,1.834,2.305,2.79,3.788
2/21/2017,1.5739,1.843,2.314,2.8,3.807
2/22/2017,1.5583,1.861,2.335,2.834,3.806
2/23/2017,1.5598,1.826,2.299,2.785,3.737
2/24/2017,1.5919,1.793,2.253,2.73,3.726
2/27/2017,1.5785,1.794,2.238,2.711,3.729
2/28/2017,1.5741,1.805,2.25,2.722,3.759
3/1/2017,1.6628,1.839,2.314,2.802,3.802
3/2/2017,1.6663,1.819,2.298,2.786,3.786
3/3/2017,1.6015,1.827,2.313,2.807,3.798
3/6/2017,1.576,1.831,2.319,2.804,3.809
3/7/2017,1.5575,1.853,2.339,2.822,3.853
3/8/2017,1.5565,1.875,2.387,2.863,3.894
3/9/2017,1.5643,1.902,2.427,2.929,3.923
3/10/2017,1.5652,1.922,2.465,2.977,3.928
3/13/2017,1.5643,1.892,2.433,2.936,3.914
3/14/2017,1.5652,1.879,2.427,2.922,3.873
3/15/2017,1.5643,1.879,2.431,2.917,3.768
3/16/2017,1.5634,1.823,2.345,2.816,3.816
3/17/2017,1.5643,1.827,2.369,2.861,3.793
3/20/2017,1.5653,1.795,2.348,2.823,3.731
3/21/2017,1.5643,1.792,2.324,2.808,3.714
3/22/2017,1.5693,1.78,2.298,2.755,3.683
3/23/2017,1.5684,1.773,2.288,2.755,3.71
3/24/2017,1.5633,1.756,2.285,2.75,3.71
3/27/2017,1.577,1.738,2.251,2.708,3.659
3/28/2017,1.5655,1.737,2.237,2.699,3.654
3/29/2017,1.578,1.752,2.255,2.722,3.606
3/30/2017,1.594,1.756,2.239,2.69,3.622
3/31/2017,1.5464,1.749,2.239,2.701,3.601
4/3/2017,1.5474,1.735,2.221,2.675,3.592
4/4/2017,1.5507,1.707,2.175,2.605,3.548
4/5/2017,1.5517,1.7,2.167,2.605,3.526
4/6/2017,1.5504,1.683,2.133,2.581,3.528
4/7/2017,1.5636,1.652,2.096,2.551,3.509
4/10/2017,1.6077,1.657,2.104,2.573,3.519
4/11/2017,1.6121,1.651,2.084,2.531,3.484
4/12/2017,1.6167,1.636,2.062,2.504,3.466
4/13/2017,1.5945,1.629,2.055,2.474,3.432
4/18/2017,1.5965,1.624,2.062,2.488,3.442
4/19/2017,1.5985,1.617,2.04,2.456,3.422
4/20/2017,1.6006,1.636,2.075,2.503,3.463
4/21/2017,1.6011,1.65,2.095,2.538,3.495
4/24/2017,1.6025,1.656,2.125,2.595,3.548
4/26/2017,1.6403,1.689,2.164,2.629,3.566
4/27/2017,1.6434,1.676,2.143,2.613,3.567
4/28/2017,1.643,1.652,2.109,2.575,3.535
5/1/2017,1.6428,1.656,2.114,2.575,3.54
5/2/2017,1.6463,1.667,2.136,2.601,3.57
5/3/2017,1.6462,1.666,2.129,2.59,3.566
5/4/2017,1.6499,1.711,2.173,2.641,3.599
5/5/2017,1.622,1.707,2.177,2.648,3.612
5/8/2017,1.6295,1.721,2.197,2.673,3.627
5/9/2017,1.6208,1.721,2.201,2.682,3.644
5/10/2017,1.6329,1.692,2.169,2.656,3.623
5/11/2017,1.6674,1.68,2.152,2.652,3.613
5/12/2017,1.683,1.668,2.126,2.635,3.595
5/15/2017,1.5989,1.646,2.093,2.586,3.545
5/16/2017,1.5947,1.64,2.09,2.581,3.536
5/17/2017,1.5959,1.612,2.046,2.529,3.484
5/18/2017,1.6009,1.625,2.043,2.5,3.48
5/19/2017,1.6031,1.609,2.023,2.475,3.458
5/22/2017,1.6064,1.612,2.021,2.488,3.466
5/23/2017,1.6118,1.601,1.989,2.444,3.421
5/24/2017,1.6053,1.605,2.002,2.484,3.452
5/25/2017,1.6068,1.587,1.967,2.44,3.405
5/26/2017,1.6239,1.571,1.947,2.41,3.385
5/29/2017,1.6109,1.579,1.951,2.415,3.381
5/30/2017,1.6061,1.565,1.928,2.391,3.355
5/31/2017,1.6055,1.546,1.909,2.387,3.34
6/1/2017,1.6071,1.558,1.915,2.396,3.349
6/2/2017,1.6054,1.573,1.935,2.412,3.377
6/5/2017,1.6071,1.576,1.93,2.392,3.351
6/6/2017,1.6111,1.558,1.909,2.373,3.329
6/7/2017,1.6742,1.596,1.942,2.383,3.334
6/8/2017,1.6172,1.599,1.959,2.404,3.363
6/9/2017,1.6152,1.61,1.967,2.401,3.359
6/13/2017,1.6172,1.605,1.962,2.398,3.339
6/14/2017,1.6141,1.623,1.974,2.403,3.343
6/15/2017,1.6162,1.638,1.963,2.358,3.296
6/16/2017,1.6146,1.667,2.008,2.407,3.329
6/19/2017,1.6168,1.678,2.019,2.406,3.329
6/20/2017,1.6163,1.689,2.04,2.418,3.347
6/21/2017,1.6157,1.668,2.016,2.392,3.311
6/22/2017,1.6122,1.656,2.005,2.376,3.282
6/23/2017,1.6164,1.658,2.007,2.371,3.278
6/26/2017,1.6127,1.656,2.012,2.374,3.282
6/27/2017,1.6057,1.643,1.999,2.354,3.261
6/28/2017,1.6081,1.675,2.072,2.457,3.369
6/29/2017,1.6106,1.683,2.112,2.504,3.414
6/30/2017,1.6257,1.729,2.182,2.598,3.477
7/3/2017,1.6322,1.824,2.199,2.668,3.478
7/4/2017,1.6355,1.772,2.146,2.622,3.435
7/5/2017,1.6315,1.786,2.164,2.63,3.458
7/6/2017,1.6424,1.801,2.173,2.64,3.469
7/7/2017,1.614,1.855,2.245,2.73,3.567
7/10/2017,1.6133,1.854,2.247,2.739,3.571
7/11/2017,1.6124,1.874,2.263,2.749,3.587
7/12/2017,1.6116,1.858,2.242,2.72,3.56
7/13/2017,1.6151,1.822,2.205,2.687,3.527
7/14/2017,1.6125,1.832,2.217,2.718,3.563
7/17/2017,1.6501,1.844,2.228,2.731,3.577
7/18/2017,1.6452,1.898,2.27,2.744,3.589
7/19/2017,1.6452,1.897,2.265,2.723,3.564
7/20/2017,1.6451,1.907,2.277,2.737,3.579
7/21/2017,1.6449,1.838,2.212,2.698,3.538
7/24/2017,1.6448,1.83,2.198,2.678,3.521
7/25/2017,1.6447,1.84,2.21,2.69,3.529
7/26/2017,1.6446,1.841,2.224,2.73,3.577
7/27/2017,1.6149,1.809,2.182,2.689,3.539
7/28/2017,1.6135,1.81,2.186,2.684,3.533
7/31/2017,1.6151,1.791,2.165,2.678,3.525
8/1/2017,1.6168,1.808,2.19,2.714,3.564
8/2/2017,1.6164,1.799,2.181,2.704,3.555
8/3/2017,1.6268,1.783,2.157,2.665,3.511
8/4/2017,1.6281,1.775,2.145,2.62,3.467
8/8/2017,1.653,1.785,2.154,2.627,3.467
8/9/2017,1.6506,1.801,2.17,2.642,3.48
8/10/2017,1.6506,1.811,2.184,2.657,3.502
8/11/2017,1.6505,1.768,2.128,2.588,3.431
8/14/2017,1.6504,1.786,2.148,2.618,3.456
8/15/2017,1.6504,1.801,2.17,2.648,3.483
8/16/2017,1.6529,1.823,2.19,2.663,3.495
8/17/2017,1.6503,1.813,2.176,2.643,3.473
8/18/2017,1.6475,1.797,2.157,2.619,3.449
8/21/2017,1.6474,1.814,2.177,2.638,3.468
8/22/2017,1.6501,1.827,2.185,2.645,3.471
8/23/2017,1.6472,1.845,2.207,2.673,3.502
8/24/2017,1.6501,1.824,2.178,2.634,3.458
8/25/2017,1.65,1.833,2.187,2.645,3.471
8/28/2017,1.65,1.861,2.216,2.664,3.49
8/29/2017,1.6626,1.838,2.183,2.625,3.439
8/30/2017,1.6628,1.877,2.224,2.679,3.493
8/31/2017,1.6565,1.885,2.236,2.714,3.535
9/1/2017,1.6637,1.857,2.2,2.66,3.475
9/4/2017,1.664,1.832,2.17,2.624,3.443
9/5/2017,1.6607,1.881,2.217,2.675,3.493
9/6/2017,1.6645,1.836,2.162,2.6,3.416
9/7/2017,1.6611,1.874,2.201,2.639,3.458
9/8/2017,1.6867,1.855,2.161,2.579,3.392
9/11/2017,1.6891,1.861,2.172,2.604,3.424
9/12/2017,1.6874,1.867,2.191,2.64,3.461
9/13/2017,1.6878,1.889,2.218,2.67,3.492
9/14/2017,1.6881,1.912,2.275,2.725,3.543
9/15/2017,1.6871,1.94,2.301,2.742,3.554
9/18/2017,1.6875,1.979,2.356,2.799,3.614
9/19/2017,1.6879,1.996,2.374,2.814,3.618
9/20/2017,1.686,2,2.383,2.829,3.63
9/21/2017,1.7079,1.982,2.374,2.829,3.629
9/22/2017,1.7076,1.962,2.351,2.794,3.585
9/25/2017,1.7058,1.962,2.355,2.8,3.587
9/26/2017,1.7065,1.944,2.337,2.771,3.552
9/27/2017,1.7073,1.947,2.339,2.788,3.552
9/28/2017,1.708,1.974,2.382,2.861,3.625
9/29/2017,1.7058,1.954,2.358,2.839,3.605
10/3/2017,1.7066,1.955,2.36,2.841,3.605
10/4/2017,1.7075,1.94,2.338,2.807,3.574
10/5/2017,1.7229,1.904,2.301,2.782,3.553
10/6/2017,1.6806,1.924,2.329,2.815,3.591
10/9/2017,1.6811,1.914,2.319,2.821,3.595
10/10/2017,1.6816,1.94,2.337,2.831,3.605
10/11/2017,1.6821,1.943,2.335,2.817,3.591
10/12/2017,1.6827,1.937,2.323,2.802,3.575
10/13/2017,1.681,1.927,2.31,2.792,3.578
10/16/2017,1.6816,1.902,2.278,2.748,3.535
10/17/2017,1.6822,1.91,2.29,2.763,3.542
10/18/2017,1.6829,1.894,2.27,2.724,3.499
10/19/2017,1.6835,1.932,2.308,2.763,3.538
10/20/2017,1.6618,1.939,2.319,2.779,3.552
10/23/2017,1.6621,1.947,2.323,2.797,3.57
10/24/2017,1.6624,1.93,2.303,2.773,3.54
10/25/2017,1.6627,1.882,2.261,2.759,3.53
10/26/2017,1.6587,1.862,2.237,2.753,3.53
10/27/2017,1.6642,1.871,2.251,2.774,3.555
10/30/2017,1.6598,1.846,2.221,2.73,3.506
10/31/2017,1.665,1.821,2.18,2.669,3.435
11/1/2017,1.6604,1.834,2.21,2.704,3.475
11/2/2017,1.666,1.818,2.176,2.654,3.423
11/3/2017,1.662,1.768,2.105,2.572,3.341
11/6/2017,1.6566,1.773,2.103,2.569,3.341
11/7/2017,1.663,1.781,2.114,2.582,3.353
11/8/2017,1.6573,1.792,2.119,2.573,3.344
11/9/2017,1.6642,1.796,2.135,2.597,3.369
11/10/2017,1.659,1.795,2.133,2.612,3.385
11/13/2017,1.6595,1.791,2.133,2.623,3.404
11/14/2017,1.7365,1.832,2.183,2.657,3.434
11/15/2017,1.7354,1.781,2.123,2.589,3.371
11/16/2017,1.7362,1.788,2.13,2.582,3.364
11/17/2017,1.7348,1.777,2.12,2.573,3.358
11/20/2017,1.7298,1.769,2.109,2.543,3.324
11/21/2017,1.7424,1.769,2.108,2.548,3.327
11/22/2017,1.7414,1.775,2.101,2.524,3.274
11/23/2017,1.7362,1.761,2.091,2.508,3.264
11/24/2017,1.7368,1.764,2.092,2.504,3.258
11/27/2017,1.7357,1.764,2.089,2.524,3.282
11/28/2017,1.7344,1.742,2.071,2.494,3.254
11/29/2017,1.7375,1.719,2.051,2.47,3.231
11/30/2017,1.7363,1.735,2.081,2.499,3.256
12/1/2017,1.737,1.765,2.109,2.534,3.29
12/4/2017,1.7358,1.779,2.124,2.544,3.301
12/5/2017,1.7345,1.835,2.184,2.599,3.345
12/6/2017,1.7378,1.776,2.117,2.508,3.247
12/7/2017,1.7365,1.778,2.103,2.513,3.25
12/8/2017,1.7349,1.799,2.125,2.529,3.267
12/11/2017,1.736,1.825,2.149,2.558,3.297
12/12/2017,1.7371,1.823,2.139,2.519,3.264
12/13/2017,1.7357,1.842,2.155,2.523,3.27
12/14/2017,1.7369,1.902,2.23,2.555,3.297
12/15/2017,1.7352,1.884,2.204,2.523,3.256
12/18/2017,1.7364,1.901,2.229,2.531,3.254
12/19/2017,1.7377,1.921,2.26,2.575,3.301
12/20/2017,1.7362,1.94,2.29,2.633,3.36
12/21/2017,1.7346,1.968,2.31,2.665,3.397
12/22/2017,1.7385,1.992,2.334,2.711,3.443
12/27/2017,1.7368,2.002,2.341,2.691,3.421
12/28/2017,1.7351,2.006,2.331,2.667,3.392
12/29/2017,1.7345,1.968,2.293,2.63,3.353
1/2/2018,1.7739,2.053,2.369,2.69,3.372
1/3/2018,1.7439,2.047,2.369,2.718,3.393
1/4/2018,1.7447,2.015,2.336,2.68,3.354
1/5/2018,1.7758,1.971,2.296,2.638,3.317
1/8/2018,1.7444,1.979,2.302,2.651,3.326
1/9/2018,1.7435,2,2.324,2.673,3.35
1/10/2018,1.7425,2.01,2.348,2.719,3.397
1/11/2018,1.7767,2.031,2.369,2.734,3.412
1/12/2018,1.7765,2.027,2.366,2.753,3.428
1/15/2018,1.7448,2.043,2.387,2.771,3.441
1/16/2018,1.777,2.06,2.406,2.774,3.446
1/17/2018,1.7447,2.074,2.419,2.789,3.446
1/18/2018,1.7437,2.073,2.446,2.812,3.428
1/19/2018,1.7775,2.107,2.484,2.866,3.489
1/22/2018,1.7435,2.1,2.483,2.862,3.483
1/23/2018,1.7444,2.083,2.466,2.831,3.445
1/24/2018,1.7434,2.079,2.458,2.826,3.437
1/25/2018,1.7766,2.07,2.457,2.846,3.46
1/29/2018,1.7716,2.078,2.468,2.852,3.461
1/30/2018,1.7751,2.085,2.475,2.861,3.471
1/31/2018,1.7505,2.026,2.411,2.813,3.419
2/1/2018,1.7538,1.998,2.388,2.803,3.404
2/2/2018,1.8301,2.005,2.405,2.83,3.42
2/5/2018,1.7679,2.055,2.469,2.936,3.536
2/6/2018,1.767,2.01,2.388,2.822,3.452
2/7/2018,1.7638,1.981,2.388,2.843,3.456
2/8/2018,1.801,2.011,2.425,2.889,3.502
2/9/2018,1.7448,1.975,2.383,2.862,3.478
2/12/2018,1.7889,1.994,2.411,2.912,3.536
2/13/2018,1.7167,1.983,2.396,2.876,3.5
2/14/2018,1.7021,1.982,2.385,2.851,3.471
2/15/2018,1.7317,2.005,2.424,2.921,3.53
2/16/2018,1.7023,2.019,2.43,2.924,3.533
2/19/2018,1.7225,2.018,2.417,2.887,3.496
2/20/2018,1.7292,2.039,2.442,2.901,3.509
2/21/2018,1.7218,2.009,2.406,2.862,3.469
2/22/2018,1.7258,2.002,2.395,2.873,3.49
2/23/2018,1.7968,1.974,2.366,2.848,3.466
2/26/2018,1.7495,1.954,2.334,2.777,3.395
2/27/2018,1.7544,1.952,2.329,2.757,3.374
2/28/2018,1.7465,1.996,2.373,2.808,3.422
3/1/2018,1.7417,1.979,2.341,2.752,3.361
3/2/2018,1.7848,1.963,2.323,2.734,3.342
3/5/2018,1.7275,1.967,2.326,2.744,3.342
3/6/2018,1.7002,2.007,2.373,2.822,3.414
3/7/2018,1.7012,1.988,2.351,2.794,3.386
3/8/2018,1.7247,1.991,2.356,2.804,3.395
3/9/2018,1.8093,2.002,2.366,2.783,3.376
3/12/2018,1.6988,2.031,2.396,2.818,3.413
3/13/2018,1.7041,2.028,2.389,2.804,3.401
3/14/2018,1.7011,1.984,2.329,2.738,3.332
3/15/2018,1.698,1.958,2.285,2.705,3.297
3/16/2018,1.7299,1.961,2.289,2.692,3.285
3/19/2018,1.7031,1.971,2.301,2.704,3.294
3/20/2018,1.6997,1.99,2.316,2.7,3.288
3/21/2018,1.7011,2.016,2.341,2.698,3.292
3/22/2018,1.7131,2.057,2.378,2.7,3.286
3/23/2018,1.7021,2.026,2.327,2.651,3.243
3/26/2018,1.6979,2.037,2.326,2.662,3.259
3/27/2018,1.6996,2.032,2.331,2.654,3.25
3/28/2018,1.7014,1.977,2.272,2.589,3.186
3/29/2018,2.033,2.013,2.298,2.601,3.2
4/3/2018,1.979,2.039,2.338,2.606,3.201
4/4/2018,1.9973,2.06,2.361,2.632,3.226
4/5/2018,2.0041,2.043,2.366,2.665,3.275
4/6/2018,1.9784,2.027,2.353,2.656,3.258
4/9/2018,1.9778,2.023,2.349,2.673,3.273
4/10/2018,1.9848,2.035,2.37,2.704,3.303
4/11/2018,1.9843,2.031,2.367,2.678,3.271
4/12/2018,1.9759,2.029,2.355,2.663,3.254
4/13/2018,2.0396,2.077,2.411,2.736,3.323
4/16/2018,2.0065,2.094,2.431,2.745,3.331
4/17/2018,2.0317,2.118,2.454,2.763,3.353
4/18/2018,2.0146,2.114,2.448,2.748,3.326
4/19/2018,1.9532,2.11,2.463,2.783,3.347
4/20/2018,1.9529,2.098,2.468,2.807,3.373
4/23/2018,1.9705,2.129,2.512,2.865,3.432
4/24/2018,1.9494,2.103,2.486,2.838,3.395
4/26/2018,1.958,2.106,2.504,2.862,3.42
4/27/2018,1.9441,2.08,2.476,2.823,3.377
4/30/2018,1.925,2.042,2.428,2.769,3.291
5/1/2018,1.9556,2.042,2.422,2.756,3.266
5/2/2018,1.958,2.047,2.434,2.795,3.311
5/3/2018,1.9755,2.045,2.443,2.81,3.334
5/4/2018,1.9647,2.023,2.42,2.77,3.288
5/7/2018,2.0003,2.014,2.402,2.755,3.265
5/8/2018,1.9749,2.013,2.381,2.739,3.245
5/9/2018,1.9739,2.016,2.402,2.78,3.284
5/10/2018,1.9292,2.012,2.396,2.774,3.277
5/11/2018,1.9272,2.008,2.394,2.78,3.282
5/14/2018,1.9104,1.993,2.383,2.771,3.266
5/15/2018,1.7294,2.031,2.431,2.829,3.322
5/16/2018,1.7215,2.05,2.461,2.882,3.367
5/17/2018,1.7183,2.05,2.487,2.922,3.407
5/18/2018,1.7078,2.045,2.474,2.902,3.393
5/21/2018,1.6979,2.034,2.459,2.888,3.383
5/22/2018,1.6912,2.034,2.444,2.864,3.359
5/23/2018,1.6825,2.032,2.434,2.839,3.334
5/24/2018,1.6772,2.021,2.411,2.805,3.308
5/25/2018,1.6443,2.005,2.391,2.786,3.3
5/28/2018,1.6824,1.992,2.372,2.753,3.288
5/29/2018,1.91,1.981,2.331,2.685,3.223
5/30/2018,1.9086,1.967,2.301,2.646,3.181
5/31/2018,1.9116,1.981,2.311,2.67,3.192
6/1/2018,1.9119,2.011,2.34,2.702,3.219
6/4/2018,1.9266,2.054,2.383,2.731,3.239
6/5/2018,1.9137,2.041,2.377,2.725,3.237
6/6/2018,1.9147,2.073,2.405,2.761,3.281
6/7/2018,1.9204,2.095,2.455,2.842,3.364
6/8/2018,1.9224,2.051,2.401,2.775,3.298
6/12/2018,1.921,2.068,2.419,2.802,3.314
6/13/2018,1.9221,2.055,2.402,2.776,3.285
6/14/2018,1.9207,2.031,2.358,2.722,3.239
6/15/2018,1.9216,2.016,2.337,2.693,3.209
6/18/2018,1.9229,2.007,2.319,2.672,3.183
6/19/2018,1.9214,2.01,2.284,2.621,3.129
6/20/2018,1.9227,2.048,2.317,2.654,3.158
6/21/2018,1.9212,2.053,2.333,2.673,3.178
6/22/2018,1.9192,2.027,2.303,2.649,3.151
6/25/2018,1.9206,2.029,2.297,2.629,3.13
6/26/2018,1.9221,2.025,2.295,2.641,3.14
6/27/2018,1.9204,2.012,2.284,2.626,3.118
6/28/2018,1.9219,1.99,2.263,2.616,3.098
6/29/2018,1.9233,1.985,2.266,2.631,3.093
7/2/2018,1.9215,1.996,2.228,2.595,3.032
7/3/2018,1.9232,2.015,2.247,2.615,3.054
7/4/2018,1.9213,2.01,2.237,2.584,3.032
7/5/2018,1.9231,2.012,2.239,2.594,3.047
7/6/2018,1.9209,2.032,2.261,2.624,3.109
7/9/2018,1.9188,2.019,2.247,2.611,3.096
7/10/2018,1.9207,2.046,2.276,2.633,3.117
7/11/2018,1.9185,2.016,2.242,2.609,3.09
7/12/2018,1.9205,2.027,2.249,2.629,3.103
7/13/2018,1.9225,2.037,2.253,2.629,3.1
7/16/2018,1.9201,2.039,2.255,2.635,3.111
7/17/2018,1.9225,2.067,2.283,2.657,3.131
7/18/2018,1.9199,2.066,2.271,2.635,3.101
7/19/2018,1.9224,2.101,2.301,2.657,3.124
7/20/2018,1.9252,2.074,2.266,2.616,3.087
7/23/2018,1.9164,2.099,2.299,2.67,3.139
7/24/2018,1.9193,2.121,2.329,2.719,3.195
7/25/2018,1.9223,2.092,2.289,2.679,3.148
7/26/2018,1.9191,2.071,2.271,2.684,3.155
7/27/2018,1.9224,2.048,2.247,2.644,3.112
7/30/2018,1.9187,2.059,2.255,2.649,3.119
7/31/2018,1.9225,2.069,2.263,2.647,3.115
8/1/2018,1.9268,2.082,2.287,2.688,3.151
8/2/2018,1.9227,2.096,2.306,2.729,3.205
8/3/2018,1.9181,2.101,2.311,2.725,3.197
8/7/2018,1.9179,2.06,2.261,2.656,3.13
8/8/2018,1.9239,2.069,2.273,2.677,3.151
8/9/2018,1.9177,2.041,2.244,2.653,3.127
8/10/2018,1.9257,1.996,2.19,2.589,3.064
8/13/2018,1.9173,2.001,2.19,2.58,3.064
8/14/2018,1.9273,1.998,2.191,2.588,3.073
8/15/2018,1.9399,1.994,2.185,2.579,3.077
8/16/2018,1.93,1.992,2.176,2.556,3.053
8/17/2018,1.9167,1.987,2.167,2.545,3.032
8/20/2018,1.8861,1.986,2.162,2.524,3.016
8/21/2018,1.9165,2.004,2.178,2.535,3.037
8/22/2018,,2.001,2.175,2.54,3.044
8/23/2018,,1.98,2.157,2.531,3.049
8/24/2018,2.0405,1.992,2.17,2.535,3.056
8/27/2018,2.0224,2.002,2.185,2.539,3.063
8/28/2018,2.0057,2.007,2.194,2.56,3.081
8/29/2018,1.9663,1.979,2.161,2.548,3.072
8/30/2018,1.9619,1.992,2.172,2.569,3.082
8/31/2018,1.9909,1.966,2.133,2.519,3.03
9/3/2018,1.9709,1.964,2.119,2.519,3.03
9/4/2018,1.9702,1.979,2.13,2.524,3.029
9/5/2018,1.9696,1.997,2.154,2.55,3.055
9/6/2018,1.969,1.989,2.146,2.565,3.068
9/7/2018,1.8896,1.979,2.127,2.548,3.042
9/10/2018,1.888,1.999,2.145,2.577,3.068
9/11/2018,1.8885,2.004,2.146,2.581,3.073
9/12/2018,1.8891,2.003,2.152,2.586,3.077
9/13/2018,1.8897,2.032,2.173,2.604,3.096
9/14/2018,1.8869,2.023,2.16,2.602,3.09
9/17/2018,1.8875,2.027,2.173,2.624,3.112
9/18/2018,1.8881,2.067,2.212,2.661,3.145
9/19/2018,1.8887,2.12,2.273,2.712,3.197
9/20/2018,1.9037,2.12,2.281,2.715,3.196
9/21/2018,1.8889,2.093,2.265,2.701,3.186
9/24/2018,1.8896,2.088,2.27,2.704,3.188
9/25/2018,1.8903,2.109,2.298,2.749,3.229
9/26/2018,1.8885,2.085,2.274,2.733,3.21
9/27/2018,1.8892,2.051,2.245,2.688,3.167
9/28/2018,1.8895,2.034,2.234,2.668,3.146
10/2/2018,1.8903,2.007,2.222,2.669,3.153
10/3/2018,1.8911,1.97,2.189,2.639,3.127
10/4/2018,1.8891,1.994,2.226,2.708,3.194
10/5/2018,1.8886,1.987,2.22,2.714,3.199
10/8/2018,1.8895,2.021,2.258,2.768,3.239
10/9/2018,1.8904,2.037,2.268,2.768,3.244
10/10/2018,1.8914,2.037,2.259,2.748,3.184
10/11/2018,1.9219,2.027,2.23,2.731,3.199
10/12/2018,1.9479,2.047,2.254,2.75,3.229
10/15/2018,1.9558,2.034,2.23,2.692,3.193
10/16/2018,1.818,2.037,2.237,2.712,3.192
10/17/2018,1.8163,2.026,2.222,2.702,3.204
10/18/2018,1.816,2.048,2.255,2.726,3.17
10/19/2018,1.8153,2.026,2.224,2.682,3.155
10/22/2018,1.8165,2.032,2.236,2.703,3.162
10/23/2018,1.8163,2.015,2.216,2.678,3.132
10/24/2018,1.816,2.005,2.206,2.66,3.095
10/25/2018,1.8157,1.986,2.173,2.611,3.12
10/26/2018,1.9344,1.987,2.165,2.596,3.087
10/29/2018,1.9351,1.968,2.14,2.568,3.07
10/30/2018,1.9343,1.9645,2.1465,2.5818,3.0985
10/31/2018,1.935,1.9738,2.1675,2.6273,3.11
11/1/2018,1.9358,2,2.198,2.6463,3.134
11/2/2018,1.9349,2.0215,2.2365,2.6945,3.191
11/5/2018,1.9357,2.0492,2.2698,2.7415,3.254
11/6/2018,1.9366,2.044,2.2635,2.727,3.2693
11/7/2018,1.9374,2.0435,2.2623,2.7268,3.294
11/8/2018,1.9348,2.073,2.3005,2.7567,3.293
11/9/2018,1.9356,2.0825,2.3055,2.7583,3.263
11/12/2018,1.9347,2.0758,2.2948,2.7398,3.2095
11/13/2018,1.9356,2.0658,2.281,2.73,3.2145
11/14/2018,1.9365,2.0518,2.2635,2.7,3.218
11/15/2018,1.9374,2.0763,2.2903,2.715,3.2063
11/16/2018,1.9365,2.0515,2.2615,2.6775,3.1925
11/19/2018,1.9356,2.0418,2.2485,2.662,3.1988
11/20/2018,1.9068,2.057,2.2665,2.6925,3.2268
11/21/2018,1.9055,2.048,2.258,2.6885,3.207
11/22/2018,1.9042,2.0405,2.2455,2.6635,3.182
11/23/2018,1.9063,2.0323,2.2358,2.6498,3.1645
11/26/2018,1.9049,2.021,2.2213,2.634,3.1543
11/27/2018,1.8971,2.0228,2.2215,2.634,3.1338
11/28/2018,1.8978,2.018,2.2155,2.6195,3.1393
11/29/2018,1.8962,2.0048,2.201,2.6005,3.1378
11/30/2018,1.8983,1.9938,2.1865,2.5915,3.115
12/3/2018,1.8967,1.9998,2.1998,2.6145,3.0658
12/4/2018,1.8974,1.9745,2.1493,2.5308,3.0252
12/5/2018,1.8958,1.9608,2.1053,2.5013,3.0213
12/6/2018,1.8989,1.9243,2.0498,2.4505,2.993
12/7/2018,1.8989,1.915,2.0382,2.4453,2.971
12/10/2018,1.8972,1.9223,2.0315,2.4405,2.9855
12/11/2018,1.898,1.9448,2.0553,2.4547,2.9855
12/12/2018,1.8962,1.949,2.0498,2.4465,2.9905
12/13/2018,1.9811,1.9888,2.0818,2.4663,2.9915
12/14/2018,1.9189,1.9833,2.0672,2.4618,2.986
12/17/2018,1.9786,1.9708,2.0438,2.4438,2.9233
12/18/2018,1.9808,1.9513,2.0065,2.419,2.8812
12/19/2018,1.9801,1.9453,1.9763,2.385,2.8593
12/20/2018,1.9824,1.931,1.9363,2.3415,2.8415
12/21/2018,1.9805,1.9728,1.9703,2.3868,2.8548
12/24/2018,2.0203,1.947,1.9335,2.3633,2.832
12/27/2018,1.9285,1.9533,1.9528,2.378,2.8217
12/28/2018,1.9822,1.9345,1.9418,2.362,2.848
12/31/2018,2.0095,1.8998,1.9063,2.3183,2.8013
1/2/2019,1.9272,1.8178,1.9795,2.2888,2.6205
1/3/2019,1.9337,1.7518,1.8958,2.1753,2.673
1/4/2019,1.9288,1.7948,1.9385,2.2345,2.7405
1/7/2019,1.9297,1.811,1.9655,2.2705,2.8128
1/8/2019,1.9286,1.8368,1.9853,2.302,2.8568
1/9/2019,1.9296,1.855,2.002,2.327,2.8195
1/10/2019,1.9285,1.8475,1.9903,2.3173,2.8548
1/11/2019,1.9293,1.84,1.983,2.3072,2.8368
1/14/2019,1.9303,1.8095,1.9528,2.2725,2.8268
1/15/2019,1.9314,1.8263,1.965,2.2875,2.8295
1/16/2019,1.9303,1.8155,1.948,2.2735,2.827
1/17/2019,1.9313,1.8195,1.9393,2.2813,2.8505
1/18/2019,1.9119,1.8443,1.968,2.315,2.8383
1/21/2019,1.9013,1.8418,1.9615,2.311,2.8243
1/22/2019,1.9021,1.8443,1.956,2.3005,2.799
1/23/2019,1.9005,1.8235,1.931,2.28,2.7903
1/24/2019,1.9013,1.8005,1.906,2.2718,2.724
1/25/2019,1.9047,1.751,1.8485,2.211,2.711
1/29/2019,1.9031,1.7608,1.8633,2.2315,2.7352
1/30/2019,1.904,1.7933,1.8885,2.2415,2.7318
1/31/2019,1.9023,1.7955,1.8835,2.2425,2.7395
2/1/2019,1.9024,1.7763,1.8518,2.206,2.741
2/4/2019,1.9006,1.7898,1.8673,2.2308,2.7685
2/5/2019,1.9016,1.806,1.8815,2.246,2.7668
2/6/2019,1.8997,1.7145,1.7813,2.183,2.7
2/7/2019,1.9007,1.7025,1.7515,2.1493,2.6535
2/8/2019,1.9009,1.6713,1.71,2.1037,2.6608
2/11/2019,1.8989,1.677,1.7048,2.0637,2.6208
2/12/2019,1.8999,1.713,1.75,2.1163,2.6733
2/13/2019,1.9011,1.7413,1.7828,2.1502,2.7005
2/14/2019,1.899,1.7488,1.7845,2.1458,2.6325
2/15/2019,1.8991,1.7203,1.7473,2.0998,2.6463
2/18/2019,1.9039,1.748,1.7763,2.1395,2.667
2/19/2019,1.9016,1.7448,1.7675,2.135,2.6578
2/20/2019,1.9029,1.7108,1.7275,2.1,2.6403
2/21/2019,1.9006,1.657,1.676,2.055,2.649
2/22/2019,1.901,1.6973,1.7205,2.0963,2.6415
2/25/2019,1.8739,1.7118,1.735,2.0858,2.6445
2/26/2019,1.9002,1.7133,1.7355,2.0915,2.6325
2/27/2019,1.9024,1.6963,1.718,2.0725,2.6798
2/28/2019,1.8979,1.6925,1.723,2.103,2.7213
3/1/2019,1.9078,1.7318,1.7723,2.152,2.7058
3/4/2019,1.9067,1.7468,1.7965,2.191,2.7168
3/5/2019,1.909,1.7235,1.764,2.1555,2.7093
3/6/2019,1.9096,1.6588,1.6973,2.0953,2.6243
3/7/2019,1.8223,1.6773,1.7025,2.0853,2.5973
3/8/2019,1.8235,1.6518,1.6675,2.03,2.6013
3/11/2019,1.8215,1.6593,1.671,2.0308,2.6053
3/12/2019,1.8213,1.6638,1.672,2.033,2.5688
3/13/2019,1.821,1.5983,1.607,1.9625,2.5678
3/14/2019,1.8227,1.5853,1.5985,1.9725,2.5778
3/15/2019,1.8221,1.5953,1.6113,1.979,2.5995
3/18/2019,1.8219,1.6038,1.6175,1.9835,2.579
3/19/2019,1.8236,1.5623,1.5675,1.933,2.5563
3/20/2019,1.8234,1.5478,1.5595,1.9368,2.5335
3/21/2019,1.8232,1.5298,1.5275,1.879,2.5252
3/22/2019,1.8205,1.4968,1.496,1.8338,2.4668
3/25/2019,1.7949,1.47,1.4558,1.78,2.389
3/26/2019,1.7986,1.5143,1.491,1.8248,2.4478
3/27/2019,1.7981,1.48,1.4388,1.774,2.3895
3/28/2019,1.7976,1.4535,1.4125,1.7255,2.385
3/29/2019,1.7984,1.4617,1.4398,1.7748,2.3993
4/1/2019,1.7978,1.4788,1.463,1.8018,
4/2/2019,1.7973,1.4438,1.4338,1.8105,
4/3/2019,1.7968,1.4603,1.4703,1.8393,
4/4/2019,1.7962,1.492,1.5095,1.893,
4/5/2019,1.797,1.503,1.5255,1.905,
4/8/2019,1.7964,1.4743,1.497,1.8735,
4/9/2019,1.7984,1.4828,1.505,1.8975,
4/10/2019,1.7875,1.4857,1.506,1.8723,
4/11/2019,1.7763,1.4808,1.5005,1.857,
4/12/2019,1.7763,1.4888,1.517,1.8825,
4/15/2019,1.7754,1.5223,1.5638,1.9503,
4/16/2019,1.7744,1.496,1.5395,1.9305,
4/17/2019,1.7763,1.5053,1.554,1.9555,
4/18/2019,1.7744,1.509,1.5595,1.9498,
4/23/2019,1.7765,1.4693,1.517,1.8948,
4/24/2019,1.7744,1.317,1.3768,1.788,
4/26/2019,1.6533,1.3345,1.3925,1.778,
4/29/2019,1.6499,1.3395,1.3952,1.7908,
4/30/2019,1.6499,1.3218,1.3785,1.787,
5/1/2019,1.6499,1.3163,1.375,1.7808,
5/2/2019,1.59,1.319,1.385,1.786,
5/3/2019,1.5901,1.316,1.383,1.79,
5/6/2019,1.5888,1.2845,1.3375,1.7365,
5/7/2019,1.5916,1.3635,1.3965,1.7823,
5/8/2019,1.5903,1.3283,1.3565,1.7335,
5/9/2019,1.5933,1.3103,1.3375,1.7118,
5/10/2019,1.589,1.3145,1.3453,1.729,
5/13/2019,1.5875,1.306,1.3355,1.723,
5/14/2019,1.5908,1.2825,1.3108,1.6993,
5/15/2019,1.5892,1.279,1.3108,1.6923,
5/16/2019,1.5928,1.225,1.2638,1.6398,
5/17/2019,1.5876,1.2117,1.266,1.6398,
5/20/2019,1.5868,1.256,1.314,1.6743,
5/21/2019,1.5881,1.201,1.263,1.634,
5/22/2019,1.5873,1.1968,1.2643,1.6345,
5/23/2019,1.5866,1.1532,1.2273,1.5803,
5/24/2019,1.5863,1.1067,1.1795,1.5193,
5/27/2019,1.5877,1.1372,1.2108,1.5498,
5/28/2019,1.589,1.1278,1.1993,1.534,
5/29/2019,1.5861,1.1075,1.1675,1.483,
5/30/2019,1.5174,1.1418,1.2063,1.5325,
5/31/2019,1.5192,1.1147,1.1605,1.4577,
6/3/2019,1.5198,1.1298,1.1885,1.5078,
6/4/2019,1.5181,1.1215,1.1825,1.501,
6/5/2019,1.5187,1.0843,1.147,1.4815,
6/6/2019,1.517,1.0633,1.122,1.4678,
6/7/2019,1.5196,1.0793,1.1335,1.4718,
6/11/2019,1.5356,1.064,1.115,1.4528,
6/12/2019,1.5495,1.0448,1.091,1.426,
6/13/2019,1.4484,1.01,1.0548,1.4032,
6/14/2019,1.4502,0.9993,1.0415,1.3703,
6/17/2019,1.45,1.0328,1.073,1.3875,
6/18/2019,1.4497,1.0133,1.053,1.3693,
6/19/2019,1.4494,0.979,1.0188,1.3395,
6/20/2019,1.4491,0.935,0.971,1.2945,
6/21/2019,1.4313,0.9075,0.947,1.2803,
6/24/2019,1.4339,0.9148,0.958,1.2965,
6/25/2019,1.4351,0.9073,0.9495,1.2828,
6/26/2019,1.4363,0.9495,0.97,1.2785,
6/27/2019,1.4376,0.9863,1.0248,1.3475,
6/28/2019,1.4382,0.9775,1.0135,1.322,
7/1/2019,1.4395,0.9828,1.0353,1.356,1.9555
7/2/2019,1.4425,0.9678,1.0265,1.3335,1.9365
7/3/2019,1.4422,0.929,0.981,1.2785,1.915
7/4/2019,1.1496,0.9413,0.994,1.292,1.9313
7/5/2019,1.1508,0.9413,0.9865,1.2818,1.9175
7/8/2019,1.1581,0.9633,1.0093,1.3203,1.9535
7/9/2019,1.1655,0.9588,1,1.3178,1.937
7/10/2019,1.1591,0.9833,1.0263,1.3533,1.9715
7/11/2019,1.1667,0.9453,0.993,1.3333,1.9673
7/12/2019,1.1488,0.9915,1.054,1.4375,2.078
7/15/2019,1.1492,0.997,1.0695,1.4533,2.102
7/16/2019,1.1515,0.964,1.0328,1.403,2.0492
7/17/2019,1.1502,0.948,1.0173,1.393,2.0365
7/18/2019,1.1582,0.9468,0.9985,1.3483,1.9925
7/19/2019,1.1561,0.956,1.008,1.3527,1.9943
7/22/2019,1.1586,0.9498,0.9965,1.3315,1.9673
7/23/2019,1.1573,0.9468,0.9805,1.3167,1.9468
7/24/2019,1.1579,0.9138,0.9495,1.2965,1.9333
7/25/2019,1.1222,0.8733,0.901,1.228,1.8793
7/26/2019,1.1229,0.88,0.896,1.2285,1.8853
7/29/2019,1.1232,0.8613,0.873,1.2088,1.8673
7/30/2019,1.1234,0.85,0.8605,1.204,1.8565
7/31/2019,1.1237,0.8408,0.842,1.1848,1.8425
8/1/2019,1.124,0.8698,0.8705,1.2093,1.8653
8/2/2019,1.1206,0.7913,0.771,1.085,1.7483
8/6/2019,1.1208,0.7588,0.725,1.0405,1.7148
8/7/2019,1.1211,0.714,0.6675,0.9583,1.6372
8/8/2019,1.1213,0.7415,0.6975,0.9773,1.6372
8/9/2019,1.0282,0.7268,0.6743,0.9578,1.6077
8/12/2019,1.042,0.723,0.6715,0.9575,1.6058
8/13/2019,1.0561,0.717,0.665,0.9325,1.5618
8/14/2019,1.0371,0.7235,0.6745,0.942,1.5467
8/15/2019,1.0177,0.7243,0.661,0.888,1.441
8/16/2019,1.017,0.729,0.6647,0.8835,1.4393
8/19/2019,1.0161,0.7378,0.676,0.9138,1.4943
8/20/2019,1.0152,0.737,0.6865,0.9418,1.541
8/21/2019,0.9943,0.7318,0.6795,0.9315,1.55
8/22/2019,1.0053,0.7288,0.676,0.9108,1.5318
8/23/2019,0.9853,0.75,0.7112,0.973,1.599
8/26/2019,1.0093,0.7045,0.662,0.8858,1.5143
8/27/2019,1.0019,0.732,0.689,0.906,1.5345
8/28/2019,0.9856,0.727,0.6783,0.8855,1.492
8/29/2019,1.0039,0.721,0.6715,0.876,1.4755
8/30/2019,1.0026,0.7215,0.6715,0.885,1.4755
9/2/2019,1.0037,0.735,0.6918,0.92,1.509
9/3/2019,0.9932,0.7468,0.6995,0.9388,1.529
9/4/2019,1.0083,0.7695,0.718,0.9308,1.524
9/5/2019,0.9999,0.801,0.7475,0.9713,1.5595
9/6/2019,1.0008,0.8635,0.8255,1.089,1.679
9/9/2019,0.9869,0.8555,0.8063,1.03,1.62
9/10/2019,0.993,0.875,0.8313,1.0775,1.6635
9/11/2019,1.0483,0.9018,0.8705,1.141,1.7295
9/12/2019,1.0554,0.9043,0.879,1.1538,1.7388
9/13/2019,1.0343,0.907,0.8978,1.1568,1.7403
9/16/2019,1.0555,0.9213,0.9265,1.19,1.7633
9/17/2019,1.0436,0.8718,0.865,1.1325,1.7088
9/18/2019,1.0427,0.8765,0.8658,1.1372,1.723
9/19/2019,1.0389,0.7933,0.7888,1.0598,1.6473
9/20/2019,1.0359,0.761,0.754,1.02,1.6075
9/23/2019,1.038,0.76,0.749,1.0003,1.5863
9/24/2019,1.0464,0.7443,0.732,0.9623,1.5533
9/25/2019,1.0519,0.7375,0.7175,0.9413,1.5378
9/26/2019,1.0543,0.7303,0.7152,0.9503,1.5462
9/27/2019,1.0622,0.731,0.7155,0.9455,1.545
9/30/2019,1.0615,0.7703,0.752,1.0178,1.6273
10/1/2019,0.9531,0.6775,0.6778,0.9728,1.5787
10/2/2019,0.9063,0.6478,0.6495,0.9638,1.5713
10/3/2019,0.9136,0.626,0.6293,0.9193,1.532
10/4/2019,0.9176,0.6125,0.6145,0.8903,1.488
10/8/2019,0.901,0.6188,0.6178,0.8938,1.4675
10/9/2019,0.8965,0.615,0.614,0.8818,1.4762
10/10/2019,0.9135,0.614,0.612,0.8948,1.5555
10/11/2019,0.9087,0.6885,0.707,1.015,1.6003
10/14/2019,0.9471,0.7035,0.727,1.0427,1.6073
10/15/2019,0.9331,0.691,0.713,1.0138,1.6448
10/16/2019,0.9489,0.7095,0.736,1.0488,1.6413
10/17/2019,0.9499,0.7545,0.781,1.1005,1.7208
10/18/2019,0.9475,0.7663,0.795,1.1023,1.6905
10/21/2019,0.9545,0.7845,0.821,1.1477,1.7483
10/22/2019,0.9497,0.7895,0.83,1.1677,1.7105
10/23/2019,0.951,0.7555,0.7893,1.1033,1.6875
10/24/2019,0.9458,0.74,0.7697,1.0833,1.642
10/25/2019,0.8687,0.7263,0.7535,1.0583,1.645
10/28/2019,0.866,0.7493,0.7808,1.0953,1.7243
10/29/2019,0.8718,0.8195,0.8588,1.1823,1.739
10/30/2019,0.8735,0.7943,0.8238,1.1372,1.6738
10/31/2019,0.8926,0.821,0.8478,1.1388,1.666
11/1/2019,0.8985,0.8013,0.8218,1.097,1.671
11/4/2019,0.896,0.8423,0.8695,1.1768,1.7645
11/5/2019,0.8958,0.8708,0.8993,1.201,1.8148
11/6/2019,0.865,0.894,0.9323,1.2713,1.819
11/7/2019,0.8976,0.8578,0.8963,1.211,1.8718
11/8/2019,0.9454,0.8858,0.9345,1.2913,1.886
11/11/2019,0.9511,0.8713,0.9245,1.2965,1.878
11/12/2019,0.9423,0.8518,0.9058,1.283,1.872
11/13/2019,0.9407,0.8348,0.8865,1.2715,1.8245
11/14/2019,0.9428,0.7625,0.8063,1.1768,1.75
11/15/2019,0.9494,0.7725,0.8113,1.1615,1.7845
11/18/2019,0.9459,0.774,0.8135,1.1665,1.768
11/19/2019,0.9442,0.7485,0.7817,1.1292,1.7323
11/20/2019,0.9445,0.7415,0.761,1.0728,1.653
11/21/2019,0.9307,0.7533,0.7693,1.0738,1.7125
11/22/2019,0.9312,0.7615,0.7853,1.0987,1.6935
11/25/2019,0.9292,0.7623,0.7803,1.0918,1.667
11/26/2019,0.9315,0.7633,0.7755,1.0773,1.631
11/27/2019,0.9015,0.683,0.6915,1.0183,1.6
11/28/2019,0.9144,0.6547,0.667,0.9993,1.6027
11/29/2019,0.9144,0.6765,0.693,1.0343,1.618
12/2/2019,0.9075,0.7098,0.7335,1.0945,1.7148
12/3/2019,0.9166,0.7868,0.8128,1.1948,1.6975
12/4/2019,0.9072,0.7085,0.719,1.0613,1.6795
12/5/2019,0.9,0.7145,0.7278,1.0923,1.722
12/6/2019,0.8969,0.7308,0.7477,1.127,1.7333
12/9/2019,0.8991,0.747,0.7623,1.151,1.713
12/10/2019,0.8963,0.7258,0.7348,1.106,1.7355
12/11/2019,0.8986,0.7593,0.761,1.1543,1.76
12/12/2019,0.9115,0.748,0.752,1.1313,1.8635
12/13/2019,0.914,0.8162,0.8508,1.256,1.8603
12/16/2019,0.9168,0.7723,0.7998,1.1558,1.792
12/17/2019,0.914,0.7493,0.7785,1.1568,1.7775
12/18/2019,0.9111,0.7817,0.814,1.2058,1.8365
12/19/2019,0.9081,0.842,0.884,1.2685,1.9005
12/20/2019,0.9047,0.877,0.9233,1.286,1.8955
12/23/2019,0.9076,0.8895,0.9383,1.297,1.919
12/24/2019,0.9105,0.9035,0.9518,1.311,1.9218
12/27/2019,0.8999,0.913,0.96,1.3068,1.919
12/30/2019,0.9383,0.9038,0.9513,1.307,1.9728
12/31/2019,0.9429,0.9208,0.9918,1.3705,1.991
1/2/2020,0.9286,0.881,0.9535,1.343,1.9185
1/3/2020,0.9573,0.8263,0.885,1.2523,1.869
1/6/2020,0.9542,0.7985,0.8475,1.2018,1.825
1/7/2020,0.9468,0.7978,0.847,1.216,1.796
1/8/2020,0.9475,0.7763,0.823,1.183,1.8615
1/9/2020,0.9396,0.8058,0.858,1.2357,1.8585
1/10/2020,0.9368,0.8198,0.8708,1.2542,1.8785
1/13/2020,0.9374,0.8048,0.8488,1.2128,1.8448
1/14/2020,0.943,0.823,0.8733,1.2553,1.836
1/15/2020,0.9387,0.8095,0.8548,1.2105,1.785
1/16/2020,0.9446,0.7873,0.8278,1.1828,1.8
1/17/2020,0.932,0.7757,0.818,1.177,1.791
1/20/2020,0.9303,0.7653,0.8095,1.1723,1.7948
1/21/2020,0.9304,0.7565,0.7988,1.1578,1.7495
1/22/2020,0.9266,0.7235,0.7593,1.1147,1.6965
1/23/2020,0.8985,0.7525,0.782,1.1038,1.672
1/24/2020,0.904,0.7577,0.7865,1.0867,1.6835
1/28/2020,0.8932,0.6703,0.6723,0.952,1.6003
1/29/2020,0.9209,0.7068,0.725,1.0118,1.5563
1/30/2020,0.8882,0.661,0.6723,0.9633,1.5725
1/31/2020,0.9166,0.6545,0.6618,0.9523,1.5455
2/3/2020,0.9143,0.6295,0.6293,0.9253,1.4798
2/4/2020,0.8818,0.6555,0.6555,0.9233,1.5935
2/5/2020,0.9166,0.7483,0.7545,1.0318,1.6623
2/6/2020,0.9404,0.7897,0.798,1.092,1.6845
2/7/2020,0.9241,0.7505,0.7545,1.0423,1.643
2/10/2020,0.9342,0.736,0.733,1.0075,1.606
2/11/2020,0.8963,0.742,0.744,1.0173,1.638
2/12/2020,0.9373,0.772,0.7745,1.062,1.6905
2/13/2020,0.9036,0.7665,0.7613,1.042,1.6753
2/14/2020,0.9414,0.7573,0.7518,1.0468,1.6588
2/17/2020,0.9029,0.7625,0.7623,1.0515,1.6745
2/18/2020,0.9393,0.7523,0.7475,1.033,1.6415
2/19/2020,0.8997,0.7483,0.745,1.037,1.6303
2/20/2020,0.9372,0.7112,0.708,1.0025,1.554
2/21/2020,0.927,0.6718,0.6655,0.938,1.527
2/24/2020,0.9377,0.6525,0.65,0.9183,1.4715
2/25/2020,0.9358,0.6635,0.6585,0.9275,1.4817
2/26/2020,0.9015,0.6427,0.6325,0.9175,1.481
2/27/2020,0.9013,0.6045,0.5822,0.8533,1.425
2/28/2020,0.9008,0.5463,0.5297,0.8182,1.397
3/2/2020,0.6488,0.4725,0.4805,0.804,1.4335
3/3/2020,0.5736,0.4625,0.4823,0.7923,1.396
3/4/2020,0.5669,0.3905,0.41,0.7188,1.4648
3/5/2020,0.5553,0.4215,0.4485,0.7797,1.3655
3/6/2020,0.5951,0.3973,0.3908,0.6755,1.302
3/9/2020,0.6032,0.425,0.4015,0.611,1.1635
3/10/2020,0.6014,0.4958,0.508,0.793,1.3955
3/11/2020,0.6022,0.4233,0.4308,0.6785,1.3998
3/12/2020,0.6029,0.4435,0.4485,0.7685,1.529
3/13/2020,0.5972,0.5708,0.5958,0.9783,1.8013
3/16/2020,0.5979,0.5037,0.5185,0.9105,1.7475
3/17/2020,0.6043,0.5243,0.5402,1.0343,1.9985
3/18/2020,0.6023,0.5478,0.5503,1.2145,2.1813
3/19/2020,0.4261,0.3395,0.425,1.4897,2.1955
3/20/2020,0.5232,0.2713,0.3777,1.1423,1.9775
3/23/2020,0.523,0.274,0.3708,0.9145,1.7375
3/24/2020,0.5227,0.2925,0.3665,0.8958,1.7952
3/25/2020,0.5582,0.2735,0.384,0.9783,1.8223
3/26/2020,0.494,0.273,0.374,0.9273,1.8008
3/27/2020,0.4526,0.2393,0.366,0.9248,1.8353
3/30/2020,0.3884,0.2585,0.3553,0.7835,1.7395
3/31/2020,0.3717,0.2498,0.3373,0.7625,1.6153
4/1/2020,0.4083,0.2058,0.3688,0.678,1.503
4/2/2020,0.3457,0.2218,0.4015,0.768,1.5663
4/3/2020,0.363,0.214,0.3925,0.7625,1.6
4/6/2020,0.2968,0.2185,0.402,0.776,1.6165
4/7/2020,0.2959,0.2248,0.4245,0.9198,1.7855
4/8/2020,0.2973,0.2218,0.4223,0.9183,1.797
4/9/2020,0.2977,0.2323,0.4458,0.9088,1.7965
4/14/2020,0.2967,0.232,0.4485,0.9258,1.8243
4/15/2020,0.2932,0.2368,0.451,0.9148,1.8165
4/16/2020,0.2635,0.223,0.424,0.8465,1.752
4/17/2020,0.2537,0.2255,0.4245,0.8578,1.7378
4/20/2020,0.2545,0.226,0.4233,0.8365,1.706
4/21/2020,0.269,0.23,0.4283,0.8578,1.6878
4/22/2020,0.2739,0.2248,0.4163,0.8413,1.645
4/23/2020,0.1966,0.235,0.43,0.8775,1.6405
4/24/2020,0.195,0.2323,0.4348,0.88,1.643
4/27/2020,0.1973,0.234,0.4448,0.9125,1.675
4/28/2020,0.1974,0.2288,0.4365,0.9268,1.69
4/29/2020,0.1955,0.2228,0.429,0.9195,1.683
4/30/2020,0.1956,0.2178,0.4167,0.8913,1.65
5/1/2020,0.1961,0.2128,0.406,0.8715,1.669
5/4/2020,0.1666,0.2115,0.3858,0.8318,1.6353
5/5/2020,0.1687,0.2125,0.388,0.868,1.6625
5/6/2020,0.1662,0.2268,0.4035,0.9175,1.713
5/7/2020,0.166,0.2278,0.4018,0.9298,1.7425
5/8/2020,0.2517,0.213,0.3815,0.894,1.7078
5/11/2020,0.1275,0.2148,0.391,0.9633,1.7665
5/12/2020,0.1268,0.2255,0.3895,0.9565,1.8038
5/13/2020,0.126,0.2343,0.3873,0.959,1.7975
5/14/2020,0.1956,0.2505,0.369,0.899,1.7378
5/15/2020,0.196,0.2528,0.3813,0.9108,1.6885
5/18/2020,0.1962,0.2528,0.38,0.9125,1.679
5/19/2020,0.1983,0.2653,0.4003,0.9793,1.7515
5/20/2020,0.2223,0.2613,0.4,0.949,1.7328
5/21/2020,0.2006,0.2542,0.3868,0.9145,1.706
5/22/2020,0.1971,0.256,0.3853,0.867,1.6653
5/25/2020,0.1952,0.261,0.3878,0.8595,1.657
5/26/2020,0.1974,0.2663,0.3945,0.8853,1.6888
5/27/2020,0.1998,0.26,0.392,0.8803,1.6863
5/28/2020,0.2021,0.264,0.396,0.8798,1.6863
5/29/2020,0.2051,0.2663,0.3945,0.8845,1.687
6/1/2020,0.2077,0.2663,0.3878,0.8953,1.7203
6/2/2020,0.2057,0.2665,0.3855,0.9058,1.753
6/3/2020,0.1966,0.2725,0.398,0.968,1.8232
6/4/2020,0.2063,0.2838,0.414,1.0213,1.876
6/5/2020,0.2051,0.2865,0.4285,1.0928,1.9518
6/9/2020,0.2029,0.2793,0.4125,1.0485,1.9098
6/10/2020,0.2057,0.2805,0.4093,1.0187,1.8723
6/11/2020,0.206,0.2725,0.374,0.9213,1.7663
6/12/2020,0.1935,0.269,0.3715,0.9088,1.7367
6/15/2020,0.1909,0.265,0.365,0.8593,1.6913
6/16/2020,0.1938,0.267,0.381,0.9158,1.7515
6/17/2020,0.1968,0.2665,0.3835,0.9163,1.7618
6/18/2020,0.2028,0.2565,0.3758,0.8813,1.7228
6/19/2020,0.2069,0.261,0.3782,0.8623,1.7103
6/22/2020,0.2073,0.2605,0.3782,0.867,1.7048
6/23/2020,0.2077,0.26,0.3905,0.9018,1.7345
6/24/2020,0.205,0.2525,0.3983,0.9225,1.7583
6/25/2020,0.2054,0.251,0.388,0.8825,1.7048
6/26/2020,0.1929,0.248,0.3833,0.8653,1.697
6/29/2020,0.1931,0.252,0.3878,0.882,1.7253
6/30/2020,0.204,0.249,0.3885,0.8703,1.7145
7/1/2020,0.189,0.2548,0.4013,0.9353,1.789
7/2/2020,0.1934,0.251,0.3963,0.924,1.7785
7/3/2020,0.1961,0.2512,0.3988,0.9043,1.8015
7/6/2020,0.194,0.2502,0.4043,0.9245,1.8288
7/7/2020,0.1941,0.2508,0.392,0.8845,1.8208
7/8/2020,0.1943,0.249,0.3873,0.8703,1.7735
7/9/2020,0.1944,0.2522,0.4008,0.8975,1.807
7/10/2020,0.1949,0.2478,0.3948,0.858,1.764
7/13/2020,0.2001,0.2573,0.4145,0.9008,1.8103
7/14/2020,0.2029,0.263,0.4195,0.9105,1.8205
7/15/2020,0.1929,0.2585,0.4093,0.8715,1.7923
7/16/2020,0.1956,0.259,0.4103,0.8825,1.8065
7/17/2020,0.1989,0.2603,0.405,0.8683,1.7918
7/20/2020,0.1992,0.2635,0.4103,0.888,1.8108
7/21/2020,0.1994,0.2625,0.4085,0.8635,1.7783
7/22/2020,0.1968,0.269,0.415,0.888,1.7838
7/23/2020,0.1681,0.2645,0.4068,0.862,1.733
7/24/2020,0.1704,0.2645,0.4023,0.866,1.7235
7/27/2020,0.1671,0.2695,0.407,0.8858,1.7403
7/28/2020,0.192,0.2703,0.4143,0.9185,1.7893
7/29/2020,0.1793,0.2675,0.4013,0.8753,1.7403
7/30/2020,0.1793,0.2655,0.3938,0.8548,1.7153
7/31/2020,0.1861,0.266,0.3868,0.815,1.6543
8/4/2020,0.1861,0.2565,0.3718,0.831,1.681
8/5/2020,0.1862,0.257,0.368,0.8205,1.7615
8/6/2020,0.1825,0.2645,0.376,0.8535,1.7863
8/7/2020,0.1614,0.2575,0.3708,0.828,1.733
8/10/2020,0.1709,0.2603,0.3765,0.8638,1.7503
8/11/2020,0.1708,0.261,0.384,0.8678,1.762
8/12/2020,0.1707,0.261,0.3915,0.918,1.8393
8/13/2020,0.1565,0.2618,0.3945,0.8883,1.803
8/14/2020,0.1556,0.2625,0.41,0.9335,1.8508
8/17/2020,0.1574,0.2655,0.405,0.8988,1.82
8/18/2020,0.155,0.2668,0.397,0.8693,1.7888
8/19/2020,0.1568,0.267,0.392,0.8653,1.7748
8/20/2020,0.1456,0.263,0.391,0.8543,1.751
8/21/2020,0.1465,0.2625,0.393,0.879,1.7735
8/24/2020,0.146,0.2605,0.391,0.8555,1.7435
8/25/2020,0.1456,0.2468,0.3945,0.8855,1.7795
8/26/2020,0.1475,0.2502,0.4115,0.95,1.8445
8/27/2020,0.1351,0.248,0.401,0.9155,1.8185
8/28/2020,0.1357,0.2535,0.422,1.02,1.9415
8/31/2020,0.135,0.2522,0.4195,0.982,1.9115
9/1/2020,0.1344,0.243,0.414,0.97,1.9
9/2/2020,0.1311,0.2458,0.407,0.9325,1.8535
9/3/2020,0.133,0.2453,0.391,0.9085,1.8133
9/4/2020,0.139,0.2428,0.3835,0.89,1.7895
9/7/2020,0.1383,0.243,0.395,0.9675,1.8768
9/8/2020,0.1376,0.2455,0.3975,0.972,1.905
9/9/2020,0.1369,0.239,0.379,0.892,1.8208
9/10/2020,0.1362,0.2203,0.3825,0.9325,1.8825
9/11/2020,0.1369,0.2173,0.379,0.9115,1.856
9/14/2020,0.1361,0.2022,0.3532,0.869,1.819
9/15/2020,0.1385,0.1933,0.34,0.8655,1.82
9/16/2020,0.1345,0.1855,0.3345,0.868,1.8248
9/17/2020,0.1304,0.175,0.3343,0.8453,1.8095
9/18/2020,0.1309,0.1788,0.3642,0.8873,1.8468
9/21/2020,0.1334,0.1685,0.358,0.8528,1.8055
9/22/2020,0.1324,0.1615,0.339,0.8293,1.7675
9/23/2020,0.1205,0.1488,0.3055,0.804,1.7708
9/24/2020,0.1155,0.1445,0.2905,0.8035,1.7563
9/25/2020,0.1151,0.148,0.2917,0.7975,1.7435
9/28/2020,0.1176,0.149,0.2763,0.7725,1.7053
9/29/2020,0.1162,0.1533,0.2815,0.778,1.7068
9/30/2020,0.1146,0.155,0.286,0.7873,1.7188
10/1/2020,0.1074,0.1795,0.379,0.896,1.7893
10/2/2020,0.1111,0.179,0.3512,0.8325,1.7328
10/6/2020,0.1121,0.1765,0.3572,0.8843,1.7725
10/7/2020,0.1099,0.147,0.3173,0.8395,1.803
10/8/2020,0.1092,0.1523,0.3238,0.866,1.8093
10/9/2020,0.1089,0.15,0.3188,0.85,1.787
10/12/2020,0.1065,0.1475,0.3177,0.8465,1.7818
10/13/2020,0.1075,0.1495,0.3155,0.848,1.7643
10/14/2020,0.1068,0.152,0.3167,0.8378,1.778
10/15/2020,0.1095,0.1443,0.2915,0.766,1.6818
10/16/2020,0.1092,0.1392,0.2743,0.722,1.6715
10/19/2020,0.1121,0.143,0.2845,0.752,1.7065
10/20/2020,0.1187,0.129,0.282,0.758,1.717
10/21/2020,0.1125,0.1268,0.2927,0.8,1.77
10/22/2020,0.0782,0.1258,0.2893,0.811,1.804
10/23/2020,0.0788,0.128,0.2985,0.856,1.814
10/26/2020,0.0777,0.1145,0.2863,0.806,1.742
10/27/2020,0.0785,0.1138,0.2803,0.8018,1.735
10/28/2020,0.0774,0.1133,0.28,0.783,1.7435
10/29/2020,0.0682,0.1143,0.2823,0.8155,1.7915
10/30/2020,0.0664,0.1125,0.2815,0.8278,1.795
11/2/2020,0.065,0.1135,0.2793,0.8233,1.78
11/3/2020,0.0403,0.0965,0.2488,0.7715,1.82
11/4/2020,0.0344,0.1028,0.26,0.7917,1.739
11/5/2020,0.0304,0.1013,0.25,0.741,1.719
11/6/2020,0.0315,0.1,0.2568,0.753,1.7125
11/9/2020,0.0319,0.0968,0.2538,0.769,1.8918
11/10/2020,0.0347,0.1025,0.3035,0.9203,1.949
11/11/2020,0.0351,0.1048,0.3325,0.9945,1.9095
11/12/2020,0.0427,0.1003,0.3047,0.9138,1.8613
11/13/2020,0.0271,0.1063,0.3043,0.8805,1.868
11/16/2020,0.025,0.0998,0.3015,0.8915,1.9103
11/17/2020,0.038,0.1008,0.3193,0.9558,1.868
11/18/2020,0.0257,0.0978,0.2985,0.8863,1.8663
11/19/2020,0.0209,0.0988,0.2995,0.8865,1.8303
11/20/2020,0.0245,0.0968,0.289,0.8618,1.838
11/23/2020,0.0221,0.0908,0.2825,0.8463,1.8448
11/24/2020,0.0225,0.0918,0.2947,0.8915,1.9168
11/25/2020,0.0228,0.0948,0.303,0.9325,1.9128
11/26/2020,0.0174,0.0945,0.296,0.912,1.89
11/27/2020,0.0061,0.0895,0.2953,0.9008,1.886
11/30/2020,0.0124,0.091,0.2963,0.8963,1.8973
12/1/2020,-0.0063,0.0955,0.3015,0.917,1.9793
12/2/2020,0.0128,0.0973,0.3235,0.982,2.022
12/3/2020,0.013,0.1018,0.333,1.0155,2.0243
12/4/2020,0.0172,0.0998,0.3335,0.993,2.0172
12/7/2020,0.0175,0.0975,0.338,1.036,2.0222
12/8/2020,-0.0036,0.0938,0.3345,1.023,2.0128
12/9/2020,-0.0146,0.0935,0.3353,1.0248,2.012
12/10/2020,-0.0186,0.0878,0.3298,0.9865,1.9735
12/11/2020,-0.0476,0.0872,0.3415,0.9855,1.972
12/14/2020,-0.0162,0.0945,0.3375,0.964,1.955
12/15/2020,-0.0207,0.0938,0.3435,0.9628,1.971
12/16/2020,-0.0467,0.0968,0.3475,0.9613,1.968
12/17/2020,-0.0174,0.1065,0.3712,0.9873,1.961
12/18/2020,-0.0515,0.106,0.37,0.9863,1.964
12/21/2020,-0.0528,0.0898,0.3512,0.9603,1.94
12/22/2020,-0.0641,0.0842,0.3375,0.9503,1.916
12/23/2020,-0.0253,0.0865,0.3278,0.928,1.963
12/24/2020,-0.0294,0.081,0.3455,0.9945,1.9755
12/29/2020,-0.0182,0.0775,0.3355,0.964,1.9385
12/30/2020,-0.0189,0.0765,0.335,0.9803,1.9585
12/31/2020,-0.0146,0.0733,0.3253,0.97,1.955
1/4/2021,0.0186,0.0998,0.38,1.0168,1.9275
1/5/2021,0.0085,0.101,0.3645,0.981,1.985
1/6/2021,0.0103,0.1045,0.4,1.0655,2.074
1/7/2021,0.0122,0.103,0.4153,1.0845,2.128
1/8/2021,0.0233,0.1015,0.431,1.125,2.1665
1/11/2021,0.0036,0.1,0.4218,1.1055,2.1685
1/12/2021,0.0037,0.101,0.4375,1.148,2.1638
1/13/2021,0.0055,0.1005,0.429,1.106,2.1125
1/14/2021,0.0391,0.0998,0.419,1.0965,2.1925
1/15/2021,0.0231,0.0988,0.406,1.0833,2.115
1/18/2021,0.0272,0.098,0.394,1.0678,2.061
1/19/2021,0.0275,0.1,0.4028,1.0947,2.0715
1/20/2021,0.0278,0.0993,0.3965,1.0848,2.062
1/21/2021,0.0201,0.0998,0.3948,1.0655,2.1478
1/22/2021,0.0249,0.1028,0.4145,1.1273,2.1485
1/25/2021,0.0255,0.1,0.4055,1.112,2.1395
1/27/2021,0.0236,0.1028,0.395,1.0932,2.0963
1/28/2021,0.0217,0.1023,0.3923,1.0795,2.1145
1/29/2021,0.0203,0.105,0.4015,1.1325,2.1425
2/1/2021,0.0205,0.1063,0.4085,1.1488,2.1755
2/2/2021,0.0185,0.1105,0.4035,1.1538,2.1885
2/3/2021,0.0211,0.1068,0.407,1.1743,2.2263
2/4/2021,0.019,0.1107,0.4328,1.2288,2.248
2/5/2021,-0.0049,0.1078,0.4275,1.1945,2.204
2/8/2021,-0.005,0.1038,0.4435,1.2695,2.2603
2/9/2021,-0.0051,0.102,0.5391,1.2302,2.2287
2/10/2021,-0.0154,0.0993,0.5388,1.222,2.1905
2/11/2021,-0.0052,0.0983,0.5237,1.1865,2.2028
2/12/2021,0.0038,0.1,0.539,1.221,2.2203
2/15/2021,0.0078,0.1023,0.578,1.3218,2.3518
2/16/2021,0.0039,0.1038,0.589,1.3215,2.431
2/17/2021,0.0099,0.1155,0.6347,1.4017,2.3478
2/18/2021,0.01,0.1163,0.6185,1.367,2.3885
2/19/2021,-0.0021,0.1225,0.6665,1.4328,2.3928
2/22/2021,-0.0042,0.1248,0.779,1.6023,2.567
2/23/2021,-0.0021,0.1218,0.7615,1.5618,2.5735
2/24/2021,-0.0064,0.1223,0.7885,1.6115,2.6775
2/25/2021,0.0087,0.1275,0.8688,1.733,2.8408
2/26/2021,-0.0068,0.1195,0.997,1.9173,2.908
3/1/2021,0.0411,0.1153,0.84,1.67,2.6213
3/2/2021,,0.118,0.877,1.722,2.6487
3/3/2021,0.0023,0.113,0.878,1.676,2.7198
3/4/2021,0.0427,0.1298,0.9428,1.7733,2.7773
3/5/2021,0.0419,0.127,0.98,1.8338,2.7793
3/8/2021,0.0287,0.13,0.9428,1.7715,2.7343
3/9/2021,0.0409,0.1135,0.949,1.779,2.6478
3/10/2021,0.0413,0.1023,0.904,1.7093,2.5663
3/11/2021,0.0452,0.101,0.857,1.6528,2.6058
3/12/2021,0.0465,0.09,0.869,1.7038,2.6508
3/15/2021,0.0416,0.0872,0.895,1.7898,2.6575
3/16/2021,0.042,0.0878,0.829,1.6925,2.6558
3/17/2021,0.0442,0.0847,0.849,1.7195,2.7098
3/18/2021,0.0242,0.0973,0.901,1.7843,2.7958
3/19/2021,0.0365,0.0943,0.935,1.8043,2.7505
3/22/2021,0.0408,0.0878,0.8855,1.7613,2.703
3/23/2021,0.0373,0.086,0.8503,1.7323,2.6228
3/24/2021,0.0417,0.0838,0.7968,1.654,2.629
3/25/2021,0.0341,0.0818,0.8168,1.6795,2.654
3/26/2021,0.0332,0.0775,0.8038,1.6545,2.6345
3/29/2021,0.0189,0.072,0.8138,1.689,2.709
3/30/2021,0.0212,0.0788,0.887,1.7805,2.7263
3/31/2021,0.0322,0.0845,0.8823,1.7865,2.758
4/1/2021,0.0365,0.0788,0.8628,1.841,2.7175
4/6/2021,0.037,0.0763,0.825,1.782,2.6593
4/7/2021,0.0257,0.0773,0.8058,1.7498,2.6357
4/8/2021,0.0237,0.0775,0.8028,1.741,2.6428
4/9/2021,0.0296,0.0763,0.8058,1.757,2.6478
4/12/2021,0.0225,0.0765,0.8178,1.7725,2.6695
4/13/2021,0.0228,0.0765,0.85,1.81,2.7213
4/14/2021,0.0231,0.0748,0.823,1.7493,2.6647
4/15/2021,0.0235,0.0778,0.8425,1.7683,2.6878
4/16/2021,0.0245,0.0763,0.833,1.735,2.6525
4/19/2021,0.0249,0.0758,0.8228,1.7165,2.6365
4/20/2021,0.0225,0.0778,0.8668,1.7823,2.706
4/21/2021,0.0228,0.0712,0.8305,1.732,2.6472
4/22/2021,0.0348,0.0753,0.829,1.698,2.6098
4/23/2021,0.0335,0.0753,0.8538,1.735,2.6523
4/26/2021,0.034,0.077,0.8645,1.7528,2.6712
4/27/2021,0.0346,0.0783,0.8588,1.7375,2.6555
4/28/2021,0.0352,0.0785,0.8368,1.7295,2.6508
4/29/2021,0.0391,0.0788,0.8218,1.7148,2.6453
4/30/2021,0.0379,0.0788,0.8328,1.7458,2.6693
5/3/2021,0.0386,0.0815,0.8278,1.7533,2.6895
5/4/2021,0.0358,0.0845,0.836,1.7588,2.6995
5/5/2021,0.0365,0.0865,0.825,1.7398,2.672
5/6/2021,0.0372,0.089,0.8028,1.6993,2.63
5/7/2021,0.0397,0.087,0.79,1.6798,2.6145
5/10/2021,0.0324,0.0808,0.794,1.712,2.6485
5/11/2021,0.0332,0.0765,0.792,1.7218,2.6645
5/12/2021,0.034,0.0823,0.8278,1.7738,2.6965
5/13/2021,0.0391,0.0763,0.858,1.8128,2.7285
5/14/2021,0.0374,0.0765,0.857,1.795,2.719
5/17/2021,0.0384,0.0763,0.846,1.7513,2.6675
5/18/2021,0.0395,0.0758,0.863,1.7813,2.6875
5/19/2021,0.0456,0.0713,0.8605,1.771,2.6862
5/20/2021,0.0365,0.0708,0.8498,1.7673,2.6755
5/21/2021,0.0399,0.0718,0.8208,1.7338,2.644
5/24/2021,0.0412,0.069,0.7925,1.6993,2.61
5/25/2021,0.0426,0.0643,0.7808,1.686,2.6
5/26/2021,0.0378,0.0618,0.782,1.6708,2.588
5/27/2021,0.0196,0.0553,0.773,1.6303,2.5425
5/28/2021,0.0146,0.0615,0.8155,1.6893,2.6075
5/31/2021,0.076,0.0548,0.8208,1.7108,2.643
6/1/2021,,0.0485,0.8128,1.6918,2.6275
6/2/2021,,0.0498,0.822,1.6828,2.6215
6/3/2021,,0.0375,0.8065,1.665,2.5985
6/4/2021,0.0507,0.0443,0.833,1.6873,2.6055
6/7/2021,0.0644,0.0425,0.8008,1.6375,2.557
6/8/2021,-0.0114,0.0508,0.7953,1.612,2.5075
6/9/2021,0.0608,0.0313,0.761,1.5725,2.4675
6/10/2021,0.0652,0.0185,0.711,1.4895,2.3795
6/11/2021,0.0365,0.0148,0.7008,1.4878,2.3808
6/15/2021,,0.0133,0.7023,1.4978,2.3895
6/16/2021,0.0456,0.016,0.727,1.548,2.4428
6/17/2021,0.0521,0.0212,0.83,1.644,2.4895
6/18/2021,,0.0573,0.8588,1.5968,2.3985
6/21/2021,,0.0783,0.858,1.521,2.3008
6/22/2021,,0.0725,0.884,1.5918,2.396
6/23/2021,,0.0683,0.8543,1.5598,2.3708
6/24/2021,,0.0633,0.8533,1.5648,2.3563
6/25/2021,,0.068,0.8765,1.564,2.3438
6/28/2021,0.0042,0.0698,0.856,1.584,2.3673
6/29/2021,,0.0653,0.8353,1.5385,2.3115
6/30/2021,,0.0628,0.8325,1.5298,2.2813
7/1/2021,0.0114,0.0948,0.8273,1.5198,2.276
7/2/2021,0.0067,0.0903,0.7988,1.4762,2.2365
7/5/2021,0.0118,0.0893,0.7773,1.4337,2.1988
7/6/2021,0.0085,0.1108,0.8433,1.47,2.2438
7/7/2021,0.0121,0.1075,0.7795,1.3905,2.1613
7/8/2021,0.0087,0.0993,0.7343,1.3205,2.0945
7/9/2021,0.0089,0.0955,0.742,1.3603,2.159
7/12/2021,0.0126,0.0828,0.6965,1.3163,2.1028
7/13/2021,0.0146,0.0852,0.6965,1.3265,2.1125
7/14/2021,0.0092,0.0603,0.7155,1.3403,2.1275
7/15/2021,0.0074,0.059,0.6803,1.287,2.077
7/16/2021,0.0115,0.0508,0.6825,1.284,2.0665
7/19/2021,0.0097,0.0478,0.6425,1.2455,2.0455
7/20/2021,0.0137,0.039,0.5973,1.1815,2.0045
7/21/2021,0.0159,0.0375,0.587,1.1618,2.0203
7/22/2021,0.012,0.0385,0.614,1.1925,2.0673
7/23/2021,0.0083,0.0365,0.6233,1.1975,2.068
7/26/2021,0.0084,0.043,0.6105,1.1818,2.0393
7/27/2021,0.0106,0.0385,0.618,1.2075,2.0628
7/28/2021,0.0107,0.039,0.5835,1.153,2.0025
7/29/2021,0.0152,0.032,0.5795,1.154,2.0075
7/30/2021,0.0137,0.0368,0.592,1.181,2.0408
8/3/2021,0.0162,0.0432,0.59,1.1555,2.018
8/4/2021,0.0164,0.0428,0.5853,1.145,2.0105
8/5/2021,0.0142,0.0438,0.5982,1.1555,2.0155
8/6/2021,0.0123,0.045,0.626,1.19,2.037
8/9/2021,0.0125,0.0453,0.643,1.2053,2.0575
8/10/2021,0.0127,0.0518,0.643,1.2003,2.054
8/11/2021,0.0129,0.051,0.6547,1.2233,2.073
8/12/2021,0.013,0.0485,0.632,1.1873,2.0443
8/13/2021,-0.0125,0.051,0.644,1.2173,2.099
8/16/2021,-0.009,0.0388,0.594,1.1555,2.0508
8/17/2021,-0.0219,0.0338,0.5775,1.1375,2.0275
8/18/2021,-0.0313,0.0288,0.5675,1.14,2.0175
8/19/2021,-0.0372,0.0305,0.535,1.0827,1.9505
8/20/2021,-0.0384,0.0228,0.5195,1.0785,1.945
8/23/2021,0.0194,0.0245,0.5313,1.096,1.9535
8/24/2021,0.002,0.0233,0.571,1.1505,2.022
8/25/2021,0,0.0225,0.5825,1.1575,2.035
8/26/2021,0.01,0.0225,0.61,1.1875,2.055
8/27/2021,-0.0083,0.0212,0.6287,1.19,2.0525
8/30/2021,-0.0105,0.0138,0.5938,1.16,2.025
8/31/2021,0.0021,0.01,0.5988,1.155,2.02
9/1/2021,-0.0086,0.0088,0.6575,1.2425,2.1075
9/2/2021,-0.0022,0.01,0.635,1.205,2.0725
9/3/2021,-0.0023,0.0075,0.6425,1.2225,2.0875
9/6/2021,0.0023,0.01,0.66,1.2575,2.13
9/7/2021,-0.0185,0.01,0.6625,1.2575,2.135
9/8/2021,0.0023,0.0125,0.6838,1.2975,2.1825
9/9/2021,-0.0024,0.01,0.675,1.27,2.1525
9/10/2021,-0.0148,0.01,0.6438,1.2225,2.1
9/13/2021,0.0025,0.0075,0.6487,1.2725,2.1525
9/14/2021,0.0051,0.01,0.6238,1.2525,2.125
9/15/2021,0,0.01,0.5913,1.2075,2.0775
9/16/2021,-0.0026,0.01,0.6213,1.2625,2.1325
9/17/2021,0.0027,0.01,0.6487,1.3025,2.18
9/20/2021,0.0028,0.0125,0.6513,1.3025,2.175
9/21/2021,0.0028,0.01,0.6287,1.27,2.1325
9/22/2021,0,0.0125,0.6275,1.255,2.1225
9/23/2021,0,0.01,0.6413,1.26,2.125
9/24/2021,0,0.0225,0.7313,1.405,2.27
9/27/2021,0,0.025,0.7288,1.41,2.2775
9/28/2021,0.0031,0.0325,0.7763,1.48,2.3475
9/29/2021,0.0032,0.035,0.7737,1.485,2.3725
9/30/2021,0.0065,0.0425,0.7763,1.49,2.37
10/1/2021,0.0068,0.05,0.785,1.49,2.3625
10/5/2021,0.0034,0.0775,0.7938,1.515,2.41
10/6/2021,0.0034,0.09,0.8438,1.61,2.4175
10/7/2021,0.0035,0.095,0.8588,1.585,2.47
10/8/2021,0.0107,0.0975,0.9263,1.6375,2.48
10/11/2021,0.0072,0.0975,0.9838,1.7175,2.5725
10/12/2021,0.0073,0.105,1.0238,1.7225,2.4925
10/13/2021,0.0129,0.105,1.0025,1.69,2.425
10/14/2021,0.0019,0.11,0.99,1.6275,2.415
10/15/2021,0.0134,0.1125,1.0162,1.6525,2.4675
10/18/2021,0.0388,0.145,1.1775,1.7425,2.5475
10/19/2021,0.0098,0.1525,1.175,1.725,2.55
10/20/2021,0.0139,0.1525,1.195,1.8075,2.595
10/21/2021,0.012,0.1675,1.17,1.79,2.5925
10/22/2021,0.0124,0.115,1.185,1.8,2.59
10/25/2021,-0.0168,0.125,1.1825,1.7875,2.5775
10/26/2021,0.017,0.1525,1.2175,1.805,2.6
10/27/2021,0.0107,0.2075,1.345,1.8113,2.575
10/28/2021,0.0934,0.535,1.47,1.8438,2.5575
10/29/2021,0.0068,0.775,1.5675,2.0875,2.775
11/1/2021,0.0251,0.7075,1.36,1.905,2.59
11/2/2021,0.0508,0.7175,1.325,1.89,2.59
11/3/2021,0.0562,0.6525,1.315,1.8525,2.5675
11/4/2021,0.0474,0.6775,1.36,1.8325,2.5525
11/5/2021,0.0395,0.6425,1.33,1.8125,2.5325
11/8/2021,0.0525,0.5975,1.2675,1.7525,2.455
11/9/2021,0.0558,0.61,1.3,1.7813,2.4725
11/10/2021,0.0514,0.6125,1.3025,1.7325,2.4375
11/11/2021,0.0548,0.7075,1.41,1.8125,2.515
11/12/2021,0.0415,0.7175,1.43,1.795,2.4375
11/15/2021,0.0294,0.6875,1.38,1.7663,2.4125
11/16/2021,0.0488,0.71,1.435,1.8325,2.4775
11/17/2021,0.0172,0.6925,1.41,1.86,2.5175
11/18/2021,0.0217,0.675,1.3725,1.795,2.4775
11/19/2021,0.0361,0.6775,1.38,1.81,2.5
11/22/2021,0.0616,0.675,1.3775,1.7925,2.4775
11/23/2021,0.0508,0.7175,1.435,1.8675,2.5325
11/24/2021,0.0187,0.665,1.4225,1.86,2.5088
11/25/2021,0.0379,0.68,1.46,1.87,2.5113
11/26/2021,0.0332,0.6625,1.3425,1.7375,2.3775
11/29/2021,0.0357,0.6525,1.3325,1.7425,2.37
11/30/2021,-0.0149,0.6375,1.29,1.69,2.305
12/1/2021,0.0086,0.66,1.345,1.73,2.34
12/2/2021,0.0174,0.6775,1.34,1.68,2.32
12/3/2021,0.0115,0.665,1.2975,1.61,2.2625
12/6/2021,0.0408,0.64,1.265,1.5825,2.25
12/7/2021,0.0334,0.675,1.35,1.6475,2.3275
12/8/2021,0.0317,0.68,1.355,1.62,2.285
12/9/2021,0.0401,0.6625,1.3575,1.6775,2.3675
12/10/2021,0.0373,0.645,1.33,1.635,2.3475
12/13/2021,0.0336,0.6313,1.3025,1.6025,2.3125
12/14/2021,0.0488,0.6138,1.255,1.5413,2.25
12/15/2021,0.0365,0.6275,1.3025,1.56,2.2575
12/16/2021,0.0391,0.6713,1.355,1.5663,2.2275
12/17/2021,0.0428,0.6613,1.355,1.5863,2.275
12/20/2021,0.0183,0.615,1.3125,1.54,2.2275
12/21/2021,0.0462,0.6075,1.3375,1.5987,2.2925
12/22/2021,0.007,0.5525,1.2775,1.5838,2.2925
12/23/2021,0.0237,0.565,1.29,1.5913,2.3025
12/24/2021,0.0253,0.5762,1.2887,1.5775,2.2925
12/29/2021,0.0386,0.5525,1.235,1.5313,2.2525
12/30/2021,0.0521,0.5813,1.3,1.6288,2.3525
12/31/2021,0.047,0.5888,1.3325,1.67,2.395
1/4/2022,0.0618,0.6488,1.4163,1.7475,2.4475
1/5/2022,0.0542,0.6525,1.435,1.785,2.4925
1/6/2022,0.0319,0.705,1.4988,1.865,2.5575
1/7/2022,0.0335,0.68,1.4838,1.855,2.5125
1/10/2022,0.034,0.69,1.5188,1.9188,2.5675
1/11/2022,0.0535,0.6875,1.5038,1.8938,2.535
1/12/2022,0.0192,0.675,1.4737,1.8513,2.4875
1/13/2022,0.0587,0.695,1.4888,1.86,2.5025
1/14/2022,0.0413,0.715,1.5063,1.8513,2.4925
1/17/2022,0.0421,0.7725,1.5613,1.9188,2.555
1/18/2022,0.0573,0.8325,1.5975,1.9475,2.57
1/19/2022,0.0621,0.865,1.6425,1.9975,2.6025
1/20/2022,0.0521,0.89,1.665,1.9925,2.5975
1/21/2022,0.0278,0.85,1.59,1.9175,2.52
1/24/2022,0.0365,0.865,1.62,1.9375,2.5425
1/25/2022,0.0424,0.9225,1.655,1.945,2.5625
1/27/2022,0.0391,0.9925,1.73,2.0225,2.6175
1/28/2022,0.0931,0.9475,1.6563,1.94,2.5225
1/31/2022,0.0705,0.8775,1.5638,1.895,2.465
2/1/2022,0.0675,0.8775,1.5813,1.9025,2.47
2/2/2022,0.0793,0.8725,1.5913,1.9125,2.4475
2/3/2022,0.0726,0.865,1.5638,1.8675,2.4075
2/4/2022,0.0865,0.94,1.6463,1.96,2.52
2/7/2022,0.0447,1.005,1.7163,1.995,2.5575
2/8/2022,0.0765,1.0725,1.8138,2.12,2.6875
2/9/2022,0.0536,1.0675,1.8063,2.105,2.6675
2/10/2022,0.0622,1.055,1.795,2.105,2.67
2/11/2022,0.0705,1.19,1.9238,2.21,2.745
2/14/2022,0.0524,1.1325,1.8538,2.1375,2.695
2/15/2022,0.0615,1.2,1.9138,2.1875,2.745
2/16/2022,0.0666,1.2225,1.9363,2.2325,2.79
2/17/2022,0.0456,1.175,1.9038,2.2075,2.7625
2/18/2022,0.0788,1.195,1.9313,2.2475,2.815
2/21/2022,0.0777,1.1775,1.9113,2.22,2.78
2/22/2022,0.0707,1.1825,1.9088,2.2,2.7525
2/23/2022,0.0992,1.245,1.9913,2.27,2.79
2/24/2022,0.0722,1.16,1.8938,2.1575,2.6825
2/25/2022,0.0705,1.205,1.9513,2.2325,2.7275
2/28/2022,0.1007,1.095,1.8363,2.1375,2.6275
3/1/2022,0.0573,1.095,1.8563,2.1875,2.685
3/2/2022,0.0601,1.01,1.7538,2.075,2.62
3/3/2022,0.0739,1.0875,1.8438,2.165,2.71
3/4/2022,0.0884,1.1225,1.855,2.15,2.725
3/7/2022,0.099,1.1225,1.8475,2.1363,2.7325
3/8/2022,0.0844,1.2025,1.9425,2.2313,2.81
3/9/2022,0.0873,1.2575,2.0288,2.3163,2.885
3/10/2022,0.0842,1.2775,2.0775,2.3663,2.915
3/11/2022,0.1074,1.305,2.1125,2.3987,2.9425
3/14/2022,0.1103,1.3325,2.1475,2.4538,2.985
3/15/2022,0.1004,1.335,2.185,2.52,3.025
3/16/2022,0.0793,1.2925,2.1375,2.4975,3.005
3/17/2022,0.1043,1.3375,2.19,2.5088,2.9775
3/18/2022,0.1018,1.3875,2.24,2.5775,3.0575
3/21/2022,0.0932,1.3925,2.2525,2.5825,3.0425
3/22/2022,0.1001,1.5625,2.4325,2.7225,3.155
3/23/2022,0.1032,1.56,2.4775,2.775,3.215
3/24/2022,0.1083,1.505,2.48,2.7675,3.1875
3/25/2022,0.0892,1.58,2.4975,2.7775,3.1875
3/28/2022,0.0986,1.795,2.6775,2.9025,3.28
3/29/2022,0.104,1.9125,2.7275,2.8975,3.25
3/30/2022,0.1009,1.825,2.6025,2.7925,3.1775
3/31/2022,0.1043,1.8075,2.6025,2.84,3.2425
4/1/2022,0.1104,1.8375,2.63,2.8275,3.23
4/4/2022,0.1118,1.8475,2.63,2.8325,3.225
4/5/2022,0.1063,1.9575,2.7138,2.855,3.23
4/6/2022,0.1053,2.1175,2.785,2.9313,3.26
4/7/2022,0.1233,2.1125,2.745,2.9138,3.255
4/8/2022,0.1209,2.1338,2.7575,2.9638,3.305
4/11/2022,0.125,2.1363,2.75,3.0088,3.35
4/12/2022,0.1318,2.17,2.7975,3.0813,3.4325
4/13/2022,0.126,2.1225,2.75,3.0738,3.46
4/14/2022,0.2328,2.03,2.625,2.97,3.385
4/19/2022,0.2592,2.125,2.725,3.065,3.4775
4/20/2022,0.2461,2.1975,2.7975,3.1088,3.5175
4/21/2022,0.289,2.2525,2.83,3.0813,3.48
4/22/2022,0.296,2.38,2.9175,3.13,3.515
4/26/2022,0.2782,2.35,2.8775,3.1037,3.5
4/27/2022,0.2879,2.3825,2.8625,3.055,3.4375
4/28/2022,0.5678,2.4,2.86,3.0813,3.435
4/29/2022,0.564,2.45,2.895,3.125,3.455
5/2/2022,0.5642,2.555,3.0175,3.26,3.5775
5/3/2022,0.5922,2.755,3.1975,3.3963,3.6925
5/4/2022,0.5763,2.8925,3.3063,3.5413,3.86
5/5/2022,0.6598,2.7175,3.14,3.39,3.74
5/6/2022,0.6544,2.7525,3.2125,3.47,3.8125
5/9/2022,0.6308,2.7575,3.2525,3.5625,3.8975
5/10/2022,0.6319,2.6975,3.22,3.565,3.905
5/11/2022,0.5893,2.6625,3.1625,3.505,3.8425
5/12/2022,0.5768,2.6175,3.1,3.4263,3.775
5/13/2022,0.6327,2.55,3.0425,3.4025,3.755
5/16/2022,0.6367,2.56,3.0525,3.3838,3.7275
5/17/2022,0.6324,2.5875,3.0825,3.405,3.7575
5/18/2022,0.6366,2.6025,3.1125,3.46,3.8125
5/19/2022,0.6554,2.5425,3.0525,3.3825,3.73
5/20/2022,0.8308,2.4875,3,3.3125,3.7025
5/23/2022,0.818,2.5025,3.015,3.3275,3.6975
5/24/2022,0.823,2.5,3.025,3.3175,3.6775
5/25/2022,0.8239,2.39,2.94,3.24,3.59
5/26/2022,0.8645,2.38,2.9375,3.2025,3.525
5/27/2022,0.8787,2.415,2.965,3.255,3.59
5/30/2022,0.8953,2.395,2.975,3.255,3.5875
5/31/2022,0.8821,2.47,3.0675,3.3513,3.68
6/1/2022,0.8926,2.53,3.1225,3.4188,3.745
6/2/2022,0.9754,2.635,3.215,3.5,3.8025
6/3/2022,0.9624,2.605,3.185,3.4838,3.7925
6/6/2022,0.9746,2.62,3.2075,3.4838,3.7875
6/7/2022,1.1305,2.795,3.3338,3.5575,3.855
6/8/2022,1.1666,2.7375,3.2875,3.5463,3.845
6/9/2022,1.1828,2.735,3.315,3.6063,3.91
6/10/2022,1.4199,2.7475,3.35,3.6738,3.9625
6/14/2022,1.6052,3.08,3.665,3.955,4.1475
6/15/2022,1.6347,3.3125,3.905,4.2,4.3625
6/16/2022,1.6282,3.1825,3.7025,3.9925,4.1775
6/17/2022,1.6847,3.315,3.8375,4.13,4.3475
6/20/2022,1.6791,3.275,3.805,4.0688,4.2625
6/21/2022,1.6813,3.15,3.7725,4.0638,4.2225
6/22/2022,1.6149,3.005,3.68,3.9863,4.1025
6/23/2022,1.6386,2.895,3.565,3.8525,3.96
6/24/2022,1.5844,2.7475,3.42,3.7188,3.845
6/27/2022,1.5671,2.805,3.49,3.775,3.92
6/28/2022,1.5996,2.78,3.4825,3.7375,3.8975
6/29/2022,1.5972,2.7175,3.4175,3.6938,3.8625
6/30/2022,1.5934,2.63,3.34,3.66,3.8438
7/1/2022,1.6416,2.4925,3.21,3.595,3.8125
7/4/2022,1.6435,2.46,3.175,3.56,3.7988
7/5/2022,1.6913,2.485,3.165,3.5475,3.7863
7/6/2022,1.6937,2.445,3.075,3.4038,3.6675
7/7/2022,1.7578,2.5125,3.12,3.4688,3.72
7/8/2022,1.7357,2.57,3.15,3.4788,3.7375
7/11/2022,1.7772,2.6075,3.17,3.51,3.76
7/12/2022,1.7917,2.515,3.0763,3.4163,3.695
7/13/2022,1.7911,2.495,3.0675,3.3875,3.6725
7/14/2022,1.9642,2.595,3.1525,3.4113,3.6625
7/15/2022,1.8787,2.5825,3.1375,3.4075,3.6425
7/18/2022,2.0733,2.665,3.1862,3.4363,3.6575
7/19/2022,2.0879,2.7575,3.2825,3.51,3.74
7/20/2022,2.0784,2.815,3.3263,3.545,3.7625
7/21/2022,2.0319,2.8225,3.3413,3.5713,3.7775
7/22/2022,2.0341,2.7425,3.2313,3.44,3.6825
7/25/2022,2.1294,2.6825,3.1563,3.3538,3.6175
7/26/2022,2.1006,2.7125,3.1425,3.34,3.595
7/27/2022,2.069,2.61,3.02,3.2488,3.515
7/28/2022,2.0344,2.5775,2.9625,3.2063,3.5025
7/29/2022,2.1576,2.43,2.7775,3.0563,3.425
8/2/2022,2.2014,2.47,2.7375,2.9763,3.38
8/3/2022,2.2068,2.5975,2.85,3.0738,3.4525
8/4/2022,2.1916,2.665,2.9225,3.1438,3.5
8/5/2022,2.1928,2.625,2.8875,3.0862,3.4675
8/8/2022,2.1906,2.6975,3.02,3.2125,3.5625
8/9/2022,2.1944,2.72,3.0125,3.1838,3.52
8/10/2022,2.2363,2.785,3.0675,3.2438,3.575
8/11/2022,2.2689,2.805,3.0975,3.2888,3.64
8/12/2022,2.2834,2.88,3.205,3.4275,3.795
8/15/2022,2.2863,2.8475,3.1538,3.3638,3.7325
8/16/2022,2.2807,2.7275,3.02,3.2238,3.6075
8/17/2022,2.2685,2.78,3.0763,3.2737,3.6425
8/18/2022,2.256,2.8275,3.1238,3.3338,3.6875
8/19/2022,2.2849,2.8775,3.1838,3.405,3.7725
8/22/2022,2.2697,2.9775,3.295,3.5188,3.8625
8/23/2022,2.2914,3.0525,3.365,3.5788,3.8875
8/24/2022,2.3444,3.0275,3.36,3.6288,3.925
8/25/2022,2.3509,3.0525,3.4025,3.6738,3.95
8/26/2022,2.3665,2.9725,3.3175,3.5763,3.8725
8/29/2022,2.4141,3.095,3.4513,3.6688,3.9
8/30/2022,2.3632,3.0075,3.36,3.6038,3.8425
8/31/2022,2.3705,2.985,3.315,3.595,3.8175
9/1/2022,2.3649,3.055,3.3975,3.685,3.9
9/2/2022,2.6714,3.025,3.3613,3.6463,3.88
9/5/2022,2.6557,3.025,3.3575,3.6488,3.92
9/6/2022,2.6748,3.02,3.3513,3.65,3.905
9/7/2022,2.6981,3.0575,3.3888,3.705,3.955
9/8/2022,2.7275,2.9125,3.2213,3.5675,3.85
9/9/2022,2.6695,2.935,3.245,3.5588,3.8275
9/12/2022,2.6664,2.9975,3.3163,3.63,3.89
9/13/2022,2.6672,2.9525,3.2663,3.57,3.875
9/14/2022,2.6922,3.05,3.3613,3.635,3.8975
9/15/2022,2.8702,3.1275,3.4338,3.6825,3.9425
9/16/2022,2.8103,3.2,3.5025,3.7225,3.9825
9/19/2022,2.8129,3.16,3.4588,3.6775,3.9625
9/20/2022,2.8628,3.13,3.4225,3.6325,3.88
9/21/2022,2.8781,3.135,3.4288,3.665,3.9
9/23/2022,2.8729,3.3825,3.6938,3.91,4.1
9/26/2022,2.9596,3.4975,3.8188,3.9863,4.14
9/27/2022,2.9503,3.465,3.8038,4.0238,4.1375
9/28/2022,2.9715,3.44,3.8263,4.095,4.22
9/29/2022,2.9717,3.36,3.7188,3.935,4.125
9/30/2022,2.97,3.31,3.6613,3.885,4.075
10/4/2022,2.7242,3.145,3.4275,3.73,3.98
10/5/2022,2.734,3.1025,3.38,3.635,3.915
10/6/2022,2.7519,3.22,3.5013,3.775,4.0225
10/7/2022,2.7513,3.2737,3.5738,3.8475,4.075
10/10/2022,2.7707,3.27,3.5813,3.8675,4.105
10/11/2022,2.7679,3.3788,3.7113,4.0375,4.2925
10/12/2022,2.7248,3.3038,3.6325,3.9475,4.2125
10/13/2022,2.7125,3.2975,3.64,4.0025,4.2725
10/14/2022,2.864,3.3875,3.6975,4.0075,4.27
10/17/2022,2.7914,3.3875,3.705,4.0225,4.28
10/18/2022,2.8045,3.3275,3.6125,3.9188,4.21
10/19/2022,2.9002,3.3925,3.665,3.945,4.23
10/20/2022,2.8315,3.5175,3.785,4.06,4.3325
10/21/2022,2.8585,3.6475,3.92,4.1988,4.485
10/24/2022,2.8968,3.51,3.8038,4.1475,4.53
10/25/2022,2.9021,3.4625,3.745,4.075,4.42
10/26/2022,2.8954,3.3825,3.6325,3.9175,4.2325
10/27/2022,2.9577,3.2925,3.5288,3.83,4.145
10/28/2022,3.015,3.21,3.4388,3.735,4.0625
10/31/2022,3.0301,3.23,3.4513,3.755,4.0725
11/1/2022,3.0122,3.1925,3.4225,3.7625,4.1125
11/2/2022,3.0145,3.275,3.5075,3.81,4.1575
11/3/2022,2.9847,3.38,3.6175,3.92,4.25
11/4/2022,2.9853,3.27,3.5213,3.85,4.175
11/7/2022,3.0032,3.28,3.555,3.905,4.2375
11/8/2022,2.9718,3.4075,3.7,4.035,4.365
11/9/2022,2.9698,3.305,3.575,3.865,4.2325
11/10/2022,2.9638,3.165,3.425,3.7188,4.115
11/11/2022,2.9859,3.0838,3.3363,3.6538,4.0875
11/14/2022,2.9934,3.1725,3.4363,3.7638,4.17
11/15/2022,3.0048,3.1925,3.455,3.7588,4.155
11/16/2022,2.9976,3.165,3.4213,3.7263,4.1825
11/17/2022,2.9942,3.1075,3.3438,3.6163,4.09
11/18/2022,3.0165,3.12,3.3538,3.6113,4.0325
11/21/2022,3.0131,3.1075,3.345,3.5863,3.9925
11/22/2022,3.0156,3.1325,3.3575,3.5938,3.9775
11/23/2022,3.0182,3.1725,3.3825,3.5888,3.9575
11/24/2022,3.0249,3.155,3.3425,3.5438,3.8975
11/25/2022,3.0164,3.19,3.3688,3.5738,3.9325
11/28/2022,3.0256,3.13,3.305,3.515,3.9
11/29/2022,3.0242,3.1725,3.3475,3.6038,3.98
11/30/2022,3.0271,3.1075,3.2763,3.5288,3.8825
12/1/2022,3.0124,3.0525,3.2138,3.4813,3.8725
12/2/2022,3.0282,2.995,3.1375,3.3913,3.7625
12/5/2022,3.0308,2.9825,3.1225,3.3663,3.69
12/6/2022,3.0495,3.07,3.185,3.3963,3.715
12/7/2022,3.0504,3.07,3.165,3.3563,3.695
12/8/2022,3.09,3.0875,3.1625,3.3663,3.6925
12/9/2022,3.1151,3.04,3.1125,3.295,3.59
12/12/2022,3.1165,3.0775,3.1738,3.3813,3.69
12/13/2022,3.118,3.1075,3.2163,3.3988,3.705
12/14/2022,3.1138,3.0775,3.1763,3.3638,3.725
12/15/2022,3.1286,3.1475,3.25,3.455,3.8225
12/16/2022,3.1317,3.1338,3.2325,3.455,3.7825
12/19/2022,3.1235,3.18,3.2925,3.5325,3.8775
12/20/2022,3.1312,3.2713,3.4213,3.7275,4.0725
12/21/2022,3.131,3.1887,3.3738,3.7263,4.0775
12/22/2022,3.1328,3.2325,3.4375,3.795,4.145
12/23/2022,3.134,3.27,3.48,3.8275,4.175
12/28/2022,3.136,3.415,3.6775,4.0337,4.375
12/29/2022,3.1424,3.3975,3.6738,4.025,4.355
12/30/2022,3.1261,3.4,3.6825,4.05,4.3375
1/3/2023,3.1399,3.4275,3.6975,4.0025,4.2825
1/4/2023,3.1517,3.38,3.63,3.9025,4.18
1/5/2023,3.147,3.38,3.6,3.8363,4.1425
1/6/2023,3.1446,3.405,3.6025,3.8188,4.11
1/9/2023,3.1396,3.29,3.4825,3.7225,4.055
1/10/2023,3.1421,3.2825,3.475,3.7175,4.04
1/11/2023,3.2489,3.2825,3.4838,3.7175,4.0475
1/12/2023,3.1923,3.1575,3.35,3.5963,3.9225
1/13/2023,3.2084,3.155,3.3425,3.5913,3.925
1/16/2023,3.2123,3.1538,3.345,3.5938,3.9225
1/17/2023,3.2106,3.1438,3.335,3.6038,3.95
1/18/2023,3.2031,3.0988,3.2825,3.5463,3.905
1/19/2023,3.2041,2.8863,3.0575,3.3225,3.735
1/20/2023,3.1799,2.9325,3.11,3.3975,3.815
1/23/2023,3.1775,2.97,3.1575,3.45,3.87
1/24/2023,3.2069,2.98,3.165,3.4638,3.88
1/25/2023,3.2128,3.0825,3.24,3.5038,3.8975
1/27/2023,3.2486,3.15,3.3075,3.5588,3.9375
1/30/2023,3.2225,3.1262,3.2913,3.5338,3.9025
1/31/2023,3.2207,3.1188,3.2888,3.5513,3.9325
2/1/2023,3.2225,3.1413,3.3125,3.5688,3.9525
2/2/2023,3.2394,3.0975,3.255,3.5413,3.96
2/3/2023,3.3681,2.99,3.1138,3.3838,3.8175
2/6/2023,3.3762,3.0725,3.2063,3.4613,3.8675
2/7/2023,3.3926,3.225,3.3538,3.5963,3.9425
2/8/2023,3.3871,3.2488,3.3738,3.6138,3.955
2/9/2023,3.4855,3.3188,3.4375,3.6688,4.0325
2/10/2023,3.4799,3.3975,3.5038,3.7063,4.07
2/13/2023,3.4921,3.4475,3.5538,3.7588,4.105
2/14/2023,3.4896,3.4388,3.5388,3.7388,4.0725
2/15/2023,3.5023,3.4488,3.5438,3.7388,4.06
2/16/2023,3.4888,3.4388,3.5375,3.7588,4.0875
2/17/2023,3.5343,3.49,3.5913,3.8188,4.175
2/20/2023,3.5462,3.53,3.6163,3.8088,4.17
2/21/2023,3.5424,3.555,3.6288,3.8138,4.155
2/22/2023,3.6031,3.5675,3.6625,3.8738,4.1975
2/23/2023,3.6427,3.5888,3.68,3.8838,4.2025
2/24/2023,3.6339,3.5613,3.6413,3.8238,4.1475
2/27/2023,3.6308,3.6288,3.7063,3.8738,4.17
2/28/2023,3.6471,3.5913,3.6725,3.8513,4.1575
3/1/2023,3.6442,3.5113,3.5925,3.7863,4.11
3/2/2023,3.6478,3.5688,3.6475,3.86,4.1775
3/3/2023,3.6477,3.5988,3.68,3.9013,4.2
3/6/2023,3.6516,3.5113,3.575,3.765,4.0575
3/7/2023,3.6486,3.3788,3.45,3.6838,4
3/8/2023,3.6502,3.4713,3.535,3.7425,4.05
3/9/2023,3.6735,3.4513,3.5,3.7075,4.0375
3/10/2023,3.6772,3.3638,3.3975,3.5813,3.9625
3/13/2023,3.6337,3.2538,3.2838,3.52,3.9575
3/14/2023,3.5068,3.0975,3.1662,3.4513,3.97
3/15/2023,3.6057,3.1138,3.185,3.435,3.93
3/16/2023,3.5488,2.8675,3,3.3338,3.885
3/17/2023,3.5808,3.0325,3.1288,3.3938,3.8775
3/20/2023,3.551,2.85,2.9575,3.2413,3.765
3/21/2023,3.5459,2.835,2.9363,3.1913,3.6988
3/22/2023,3.558,3.005,3.1075,3.3663,3.8175
3/23/2023,3.5646,2.935,3.0313,3.2913,3.8275
3/24/2023,3.5521,2.87,2.965,3.2163,3.77
3/27/2023,3.545,2.825,2.925,3.1938,3.735
3/28/2023,3.5454,2.9263,3.0288,3.2988,3.8025
3/29/2023,3.5484,2.9213,3.0225,3.2838,3.7825
3/30/2023,3.6123,3,3.0975,3.3575,3.8475
3/31/2023,3.6126,2.9538,3.045,3.2975,3.8025
4/3/2023,3.6273,2.9938,3.0738,3.3225,3.825
4/4/2023,3.5943,2.9088,2.9913,3.26,3.7875
4/5/2023,3.5869,2.905,2.9925,3.2775,3.8275
4/6/2023,3.586,2.8313,2.9088,3.185,3.7325
4/11/2023,3.591,2.8875,2.9625,3.2238,3.7375
4/12/2023,3.5983,2.9213,2.9888,3.2438,3.7425
4/13/2023,3.6014,2.9588,3.0237,3.2737,3.7875
4/14/2023,3.602,2.9713,3.0438,3.3213,3.84
4/17/2023,3.6053,3.0125,3.0825,3.3688,3.8825
4/18/2023,3.7495,3.1175,3.185,3.4725,3.9725
4/19/2023,3.7048,3.2013,3.2625,3.5125,4.005
4/20/2023,3.6518,3.1913,3.2488,3.4938,3.9775
4/21/2023,3.6597,3.1513,3.2088,3.4588,3.95
4/24/2023,3.6585,3.1513,3.2063,3.4463,3.935
4/26/2023,3.6083,2.9775,3.0338,3.3038,3.825
4/27/2023,3.6096,3.0463,3.1025,3.3688,3.8925
4/28/2023,3.6194,3.04,3.0825,3.3363,3.85
5/1/2023,3.6126,3.05,3.0862,3.3513,3.8675
5/2/2023,3.8361,3.2588,3.2313,3.4438,3.9325
5/3/2023,3.8035,3.2238,3.1725,3.4088,3.935
5/4/2023,3.7934,3.0963,3.035,3.3038,3.8625
5/5/2023,3.9502,3.0838,3.025,3.3188,3.8775
5/8/2023,3.9205,3.1863,3.125,3.3988,3.9275
5/9/2023,3.9466,3.2213,3.1575,3.4475,3.97
5/10/2023,3.9083,3.2613,3.18,3.4525,3.9975
5/11/2023,3.9535,3.2,3.1163,3.3888,3.95
5/12/2023,3.8319,3.1688,3.0613,3.3238,3.8875
5/15/2023,3.8385,3.2588,3.155,3.4263,3.9675
5/16/2023,3.8452,3.2638,3.145,3.4075,3.955
5/17/2023,3.8521,3.3013,3.1675,3.4275,3.975
5/18/2023,3.8533,3.3963,3.235,3.4863,4.025
5/19/2023,3.8515,3.4963,3.3425,3.5925,4.1075
5/22/2023,3.8509,3.4788,3.3325,3.5875,4.1025
5/23/2023,3.8563,3.5463,3.4025,3.6525,4.175
5/24/2023,3.8638,3.5038,3.3725,3.6475,4.18
5/25/2023,3.8613,3.5838,3.44,3.7013,4.2225
5/26/2023,3.8661,3.5975,3.4675,3.73,4.21
5/29/2023,3.8678,3.5863,3.455,3.7,4.165
5/30/2023,3.8631,3.5875,3.45,3.68,4.145
5/31/2023,3.9217,3.55,3.3825,3.605,4.1075
6/1/2023,3.9307,3.5838,3.3875,3.615,4.105
6/2/2023,3.9574,3.6463,3.4275,3.6425,4.12
6/5/2023,3.9836,3.7588,3.5675,3.7825,4.2475
6/6/2023,4.0144,3.834,3.6169,3.8031,4.2493
6/7/2023,4.2241,3.8833,3.6619,3.8273,4.2147
6/8/2023,4.1334,4.0463,3.8445,4.0104,4.354
6/9/2023,4.1308,4.0005,3.7936,3.9482,4.3024
6/13/2023,4.155,4.0168,3.7941,3.9307,4.2752
6/14/2023,4.1711,4.0886,3.8709,3.9745,4.2987
6/15/2023,4.2163,4.1804,3.9367,4.0013,4.2907
6/16/2023,4.344,4.1945,3.946,4.0261,4.327
6/19/2023,4.3049,4.1725,3.9186,3.9722,4.2474
6/20/2023,4.2288,4.1506,3.9164,4.0252,4.2971
6/21/2023,4.2241,4.1092,3.8808,3.9822,4.2341
6/22/2023,4.2337,4.1399,3.9013,3.9765,4.2216
6/23/2023,4.2235,4.1959,3.9359,3.9885,4.234
6/26/2023,4.2378,4.1161,3.8675,3.9503,4.2199
6/27/2023,4.2221,4.1033,3.8449,3.93,4.2006
6/28/2023,4.2302,4.0427,3.7852,3.8704,4.1525
6/29/2023,4.2429,4.1015,3.8374,3.9009,4.226
6/30/2023,4.3463,4.2173,3.9549,4.0238,4.3442
7/3/2023,4.2376,4.0417,3.8955,3.9683,4.2561
7/4/2023,4.1791,4.0637,3.9286,4.0101,4.2954
7/5/2023,4.1761,4.0661,3.9273,4.0038,4.2836
7/6/2023,4.1882,4.1915,4.0572,4.1259,4.3675
7/7/2023,4.2144,4.3087,4.1883,4.2576,4.4663
7/10/2023,4.2136,4.2859,4.1884,4.2865,4.5004
7/11/2023,4.1847,4.185,4.0879,4.1831,4.4178
7/12/2023,4.1877,4.1315,4.0371,4.1273,4.3563
7/13/2023,4.1641,4.0229,3.933,4.0492,4.3329
7/14/2023,4.16,3.967,3.874,3.9953,4.2978
7/17/2023,4.1629,3.9726,3.8731,3.9854,4.2754
7/18/2023,4.1464,3.9443,3.8453,3.9753,4.2861
7/19/2023,4.1317,3.8583,3.7492,3.8662,4.1878
7/20/2023,4.1676,3.9741,3.8469,3.9493,4.2571
7/21/2023,4.2105,4.009,3.895,4.0093,4.2895
7/24/2023,4.2057,3.9788,3.8669,3.9931,4.2667
7/25/2023,4.2188,4.0263,3.9096,4.028,4.294
7/26/2023,4.2039,3.9533,3.858,4.0091,4.3231
7/27/2023,4.1661,3.8681,3.7676,3.9243,4.2686
7/28/2023,4.1579,3.9425,3.8724,4.0682,4.4063
7/31/2023,4.1629,3.9369,3.85,4.0591,4.3929
8/1/2023,4.1226,3.818,3.7425,3.9737,4.3088
8/2/2023,4.1142,3.8175,3.7735,4.0241,4.3766
8/3/2023,4.11,3.8313,3.8163,4.106,4.4749
8/4/2023,4.1283,3.9214,3.9191,4.1936,4.5607
8/8/2023,4.1507,3.7798,3.7664,4.0174,4.42
8/9/2023,4.1249,3.7812,3.7556,3.9972,4.393
8/10/2023,4.0986,3.8293,3.8043,4.0467,4.4173
8/11/2023,4.0987,3.8731,3.8617,4.1108,4.4723
8/14/2023,4.1158,3.9476,3.9455,4.1952,4.5427
8/15/2023,4.1355,3.9962,4.0084,4.2581,4.5962
8/16/2023,4.1273,3.9474,3.9633,4.2085,4.5611
8/17/2023,4.1189,3.9998,4.0442,4.322,4.668
8/18/2023,4.13,3.9201,3.9598,4.2329,4.6072
8/21/2023,4.1323,3.931,3.979,4.2637,4.6473
8/22/2023,4.1266,3.9314,3.989,4.2697,4.6457
8/23/2023,4.1269,3.8873,3.9347,4.1938,4.5596
8/24/2023,4.1252,3.8328,3.862,4.1153,4.493
8/25/2023,4.1346,3.8798,3.9071,4.1605,4.5309
8/28/2023,4.1372,3.9011,3.9105,4.1395,4.4984
8/29/2023,4.1226,3.8811,3.873,4.0987,4.4747
8/30/2023,4.1273,3.8401,3.8376,4.0707,4.4605
8/31/2023,4.1299,3.7942,3.787,4.0259,4.4182
9/1/2023,4.1291,3.7838,3.7705,4.004,4.3939
9/4/2023,4.1087,3.8375,3.8457,4.0904,4.4812
9/5/2023,4.1066,3.8365,3.8632,4.135,4.5229
9/6/2023,4.095,3.8248,3.8556,4.1288,4.5163
9/7/2023,4.1023,3.8681,3.8918,4.1586,4.5269
9/8/2023,4.0956,3.8178,3.8253,4.0829,4.4784
9/11/2023,4.1059,3.8607,3.8823,4.1589,4.5421
9/12/2023,4.1037,3.8668,3.892,4.1663,4.5527
9/13/2023,4.1067,3.8705,3.8916,4.1474,4.5268
9/14/2023,4.1071,3.8548,3.8641,4.1139,4.5078
9/15/2023,4.1325,3.8553,3.8632,4.1039,4.5047
9/18/2023,4.1287,3.9276,3.9499,4.2119,4.6045
9/19/2023,4.1247,3.908,3.9227,4.1678,4.5591
9/20/2023,4.1382,3.9635,3.9769,4.2154,4.5955
9/21/2023,4.1565,4.0656,4.0741,4.3005,4.6561
9/22/2023,4.1566,4.0517,4.0764,4.3386,4.7124
9/25/2023,4.1598,4.0263,4.0453,4.3129,4.6845
9/26/2023,4.156,4.0746,4.1105,4.401,4.7807
9/27/2023,4.145,4.046,4.0859,4.3767,4.7602
9/28/2023,4.153,4.1044,4.1563,4.4556,4.8194
9/29/2023,4.1619,4.0822,4.1438,4.4863,4.8543
10/3/2023,4.1655,4.0967,4.1668,4.5399,4.908
10/4/2023,4.138,4.144,4.2398,4.6631,5.0425
10/5/2023,4.1124,4.0561,4.1457,4.5689,4.9346
10/6/2023,4.1686,4.0187,4.1139,4.5404,4.9245
10/9/2023,4.1673,3.9781,4.0766,4.5192,4.9183
10/10/2023,4.1343,3.9486,4.041,4.4564,4.8599
10/11/2023,4.1384,3.9946,4.0486,4.4284,4.8208
10/12/2023,4.1254,3.9781,4.0104,4.3704,4.7558
10/13/2023,4.1222,4.0275,4.0636,4.4636,4.8728
10/16/2023,4.1363,4.0386,4.0695,4.4579,4.8336
10/17/2023,4.1547,4.1694,4.1952,4.5472,4.9241
10/18/2023,4.1553,4.2562,4.2876,4.6496,5.026
10/19/2023,4.1579,4.305,4.3794,4.7836,5.1611
10/20/2023,4.1642,4.2748,4.3563,4.7466,5.154
10/23/2023,4.1736,4.2804,4.3737,4.7825,5.199
10/24/2023,4.1745,4.2154,4.2949,4.6885,5.0787
10/25/2023,4.3046,4.3329,4.374,4.7191,5.0926
10/26/2023,4.2407,4.3963,4.4807,4.8735,5.2554
10/27/2023,4.2601,4.3738,4.4475,4.8137,5.1819
10/30/2023,4.2579,4.4267,4.4967,4.8733,5.25
10/31/2023,4.2557,4.4604,4.5393,4.9249,5.3083
11/1/2023,4.259,4.4621,4.5463,4.9459,5.3243
11/2/2023,4.2492,4.364,4.4207,4.7898,5.1599
11/3/2023,4.2615,4.343,4.3784,4.7221,5.0653
11/6/2023,4.2731,4.3347,4.367,4.7216,5.0764
11/7/2023,4.281,4.3021,4.3419,4.6946,5.0474
11/8/2023,4.3174,4.2223,4.244,4.5816,4.9399
11/9/2023,4.3218,4.2257,4.2232,4.5293,4.8818
11/10/2023,4.3316,4.2948,4.3037,4.6197,4.9748
11/13/2023,4.3412,4.3431,4.3555,4.6688,5.0059
11/14/2023,4.336,4.3422,4.355,4.6636,4.9997
11/15/2023,4.3477,4.2348,4.231,4.5321,4.8939
11/16/2023,4.354,4.2315,4.2345,4.5517,4.8906
11/17/2023,4.344,4.1531,4.1436,4.4673,4.8141
11/20/2023,4.3486,4.1852,4.1838,4.5066,4.8384
11/21/2023,4.3472,4.1574,4.1454,4.4474,4.7656
11/22/2023,4.3539,4.1519,4.1379,4.4474,4.7659
11/23/2023,4.33,4.2048,4.1874,4.4824,4.7784
11/24/2023,4.3632,4.2496,4.2422,4.5459,4.8354
11/27/2023,4.3641,4.2779,4.27,4.5663,4.847
11/28/2023,4.3629,4.2273,4.2069,4.4967,4.7793
11/29/2023,4.3638,4.1002,4.0622,4.3618,4.657
11/30/2023,4.3492,4.1103,4.0735,4.4117,4.7209
12/1/2023,4.3637,4.1587,4.1414,4.4927,4.8109
12/4/2023,4.3664,4.1175,4.0996,4.4468,4.7788
12/5/2023,4.3612,4.0817,4.0558,4.4128,4.7328
12/6/2023,4.3458,3.981,3.9352,4.2822,4.5916
12/7/2023,4.3382,4.0215,3.9719,4.3381,4.6455
12/8/2023,4.3336,4.0007,3.9548,4.295,4.6274
12/11/2023,4.332,4.0432,4.0019,4.3378,4.6595
12/12/2023,4.3282,4.0335,3.9924,4.3258,4.6553
12/13/2023,4.3222,4.0297,3.9771,4.2864,4.6118
12/14/2023,4.3071,3.8584,3.7944,4.1327,4.4946
12/15/2023,4.3205,3.8812,3.8211,4.1387,4.4889
12/18/2023,4.3247,3.8039,3.735,4.0566,4.3972
12/19/2023,4.3211,3.8553,3.7936,4.1109,4.4428
12/20/2023,4.3397,3.7993,3.7337,4.0479,4.3653
12/21/2023,4.332,3.7614,3.6975,4.0174,4.3474
12/22/2023,4.3282,3.7528,3.6942,4.0086,4.344
12/27/2023,4.3331,3.7143,3.6524,3.9712,4.3125
12/28/2023,4.3293,3.6693,3.593,3.8922,4.2419
12/29/2023,4.3248,3.7079,3.6356,3.955,4.299
1/2/2024,4.3301,3.7459,3.6679,3.9985,4.3416
1/3/2024,4.3332,3.8162,3.7342,4.0471,4.3905
1/4/2024,4.3315,3.8144,3.7353,4.0508,4.4041
1/5/2024,4.3339,3.8756,3.8062,4.134,4.491
1/8/2024,4.3322,3.9144,3.8423,4.1587,4.5187
1/9/2024,4.3331,3.8517,3.7762,4.1043,4.4439
1/10/2024,4.3314,3.8638,3.7877,4.1183,4.469
1/11/2024,4.3323,3.856,3.7781,4.1072,4.4544
1/12/2024,4.3336,3.8054,3.7265,4.0728,4.4365
1/15/2024,4.332,3.7882,3.7127,4.078,4.459
1/16/2024,4.3304,3.8432,3.7802,4.1513,4.5211
1/17/2024,4.3331,3.8902,3.8367,4.2099,4.5911
1/18/2024,4.3337,3.9404,3.8908,4.2643,4.6114
1/19/2024,4.3334,3.9586,3.9127,4.2936,4.6423
1/22/2024,4.3318,3.9358,3.877,4.2292,4.5752
1/23/2024,4.3325,3.8904,3.8265,4.1888,4.5436
1/24/2024,4.3332,3.8997,3.8491,4.2287,4.5923
1/25/2024,4.3264,3.8992,3.8511,4.2409,4.6055
1/29/2024,4.3271,3.8531,3.8054,4.2146,4.5746
1/30/2024,4.3202,3.8257,3.7544,4.1398,4.5012
1/31/2024,4.3078,3.6784,3.6081,4.0113,4.3761
2/1/2024,4.2766,3.6829,3.6129,4.0118,4.4057
2/2/2024,4.2439,3.6643,3.5943,3.9777,4.3564
2/5/2024,4.2434,3.7795,3.7215,4.0953,4.4438
2/6/2024,4.2469,3.798,3.7404,4.1264,4.4791
2/7/2024,4.2545,3.7522,3.6982,4.0874,4.4471
2/8/2024,4.2992,3.768,3.7173,4.1064,4.4692
2/9/2024,4.2933,3.7943,3.7435,4.1274,4.4872
2/12/2024,4.2934,3.8515,3.7973,4.1617,4.5142
2/13/2024,4.2979,3.8615,3.8078,4.172,4.5279
2/14/2024,4.309,3.9438,3.9016,4.2648,4.5854
2/15/2024,4.3005,3.8159,3.7696,4.1356,4.4768
2/16/2024,4.2921,3.8635,3.8243,4.1942,4.5484
2/19/2024,4.2899,3.847,3.8051,4.1697,4.5198
2/20/2024,4.2925,3.8368,3.7985,4.1807,4.5313
2/21/2024,4.2903,3.8168,3.7798,4.1705,4.533
2/22/2024,4.2905,3.8268,3.7824,4.1561,4.5222
2/23/2024,4.2997,3.8742,3.8309,4.196,4.5399
2/26/2024,4.2977,3.8094,3.7537,4.1003,4.4444
2/27/2024,4.3,3.8151,3.7657,4.131,4.4754
2/28/2024,4.2981,3.8233,3.7804,4.1657,4.5131
2/29/2024,4.2983,3.7965,3.7502,4.1355,4.4849
3/1/2024,4.299,3.8067,3.7587,4.1411,4.4845
3/4/2024,4.2992,3.7785,3.7281,4.1011,4.4602
3/5/2024,4.2972,3.7775,3.7254,4.0911,4.4479
3/6/2024,4.2974,3.7271,3.662,4.008,4.3618
3/7/2024,4.2953,3.7502,3.6711,4.0087,4.3671
3/8/2024,4.2963,3.7216,3.6382,3.9739,4.3347
3/11/2024,4.2934,3.7053,3.6212,3.9507,4.3282
3/12/2024,4.2936,3.7039,3.6211,3.9447,4.3142
3/13/2024,4.2959,3.7678,3.6901,4.0159,4.3723
3/14/2024,4.3138,3.8023,3.7242,4.0555,4.4324
3/15/2024,4.299,3.8677,3.7909,4.1323,4.5047
3/18/2024,4.2946,3.8691,3.7825,4.1097,4.4626
3/19/2024,4.2925,3.8185,3.7202,4.0807,4.4441
3/20/2024,4.2927,3.8041,3.6919,4.0515,4.4318
3/21/2024,4.2953,3.8528,3.7342,4.09,4.4841
3/22/2024,4.2937,3.8195,3.6905,4.0347,4.4135
3/25/2024,4.2941,3.7927,3.6602,4.0065,4.3845
3/26/2024,4.2918,3.7987,3.6684,4.025,4.4018
3/27/2024,4.2582,3.7827,3.6443,4.0002,4.3699
3/28/2024,4.297,3.7571,3.6113,3.962,4.3346
4/2/2024,4.2548,3.7037,3.7175,4.0711,4.4279
4/3/2024,4.2952,3.7616,3.7785,4.1391,4.4948
4/4/2024,4.2957,3.7936,3.8111,4.1782,4.5446
4/5/2024,4.2945,3.7392,3.7465,4.099,4.4659
4/8/2024,4.2952,3.8088,3.8297,4.1974,4.5545
4/9/2024,4.2927,3.7809,3.7997,4.173,4.5217
4/10/2024,4.2933,3.7533,3.7625,4.1184,4.469
4/11/2024,4.2973,3.8826,3.8992,4.2559,4.5789
4/12/2024,4.3018,3.8992,3.9147,4.2662,4.5933
4/15/2024,4.3041,3.8936,3.9056,4.2615,4.5972
4/16/2024,4.3022,3.9395,3.9607,4.3302,4.6712
4/17/2024,4.3024,3.993,4.0203,4.3828,4.7189
4/18/2024,4.3005,3.9156,3.9324,4.2783,4.6261
4/19/2024,4.299,3.878,3.8961,4.2557,4.5965
4/22/2024,4.3016,3.9319,3.9586,4.3188,4.6469
4/23/2024,4.2995,3.8966,3.9149,4.2683,4.603
4/24/2024,4.3146,4.08,4.0927,4.4074,4.7392
4/26/2024,4.2185,4.1839,4.2018,4.5204,4.837
4/29/2024,4.3068,4.1602,4.171,4.486,4.7959
4/30/2024,4.3021,4.0953,4.0974,4.4225,4.7258
5/1/2024,4.3157,4.176,4.1793,4.5085,4.8128
5/2/2024,4.3296,4.1254,4.1259,4.448,4.7715
5/3/2024,4.3357,4.0981,4.0974,4.4178,4.7778
5/6/2024,4.3457,4.0861,4.0809,4.3793,4.7299
5/7/2024,4.3183,3.9812,3.9792,4.3052,4.6687
5/8/2024,4.326,3.9994,3.9883,4.2918,4.6438
5/9/2024,4.3243,4.0441,4.0386,4.3466,4.7008
5/10/2024,4.3239,4.0223,4.0172,4.3216,4.6746
5/13/2024,4.3246,4.0222,4.0139,4.3269,4.6823
5/14/2024,4.3253,4.0139,4.008,4.327,4.6847
5/15/2024,4.3261,4.0161,4.0036,4.3161,4.6723
5/16/2024,4.319,3.9007,3.8798,4.1875,4.5465
5/17/2024,4.3186,3.9057,3.8925,4.2121,4.5604
5/20/2024,4.3195,3.935,3.9215,4.2367,4.5912
5/21/2024,4.3175,3.9531,3.9361,4.2508,4.608
5/22/2024,4.3212,3.9972,3.9735,4.2853,4.647
5/23/2024,4.3193,3.9972,3.9609,4.2557,4.5988
5/24/2024,4.3223,4.0449,4.0119,4.3094,4.6541
5/27/2024,4.3234,4.0269,3.9905,4.2791,4.6378
5/28/2024,4.3246,4.021,3.9823,4.26,4.626
5/29/2024,4.3225,4.1348,4.1082,4.398,4.7478
5/30/2024,4.3205,4.147,4.128,4.4331,4.7908
5/31/2024,4.3243,4.1203,4.0984,4.4083,4.752
6/3/2024,4.3258,4.0944,4.068,4.3688,4.7252
6/4/2024,4.3273,4.0473,4.014,4.3035,4.6686
6/5/2024,4.3252,4.011,3.9691,4.2451,4.6093
6/6/2024,4.3192,3.9911,3.9475,4.2259,4.6002
6/7/2024,4.3177,3.9815,3.9351,4.2206,4.5867
6/11/2024,4.3194,4.0569,4.0207,4.3234,4.6832
6/12/2024,4.317,4.0272,3.9871,4.2786,4.648
6/13/2024,4.332,3.9696,3.9192,4.1895,4.575
6/14/2024,4.3345,3.9074,3.8524,4.1239,4.5074
6/17/2024,4.3322,3.8856,3.8313,4.1108,4.4931
6/18/2024,4.3199,3.9417,3.8825,4.154,4.5386
6/19/2024,4.3274,3.9907,3.925,4.1798,4.5542
6/20/2024,4.3301,4.0119,3.9428,4.204,4.5719
6/21/2024,4.3337,4.0119,3.9408,4.2119,4.5911
6/24/2024,4.3311,4.0297,3.9508,4.2167,4.5973
6/25/2024,4.3407,4.0201,3.9355,4.2002,4.5815
6/26/2024,4.3383,4.2004,4.0963,4.3103,4.6637
6/27/2024,4.3423,4.2649,4.1666,4.4091,4.7342
6/28/2024,4.3759,4.1634,4.073,4.3102,4.6447
7/1/2024,4.3769,4.2029,4.1287,4.3819,4.7387
7/2/2024,4.378,4.2134,4.1404,4.4089,4.779
7/3/2024,4.3791,4.2364,4.1601,4.4275,4.7999
7/4/2024,4.3936,4.2377,4.1575,4.4145,4.7839
7/5/2024,4.3931,4.2368,4.1589,4.4031,4.7852
7/8/2024,4.3945,4.2085,4.1191,4.3588,4.7544
7/9/2024,4.3937,4.2013,4.1084,4.3439,4.7379
7/10/2024,4.3904,4.1713,4.0841,4.3442,4.7483
7/11/2024,4.4039,4.2027,4.1128,4.3735,4.7662
7/12/2024,4.4017,4.1522,4.0584,4.324,4.7261
7/15/2024,4.3933,4.1438,4.0524,4.3245,4.7483
7/16/2024,4.3872,4.0828,3.9775,4.2495,4.679
7/17/2024,4.3889,4.0829,3.974,4.2532,4.6721
7/18/2024,4.3959,4.1012,3.9845,4.2389,4.6576
7/19/2024,4.3934,4.1193,4.0085,4.2845,4.7113
7/22/2024,4.3981,4.1324,4.021,4.3073,4.7334
7/23/2024,4.3973,4.174,4.0626,4.3477,4.7734
7/24/2024,4.3994,4.1588,4.0464,4.3269,4.755
7/25/2024,4.4075,4.1038,3.994,4.3117,4.7846
7/26/2024,4.4092,4.1011,3.9927,4.3082,4.7571
7/29/2024,4.4136,4.0886,3.9801,4.2758,4.7303
7/30/2024,4.4156,4.0969,3.9891,4.2796,4.726
7/31/2024,4.3418,3.8751,3.7768,4.1152,4.6051
8/1/2024,4.3402,3.8552,3.7545,4.0869,4.5913
8/2/2024,4.3363,3.8008,3.7076,4.0513,4.5811
8/6/2024,4.3831,3.7596,3.6748,4.0202,4.5322
8/7/2024,4.3386,3.8046,3.7223,4.0783,4.5719
8/8/2024,4.3398,3.7712,3.6981,4.0686,4.5763
8/9/2024,4.3357,3.7793,3.7035,4.0583,4.5767
8/12/2024,4.3363,3.7896,3.7056,4.0478,4.537
8/13/2024,4.3369,3.7501,3.6645,4.0038,4.5061
8/14/2024,4.3353,3.6561,3.5708,3.9297,4.4686
8/15/2024,4.3382,3.6274,3.5356,3.8749,4.3973
8/16/2024,4.3403,3.6924,3.5968,3.9291,4.4357
8/19/2024,4.3387,3.6784,3.5861,3.916,4.4082
8/20/2024,4.3372,3.7112,3.6239,3.9487,4.4333
8/21/2024,4.3356,3.6563,3.5636,3.8899,4.4003
8/22/2024,4.3339,3.6331,3.5463,3.8856,4.4092
8/23/2024,4.3339,3.6622,3.5841,3.9191,4.4441
8/26/2024,4.3297,3.5683,3.4948,3.8544,4.3941
8/27/2024,4.3331,3.6243,3.5543,3.9096,4.448
8/28/2024,4.3418,3.6606,3.5845,3.9298,4.472
8/29/2024,4.3429,3.6719,3.5926,3.9536,4.4796
8/30/2024,4.338,3.6715,3.5935,3.9668,4.4953
9/2/2024,4.3387,3.7295,3.6445,4.0104,4.5482
9/3/2024,4.3372,3.7188,3.6329,4.0018,4.5432
9/4/2024,4.3356,3.6922,3.5955,3.95,4.5174
9/5/2024,4.3436,3.6678,3.5639,3.9264,4.497
9/6/2024,4.3381,3.6284,3.5206,3.8809,4.4566
9/9/2024,4.3386,3.6775,3.5755,3.9539,4.5284
9/10/2024,4.303,3.6509,3.5423,3.9083,4.4687
9/11/2024,4.3012,3.6083,3.4948,3.8489,4.4063
9/12/2024,4.3115,3.6144,3.5078,3.8515,4.3917
9/13/2024,4.3293,3.5624,3.4491,3.8168,4.3672
9/16/2024,4.3148,3.5319,3.4216,3.8121,4.3581
9/17/2024,4.313,3.5534,3.4455,3.8318,4.3637
9/18/2024,4.3156,3.5788,3.4778,3.8626,4.4078
9/19/2024,4.3005,3.6492,3.5523,3.9276,4.4608
9/20/2024,4.3265,3.6247,3.5363,3.9179,4.47
9/23/2024,4.3172,3.6631,3.5786,3.9591,4.5182
9/24/2024,4.3078,3.5523,3.478,3.8891,4.4759
9/25/2024,4.3094,3.5763,3.5074,3.9076,4.5088
9/26/2024,4.3243,3.606,3.545,3.9414,4.5481
9/27/2024,4.3188,3.6321,3.569,3.9578,4.5565
9/30/2024,4.322,3.6435,3.5808,3.9722,4.5751
10/1/2024,4.3202,3.613,3.648,4.0072,4.5744
10/2/2024,4.3235,3.5642,3.5958,3.9524,4.5172
10/3/2024,4.3111,3.606,3.6418,4.0102,4.5791
10/4/2024,4.3167,3.6655,3.7104,4.0736,4.6349
10/8/2024,4.3146,3.7856,3.8174,4.1653,4.6937
10/9/2024,4.3184,3.7974,3.832,4.1915,4.7232
10/10/2024,4.3163,3.8407,3.8769,4.2246,4.7466
10/11/2024,4.3161,3.8293,3.8689,4.2293,4.7636
10/14/2024,4.3171,3.8584,3.9021,4.2734,4.8185
10/15/2024,4.3182,3.8446,3.8884,4.2532,4.7954
10/16/2024,4.342,3.8043,3.8458,4.2046,4.7319
10/17/2024,4.3403,3.8598,3.8978,4.2489,4.7726
10/18/2024,4.3383,3.8956,3.9374,4.3079,4.8329
10/21/2024,4.3293,3.863,3.9034,4.2733,4.7978
10/22/2024,4.3273,3.9755,4.0281,4.4314,4.9523
10/23/2024,4.3252,3.9938,4.0596,4.4662,4.9596
10/24/2024,4.3192,3.9656,4.0412,4.4517,4.9314
10/25/2024,4.3558,3.9373,4.01,4.4117,4.8883
10/28/2024,4.3565,4.0038,4.0804,4.4811,4.9562
10/29/2024,4.3532,3.9774,4.0497,4.446,4.9165
10/30/2024,4.4086,3.9959,4.0698,4.4654,4.939
10/31/2024,4.4161,4.0465,4.1221,4.5039,4.9566
