Date,GCNY3M_Close,GCNY2YR_Close,GCNY5YR_Close,GCNY10YR_Close,GCNY30YR_Close
6/6/2005,,,,4.11,
6/8/2005,,1.954,3.249,,
6/9/2005,,1.895,3.251,,
6/10/2005,,1.833,3.256,3.759,
6/13/2005,,1.797,3.18,3.756,
6/14/2005,,1.839,3.116,,
6/16/2005,,1.671,3.09,3.581,
6/17/2005,,1.563,3.073,3.585,
6/20/2005,,1.593,3.035,3.593,
6/21/2005,,,3.08,3.71,
6/22/2005,,1.598,,3.592,
6/23/2005,,,3.004,,
6/24/2005,,1.654,3.042,3.586,
6/27/2005,,1.701,3.036,3.592,
6/28/2005,,1.735,,,
6/29/2005,,1.673,3.061,3.586,
6/30/2005,,1.753,3.038,3.592,
7/1/2005,,1.751,3.052,,
7/4/2005,,1.822,3.067,3.597,
7/5/2005,,1.836,3.078,3.594,
7/6/2005,,1.832,3.036,3.573,
7/7/2005,,2.014,2.989,3.505,
7/8/2005,,1.689,2.964,3.524,
7/11/2005,,1.793,2.895,,
7/12/2005,,1.689,2.964,3.524,
7/13/2005,,1.667,2.887,3.477,
7/14/2005,,1.624,2.819,,
7/15/2005,,1.587,2.758,,
7/18/2005,,1.628,2.763,3.481,
7/19/2005,,1.725,2.764,3.476,
7/20/2005,,1.603,2.766,3.475,
7/21/2005,,1.586,2.762,3.487,
7/22/2005,,1.594,2.747,,
7/25/2005,,1.611,2.804,3.474,
7/26/2005,,1.613,2.766,3.474,
7/27/2005,,1.834,2.643,3.462,
7/28/2005,,1.785,2.63,,
7/29/2005,,1.707,2.72,,
8/1/2005,,1.651,2.656,,
8/2/2005,,1.603,2.674,,
8/3/2005,,1.694,,,
8/4/2005,,1.689,2.598,,
8/5/2005,,1.682,2.639,3.318,
8/8/2005,,1.671,2.7,3.435,
8/10/2005,,1.693,2.663,,
8/12/2005,,1.665,2.709,3.259,
8/15/2005,,1.688,2.703,,
8/18/2005,,1.642,2.716,3.339,
8/19/2005,,1.658,,3.338,
8/23/2005,,1.639,,3.611,
8/24/2005,,1.661,2.653,,
8/25/2005,,1.663,2.646,,
8/26/2005,,1.652,,,
8/29/2005,,,2.645,,
8/30/2005,,1.644,2.673,,
8/31/2005,,1.687,,,
9/2/2005,,,2.636,,
9/5/2005,,,2.678,,
9/6/2005,,,2.679,,
9/7/2005,,1.639,2.669,,
9/8/2005,,,2.665,3.308,
9/9/2005,,1.75,2.663,,
9/12/2005,,,2.653,,
9/13/2005,,1.703,2.646,,
9/14/2005,,1.726,2.617,,
9/15/2005,,1.749,2.607,,
9/16/2005,,1.749,2.607,,
9/19/2005,,1.72,2.546,,
9/20/2005,,1.656,2.523,,
9/21/2005,,1.637,2.498,,
9/22/2005,,,2.498,,
9/23/2005,,1.681,2.488,,
9/26/2005,,1.623,2.452,,
9/27/2005,,1.603,2.447,,
9/28/2005,,1.601,2.405,,
9/29/2005,,1.589,2.394,,
9/30/2005,,1.586,2.383,,
10/10/2005,,1.602,2.374,,
10/11/2005,,1.54,2.365,,
10/12/2005,,1.555,2.336,,
10/13/2005,,1.535,2.359,,
10/14/2005,,1.53,2.358,,
10/17/2005,,,2.272,,
10/18/2005,,1.52,2.196,,
10/19/2005,,,2.204,,
10/20/2005,,,2.185,,
10/21/2005,,,2.126,,
10/24/2005,,1.507,2.215,,
10/25/2005,,1.519,2.225,,
10/26/2005,,1.519,2.26,,
10/27/2005,,1.519,2.264,,
10/28/2005,,1.601,2.513,,
10/31/2005,,1.616,2.586,,
11/1/2005,,,2.613,,
11/2/2005,,,2.588,,
11/3/2005,,,2.54,,
11/4/2005,,,2.544,,
11/7/2005,,,2.305,,
11/8/2005,,1.635,2.514,,
11/9/2005,,1.673,2.542,,
11/10/2005,,1.673,2.745,,
11/11/2005,,1.715,2.769,,
11/14/2005,,1.777,2.795,,
11/15/2005,,1.777,2.793,,
11/16/2005,,1.777,2.834,,
11/17/2005,,1.778,2.821,,
11/18/2005,,1.779,2.812,,
11/21/2005,,1.929,2.811,,
11/22/2005,,1.792,2.934,,
11/23/2005,,1.792,2.736,,
11/24/2005,,1.792,2.874,,
11/28/2005,,1.893,2.937,,
11/29/2005,,,2.822,,
11/30/2005,,,2.823,,
12/1/2005,,1.927,2.793,,
12/2/2005,,2.015,2.792,,
12/5/2005,,2.001,2.779,,
12/6/2005,,2.077,2.826,,
12/7/2005,,2.033,2.802,,
12/8/2005,,1.988,2.757,,
12/9/2005,,1.97,2.676,,
12/12/2005,,1.969,2.676,,
12/13/2005,,1.857,2.649,,
12/14/2005,,1.908,2.625,,
12/15/2005,,1.866,2.623,,
12/16/2005,,1.829,2.621,,
12/19/2005,,1.807,2.559,,
12/20/2005,,1.796,2.528,,
12/21/2005,,1.796,2.528,,
12/22/2005,,1.815,2.547,,
12/23/2005,,1.838,2.546,,
12/26/2005,,1.838,2.546,,
12/27/2005,,1.843,2.587,,
12/28/2005,,1.809,2.545,,
12/29/2005,,1.799,2.521,,
12/30/2005,,1.767,2.522,,
1/4/2006,,1.862,2.381,,
1/5/2006,,1.803,2.479,,
1/6/2006,,1.797,2.489,,
1/9/2006,,1.797,2.347,,
1/10/2006,,1.788,2.474,,
1/11/2006,,1.8,2.326,,
1/12/2006,,1.814,2.321,,
1/13/2006,,1.814,2.32,,
1/16/2006,,1.773,2.307,,
1/17/2006,,1.805,2.314,,
1/18/2006,,1.806,2.301,,
1/19/2006,,1.806,2.301,,
1/20/2006,,1.797,2.298,,
1/23/2006,,1.811,2.32,,
1/24/2006,,1.806,2.324,,
1/25/2006,,1.806,2.324,,
1/26/2006,,1.802,2.324,,
2/6/2006,,1.826,2.372,,
2/7/2006,,1.791,2.346,,
2/8/2006,,1.8,2.342,,
2/9/2006,,1.8,2.341,,
2/10/2006,,1.814,2.329,,
2/13/2006,,1.794,2.331,,
2/14/2006,,1.795,2.33,,
2/16/2006,,1.815,2.34,,
2/20/2006,,1.822,2.334,,
2/21/2006,,1.822,2.333,,
2/22/2006,,1.824,2.347,,
2/23/2006,,1.824,2.347,,
2/24/2006,,1.823,2.368,,
2/27/2006,,1.837,2.365,,
2/28/2006,,1.887,2.375,,
3/1/2006,,1.94,2.374,,
3/6/2006,,1.968,2.38,,
3/8/2006,,1.945,2.388,,
3/10/2006,,1.982,2.376,,
3/13/2006,,1.977,2.374,,
3/14/2006,,1.972,2.364,,
3/15/2006,,1.971,2.368,,
3/16/2006,,1.966,2.359,,
3/17/2006,,1.956,2.359,,
3/20/2006,,1.986,2.363,,
3/21/2006,,1.985,2.378,,
3/22/2006,,2.011,2.375,,
3/23/2006,,2.111,2.396,,
3/24/2006,,2.039,2.417,,
3/27/2006,,2.016,2.468,,
3/28/2006,,2.038,2.463,,
3/29/2006,,2.046,2.467,,
3/30/2006,,2.046,2.464,,
3/31/2006,,2.048,2.458,,
4/3/2006,,2.033,2.491,2.826,
4/4/2006,,2.002,2.488,2.854,
4/5/2006,,2.027,2.494,2.868,
4/6/2006,,1.996,2.46,2.869,
4/7/2006,,1.995,2.451,2.875,
4/10/2006,,1.999,2.446,2.861,
4/11/2006,,2.024,2.464,2.861,
4/12/2006,,2.003,2.463,2.865,
4/13/2006,,1.987,2.467,2.861,
4/14/2006,,2.001,2.477,2.86,
4/17/2006,,1.99,2.503,2.88,
4/18/2006,,2.015,2.512,2.907,
4/19/2006,,1.999,2.523,2.925,
4/20/2006,,2.024,2.545,2.928,
4/21/2006,,2.002,2.571,2.96,
4/24/2006,,2.032,2.531,2.914,
4/25/2006,,2.042,2.577,2.979,
4/26/2006,,2.082,2.553,2.964,
4/27/2006,,2.071,2.55,2.961,
4/28/2006,,2.04,2.552,2.971,
5/8/2006,,1.939,2.535,2.984,
5/9/2006,,1.959,2.526,2.965,
5/10/2006,,1.934,2.525,2.995,
5/11/2006,,1.947,2.508,2.968,
5/12/2006,,1.935,2.5,2.995,
5/15/2006,,1.967,2.49,2.977,
5/16/2006,,1.942,2.489,2.982,
5/17/2006,,1.975,2.491,2.987,
5/18/2006,,1.943,2.486,2.98,
5/19/2006,,1.97,2.51,2.989,
5/22/2006,,1.97,2.498,2.972,
5/23/2006,,1.938,2.499,2.96,
5/24/2006,,1.912,2.485,2.95,
5/25/2006,,1.918,2.489,2.958,
5/26/2006,,1.952,2.497,2.96,
5/29/2006,,1.953,2.503,2.987,
5/30/2006,,1.973,2.512,2.987,
5/31/2006,,1.954,2.5,2.982,
6/1/2006,,2.09,2.521,2.983,
6/2/2006,,2.084,2.526,2.982,
6/5/2006,,2.079,2.533,2.984,
6/6/2006,,2.097,2.533,2.981,
6/7/2006,,2.073,2.533,2.982,
6/8/2006,,2.096,2.515,2.985,
6/9/2006,,2.109,2.539,2.988,
6/12/2006,,2.114,2.553,3.016,
6/13/2006,,2.132,2.561,3.035,
6/14/2006,,2.147,2.57,3.025,
6/15/2006,,2.117,2.557,3.042,
6/16/2006,,2.164,2.579,3.051,
6/19/2006,,2.213,2.661,3.106,
6/20/2006,,2.193,2.67,3.104,
6/21/2006,,2.212,2.673,3.096,
6/22/2006,,2.212,2.666,3.084,
6/23/2006,,2.23,2.678,3.1,
6/26/2006,,2.26,2.709,3.124,
6/27/2006,,2.255,2.709,3.124,
6/28/2006,,2.239,2.698,3.131,
6/29/2006,,2.234,2.707,3.134,
6/30/2006,,2.233,2.703,3.14,
7/3/2006,,2.263,2.661,3.148,
7/4/2006,,2.257,2.676,3.156,
7/5/2006,,2.257,2.677,3.158,
7/6/2006,,2.252,2.68,3.157,
7/7/2006,,2.241,2.679,3.164,
7/10/2006,,2.24,2.67,3.163,
7/11/2006,,2.235,2.675,3.148,
7/12/2006,,2.229,2.659,3.162,
7/13/2006,,2.219,2.656,3.171,
7/14/2006,,2.213,2.644,3.181,
7/17/2006,,2.212,2.647,3.169,
7/18/2006,,2.248,2.661,3.177,
7/19/2006,,2.253,2.689,3.193,
7/20/2006,,2.252,2.696,3.186,
7/21/2006,,2.225,2.653,3.154,
7/24/2006,,2.323,2.717,3.214,
7/25/2006,,2.328,2.712,3.233,
7/26/2006,,2.348,2.715,3.245,
7/27/2006,,2.384,2.762,3.272,
7/28/2006,,2.368,2.765,3.279,
7/31/2006,,2.362,2.77,3.288,
8/1/2006,,2.365,2.778,3.27,
8/2/2006,,2.358,2.779,3.273,
8/3/2006,,2.378,2.754,3.262,
8/4/2006,,2.383,2.798,3.283,
8/7/2006,,2.337,2.776,3.262,
8/8/2006,,2.335,2.755,3.246,
8/9/2006,,2.344,2.763,3.241,
8/10/2006,,2.342,2.751,3.232,
8/11/2006,,2.336,2.756,3.238,
8/14/2006,,2.323,2.751,3.221,
8/15/2006,,2.316,2.713,3.212,
8/16/2006,,2.314,2.704,3.207,
8/17/2006,,2.301,2.675,3.202,
8/18/2006,,2.3,2.667,3.203,
8/21/2006,,2.309,2.694,3.219,
8/22/2006,,2.313,2.701,3.225,
8/23/2006,,2.305,2.683,3.218,
8/24/2006,,2.292,2.697,3.199,
8/25/2006,,2.291,2.689,3.197,
8/28/2006,,2.289,2.694,3.199,
8/29/2006,,2.281,2.685,3.205,
8/30/2006,,2.279,2.696,3.21,
8/31/2006,,2.277,2.691,3.209,
9/1/2006,,2.271,2.77,3.193,
9/4/2006,,2.269,2.752,3.198,
9/5/2006,,2.261,2.752,3.196,
9/6/2006,,2.264,2.744,3.193,
9/7/2006,,2.257,2.75,3.196,
9/8/2006,,2.261,2.741,3.19,
9/11/2006,,2.231,2.735,3.189,
9/12/2006,,2.229,2.739,3.182,
9/13/2006,,2.221,2.733,3.182,
9/14/2006,,2.201,2.73,3.182,
9/15/2006,,2.206,2.724,3.181,
9/18/2006,,2.192,2.724,3.177,
9/19/2006,,2.19,2.715,3.177,
9/20/2006,,2.187,2.715,3.164,
9/21/2006,,2.185,2.706,3.154,
9/22/2006,,2.143,2.702,3.15,
9/25/2006,,2.153,2.704,3.113,
9/26/2006,,2.139,2.688,3.098,
9/27/2006,,2.159,2.684,3.105,
9/28/2006,,2.163,2.708,3.079,
9/29/2006,,2.121,2.677,3.036,
10/9/2006,,2.118,2.677,3.036,
10/10/2006,,2.092,2.663,3.039,
10/11/2006,,2.113,2.654,2.983,
10/12/2006,,2.117,2.672,2.998,
10/13/2006,,2.085,2.65,3,
10/16/2006,,2.107,2.672,2.995,
10/17/2006,,2.104,2.641,2.976,
10/18/2006,,2.12,2.676,3.003,
10/19/2006,,2.123,2.665,2.985,
10/20/2006,,2.097,2.625,2.953,
10/23/2006,,2.113,2.634,2.965,
10/24/2006,,2.111,2.631,2.951,
10/25/2006,,2.096,2.613,2.953,
10/26/2006,,2.099,2.6,2.983,
10/27/2006,,2.092,2.526,2.899,
10/30/2006,,2.101,2.6,2.95,
10/31/2006,,2.105,2.613,2.962,
11/1/2006,,2.145,2.597,2.945,
11/2/2006,,2.156,2.579,2.952,
11/3/2006,,2.161,2.599,2.959,
11/6/2006,,2.172,2.59,2.966,
11/7/2006,,2.171,2.59,2.963,
11/8/2006,,2.153,2.608,2.961,
11/9/2006,,2.158,2.594,2.955,
11/10/2006,,2.187,2.583,2.96,
11/13/2006,,2.198,2.571,2.974,
11/14/2006,,2.198,2.567,2.978,
11/15/2006,,2.197,2.551,2.984,
11/16/2006,,2.202,2.551,2.986,
11/17/2006,,2.183,2.58,2.975,
11/20/2006,,2.188,2.6,2.977,
11/21/2006,,2.194,2.596,2.99,
11/22/2006,,2.199,2.607,2.979,
11/23/2006,,2.199,2.62,3.003,
11/24/2006,,2.191,2.636,3.042,
11/27/2006,,2.227,2.636,3.042,
11/28/2006,,2.233,2.638,3.024,
11/29/2006,,2.214,2.611,3.012,
11/30/2006,,2.251,2.656,3.029,
12/1/2006,,,,3.021,
12/4/2006,,2.22,2.561,3.009,
12/5/2006,,2.23,2.57,3.014,
12/6/2006,,2.236,2.572,3.009,
12/7/2006,,2.251,2.57,3.016,
12/8/2006,,2.282,2.576,3.028,
12/11/2006,,2.288,2.588,3.046,
12/12/2006,,2.29,2.583,3.044,
12/13/2006,,2.279,2.579,3.042,
12/14/2006,,2.289,2.577,3.037,
12/15/2006,,2.274,2.579,3.035,
12/18/2006,,2.28,2.588,3.041,
12/19/2006,,2.252,2.581,3.038,
12/20/2006,,2.258,2.579,3.045,
12/21/2006,,2.269,2.581,3.034,
12/22/2006,,2.253,2.579,3.038,
12/25/2006,,2.259,2.586,3.045,
12/26/2006,,2.257,2.591,3.04,
12/27/2006,,2.255,2.591,3.04,
12/28/2006,,2.252,2.591,3.041,
12/29/2006,,2.268,2.609,3.058,
1/4/2007,,2.244,2.598,3.036,
1/5/2007,,2.177,2.602,3.038,
1/8/2007,,2.21,2.58,3.055,
1/9/2007,,2.204,2.6,3.043,
1/10/2007,,2.192,2.58,3.032,
1/11/2007,,2.192,2.566,3.023,
1/12/2007,,2.2,2.571,3.025,
1/15/2007,,2.213,2.585,3.028,
1/16/2007,,2.207,2.592,3.029,
1/17/2007,,2.188,2.592,3.024,
1/18/2007,,2.189,2.574,3.038,
1/19/2007,,2.19,2.587,3.029,
1/22/2007,,2.21,2.583,3.041,
1/23/2007,,2.224,2.59,3.046,
1/24/2007,,2.198,2.606,3.034,
1/25/2007,,2.212,2.606,3.039,
1/26/2007,,2.226,2.585,3.041,
1/29/2007,,2.207,2.615,3.042,
1/30/2007,,2.207,2.606,3.037,
1/31/2007,,2.221,2.636,3.057,
2/1/2007,,2.316,2.799,3.045,
2/2/2007,,2.331,2.802,3.051,
2/5/2007,,2.336,2.81,3.058,
2/6/2007,,2.322,2.806,3.054,
2/7/2007,,2.337,2.812,3.058,
2/8/2007,,2.346,2.804,3.047,
2/9/2007,,2.328,2.802,3.054,
2/12/2007,,2.32,2.81,3.08,
2/13/2007,,2.31,2.82,3.1,
2/14/2007,,2.31,2.83,3.1,
2/15/2007,,2.31,2.82,3.1,
2/16/2007,,2.31,2.83,3.11,
2/26/2007,,2.32,2.84,3.11,
2/27/2007,,2.34,2.82,3.1,
2/28/2007,,2.33,2.82,3.11,
3/1/2007,,2.33,2.82,3.12,
3/2/2007,,2.33,2.81,3.13,
3/5/2007,,2.32,2.82,3.12,
3/6/2007,,2.36,2.83,3.17,
3/7/2007,,2.34,2.81,3.16,
3/8/2007,,2.35,2.83,3.17,
3/9/2007,,2.34,2.84,3.17,
3/12/2007,,2.32,2.84,3.17,
3/13/2007,,2.33,2.83,3.17,
3/14/2007,,2.32,2.83,3.18,
3/15/2007,,2.33,2.84,3.18,
3/16/2007,,2.34,2.85,3.17,
3/19/2007,,2.36,2.88,3.25,
3/20/2007,,2.37,2.88,3.26,
3/21/2007,,2.38,2.89,3.33,
3/22/2007,,2.39,2.89,3.36,
3/23/2007,,2.36,2.9,3.35,
3/26/2007,,2.38,2.89,3.35,
3/27/2007,,2.4,2.9,3.38,
3/28/2007,,2.39,2.91,3.4,
3/29/2007,,2.39,2.91,3.4,
3/30/2007,,2.37,2.9,3.37,
4/2/2007,,2.45,2.86,3.46,
4/3/2007,,2.47,2.86,3.46,
4/4/2007,,2.44,2.86,3.45,
4/5/2007,,2.41,2.87,3.45,
4/6/2007,,2.45,2.87,3.46,
4/9/2007,,2.46,2.88,3.47,
4/10/2007,,2.46,2.89,3.48,
4/11/2007,,2.46,2.89,3.48,
4/12/2007,,2.47,2.9,3.48,
4/13/2007,,2.46,2.91,3.49,
4/16/2007,,2.44,2.96,3.48,
4/17/2007,,2.48,2.98,3.52,
4/18/2007,,2.49,2.97,3.51,
4/19/2007,,2.55,3.03,3.56,
4/20/2007,,2.51,3.07,3.58,
4/23/2007,,2.51,3.08,3.56,
4/24/2007,,2.53,3.16,3.6,
4/25/2007,,2.56,3.12,3.59,
4/26/2007,,2.59,3.16,3.61,
4/27/2007,,2.52,3.16,3.62,
4/30/2007,,2.5,3.18,3.64,
5/8/2007,,2.5,3.19,3.64,
5/9/2007,,2.5,3.18,3.63,
5/10/2007,,2.49,3.19,3.65,
5/11/2007,,2.47,3.2,3.66,
5/14/2007,,2.47,3.21,3.65,
5/15/2007,,2.48,3.2,3.67,
5/16/2007,,2.58,3.23,3.66,
5/17/2007,,2.6,3.27,3.74,
5/18/2007,,2.52,3.28,3.74,
5/21/2007,,2.57,3.35,3.83,
5/22/2007,,2.68,3.43,3.87,
5/23/2007,,2.71,3.44,3.91,
5/24/2007,,2.71,3.49,4,
5/25/2007,,2.75,3.5,4.01,
5/28/2007,,2.84,3.47,3.97,
5/29/2007,,2.85,3.5,4.02,
5/30/2007,,2.86,3.51,4.03,
5/31/2007,,2.87,3.49,3.96,
6/1/2007,,2.96,3.47,3.92,
6/4/2007,,2.98,3.5,4,
6/5/2007,,3.03,3.5,4,
6/6/2007,,3.04,3.48,4.01,
6/7/2007,,3.04,3.5,4.04,
6/8/2007,,3.06,3.49,4.05,
6/11/2007,,3.06,3.54,4.1,
6/12/2007,,3.08,3.55,4.12,
6/13/2007,,3.1,3.56,4.12,
6/14/2007,,3.13,3.6,4.19,
6/15/2007,,3.17,3.63,4.27,
6/18/2007,,3.18,3.69,4.35,
6/19/2007,,3.16,3.62,4.21,
6/20/2007,,3.16,3.66,4.3,
6/21/2007,,3.21,3.74,4.37,
6/22/2007,,3.22,3.79,4.41,
6/25/2007,,3.23,3.78,4.43,
6/26/2007,,3.22,3.8,4.43,
6/27/2007,,3.29,3.82,4.44,
6/28/2007,,3.27,3.8,4.43,
6/29/2007,,3.32,3.84,4.43,
7/2/2007,,3.35,3.89,4.46,
7/3/2007,,3.37,3.87,4.46,
7/4/2007,,3.38,3.87,4.47,
7/5/2007,,3.39,3.89,4.46,
7/6/2007,,3.37,3.86,4.49,
7/9/2007,,3.4,3.87,4.5,
7/10/2007,,3.37,3.86,4.51,
7/11/2007,,3.41,3.88,4.53,
7/12/2007,,3.42,3.88,4.51,
7/13/2007,,3.41,3.88,4.5,
7/16/2007,,3.41,3.86,4.51,
7/17/2007,,3.38,3.83,4.49,
7/18/2007,,3.41,3.84,4.49,
7/19/2007,,3.42,3.84,4.5,
7/20/2007,,3.43,3.84,4.49,
7/23/2007,,3.41,3.84,4.49,
7/24/2007,,3.42,3.86,4.49,
7/25/2007,,3.43,3.87,4.46,
7/26/2007,,3.39,3.82,4.47,
7/27/2007,,3.34,3.81,4.44,
7/30/2007,,3.32,3.79,4.43,
7/31/2007,,3.32,3.78,4.41,
8/1/2007,,3.29,3.72,4.35,
8/2/2007,,3.28,3.72,4.35,
8/3/2007,,3.28,3.71,4.34,
8/6/2007,,3.3,3.73,4.39,
8/7/2007,,3.31,3.74,4.37,
8/8/2007,,3.3,3.75,4.37,
8/9/2007,,3.33,3.76,4.36,
8/10/2007,,3.32,3.78,4.36,
8/13/2007,,3.33,3.79,4.35,
8/14/2007,,3.35,3.78,4.38,
8/15/2007,,3.32,3.78,4.39,
8/16/2007,,3.36,3.79,4.35,
8/17/2007,,3.36,3.79,4.38,
8/20/2007,,3.33,3.75,4.38,
8/21/2007,,3.34,3.76,4.36,
8/22/2007,,3.37,3.75,4.34,
8/23/2007,,3.34,3.74,4.36,
8/24/2007,,3.36,3.69,4.26,
8/27/2007,,3.34,3.7,4.27,
8/28/2007,,3.35,3.71,4.28,
8/29/2007,,3.33,3.69,4.26,
8/30/2007,,3.34,3.69,4.3,
8/31/2007,,3.34,3.71,4.28,
9/3/2007,,3.41,3.71,4.25,
9/4/2007,,3.4,3.69,4.28,
9/5/2007,,3.37,3.69,4.29,
9/6/2007,,3.39,3.68,4.3,
9/7/2007,,3.43,3.7,4.32,
9/10/2007,,3.39,3.7,4.33,
9/11/2007,,3.41,3.72,4.33,
9/12/2007,,3.45,3.74,4.36,
9/13/2007,,3.4,3.72,4.37,
9/14/2007,,3.45,3.71,4.27,
9/17/2007,,3.47,3.8,4.4,
9/18/2007,,3.49,3.84,4.45,
9/19/2007,,3.51,3.88,4.48,
9/20/2007,,3.48,3.85,4.47,
9/21/2007,,3.55,3.92,4.5,
9/24/2007,,3.55,3.92,4.49,
9/25/2007,,3.56,3.92,4.49,
9/26/2007,,3.53,3.88,4.48,
9/27/2007,,3.54,3.87,4.46,
9/28/2007,,3.54,3.89,4.44,
10/8/2007,,3.51,3.88,4.46,
10/9/2007,,3.51,3.86,4.44,
10/10/2007,,3.53,3.89,4.45,
10/11/2007,,3.53,3.9,4.46,
10/12/2007,,3.52,3.86,4.45,
10/15/2007,,3.53,3.88,4.42,
10/16/2007,,3.55,3.9,4.42,
10/17/2007,,3.56,3.91,4.43,
10/18/2007,,3.56,3.92,4.44,
10/19/2007,,3.57,3.93,4.44,
10/22/2007,,3.57,3.93,4.43,
10/23/2007,,3.57,3.95,4.46,
10/24/2007,,3.61,3.97,4.5,
10/25/2007,,3.61,3.99,4.5,
10/26/2007,,3.61,3.98,4.49,
10/29/2007,,3.61,4,4.48,
10/30/2007,,3.61,4.01,4.5,
10/31/2007,,3.61,4.01,4.5,
11/1/2007,,3.62,4.07,4.5,
11/2/2007,,3.64,4.09,4.52,
11/5/2007,,3.66,4.08,4.54,
11/6/2007,,3.68,4.08,4.55,
11/7/2007,,3.64,4.08,4.53,
11/8/2007,,3.72,4.07,4.54,
11/9/2007,,3.84,4.15,4.56,
11/12/2007,,3.8,4.15,4.58,
11/13/2007,,3.87,4.18,4.57,
11/14/2007,,3.91,4.2,4.58,
11/15/2007,,3.92,4.21,4.59,
11/16/2007,,3.99,4.23,4.59,
11/19/2007,,3.91,4.19,4.57,
11/20/2007,,3.96,4.23,4.57,
11/21/2007,,4,4.25,4.58,
11/22/2007,,3.98,4.26,4.58,
11/23/2007,,3.99,4.25,4.55,
11/26/2007,,4.02,4.27,4.57,
11/27/2007,,4.01,4.25,4.55,
11/28/2007,,4.03,4.26,4.57,
11/29/2007,,4.01,4.25,4.55,
11/30/2007,,3.99,4.23,4.54,
12/3/2007,,4.01,4.24,4.52,
12/4/2007,,3.96,4.22,4.53,
12/5/2007,,4,4.24,4.54,
12/6/2007,,3.95,4.23,4.53,
12/7/2007,,4,4.24,4.53,
12/10/2007,,4,4.24,4.52,
12/11/2007,,3.99,4.22,4.52,
12/12/2007,,3.98,4.23,4.52,
12/13/2007,,3.97,4.22,4.49,
12/14/2007,,3.99,4.24,4.51,
12/17/2007,,3.99,4.23,4.52,
12/18/2007,,3.98,4.23,4.49,
12/19/2007,,3.98,4.24,4.49,
12/20/2007,,3.99,4.23,4.49,
12/21/2007,,3.98,4.23,4.49,
12/24/2007,,3.99,4.24,4.5,
12/25/2007,,4,4.24,4.5,
12/26/2007,,3.98,4.25,4.47,
12/27/2007,,3.98,4.24,4.48,
12/28/2007,,3.98,4.24,4.46,
1/2/2008,,3.98,4.23,4.47,
1/3/2008,,3.98,4.22,4.47,
1/4/2008,,3.96,4.22,4.46,
1/7/2008,,3.97,4.22,4.46,
1/8/2008,,3.96,4.22,4.45,
1/9/2008,,3.96,4.22,4.45,
1/10/2008,,3.97,4.23,4.47,
1/11/2008,,3.94,4.21,4.45,
1/14/2008,,3.96,4.22,4.45,
1/15/2008,,3.96,4.22,4.45,
1/16/2008,,3.96,4.23,4.45,
1/17/2008,,3.96,4.22,4.45,
1/18/2008,,3.95,4.24,4.45,
1/21/2008,,3.95,4.23,4.45,
1/22/2008,,3.95,4.22,4.41,
1/23/2008,,3.95,4.2,4.39,
1/24/2008,,3.93,4.18,4.37,
1/25/2008,,3.93,4.14,4.36,
1/28/2008,,3.93,4.13,4.35,
1/29/2008,,3.92,4.14,4.36,
1/30/2008,,3.91,4.12,4.36,
1/31/2008,,3.9,4.12,4.35,
2/1/2008,,3.82,3.99,4.24,
2/4/2008,,3.65,3.9,4.14,
2/5/2008,,3.62,3.89,4.16,
2/13/2008,,3.68,3.9,4.17,
2/14/2008,,3.67,3.91,4.18,
2/15/2008,,3.68,3.89,4.17,
2/18/2008,,3.68,3.91,4.18,
2/19/2008,,3.72,3.94,4.22,
2/20/2008,,3.67,3.93,4.2,
2/21/2008,,3.67,3.93,4.19,
2/22/2008,,3.7,3.94,4.21,
2/25/2008,,3.65,3.92,4.19,
2/26/2008,,3.65,3.92,4.19,
2/27/2008,,3.65,3.93,4.18,
2/28/2008,,3.63,3.91,4.18,
2/29/2008,,3.64,3.91,4.17,
3/3/2008,,3.65,3.9,4.17,
3/4/2008,,3.63,3.91,4.16,
3/5/2008,,3.66,3.93,4.19,
3/6/2008,,3.66,3.93,4.16,
3/7/2008,,3.67,3.94,4.17,
3/10/2008,,3.65,3.94,4.17,
3/11/2008,,3.65,3.94,4.17,
3/12/2008,,3.65,3.94,4.17,
3/13/2008,,3.65,3.93,4.16,
3/14/2008,,3.65,3.93,4.17,
3/17/2008,,3.65,3.93,4.16,
3/18/2008,,3.65,3.93,4.16,
3/19/2008,,3.65,3.94,4.16,
3/20/2008,,3.65,3.93,4.16,
3/21/2008,,3.66,3.92,4.16,
3/24/2008,,3.66,3.92,4.15,
3/25/2008,,3.66,3.9,4.15,
3/26/2008,,3.64,3.89,4.14,
3/27/2008,,3.63,3.88,4.12,
3/28/2008,,3.61,3.83,4.09,
3/31/2008,,3.64,3.86,4.12,
4/1/2008,,3.62,3.9,4.13,
4/2/2008,,3.6,3.88,4.09,
4/3/2008,,3.61,3.84,4.08,
4/9/2008,,3.61,3.79,4.08,
4/10/2008,,3.61,3.79,4.08,
4/11/2008,,3.6,3.78,4.08,
4/14/2008,,3.59,3.78,4.08,
4/15/2008,,3.59,3.78,4.07,
4/16/2008,,3.59,3.79,4.08,
4/17/2008,,3.6,3.78,4.06,
4/18/2008,,3.6,3.77,4.07,
4/21/2008,,3.61,3.77,4.06,
4/22/2008,,3.61,3.76,4.06,
4/23/2008,,3.6,3.75,4.05,
4/24/2008,,3.61,3.76,4.07,
4/25/2008,,3.62,3.76,4.07,
4/28/2008,,3.6,3.76,4.08,
4/29/2008,,3.59,3.76,4.07,
4/30/2008,,3.61,3.76,4.09,
5/5/2008,,3.62,3.8,4.09,
5/6/2008,,3.62,3.8,4.09,
5/7/2008,,3.63,3.82,4.09,
5/8/2008,,3.62,3.81,4.11,
5/9/2008,,3.63,3.82,4.11,
5/12/2008,,3.63,3.82,4.12,
5/13/2008,,3.64,3.84,4.14,
5/14/2008,,3.62,3.83,4.12,
5/15/2008,,3.63,3.83,4.14,
5/16/2008,,3.64,3.84,4.15,
5/19/2008,,3.65,3.86,4.16,
5/20/2008,,3.65,3.86,4.16,
5/21/2008,,3.64,3.85,4.14,
5/22/2008,,3.65,3.87,4.17,
5/23/2008,,3.65,3.87,4.17,
5/26/2008,,3.64,3.86,4.16,
5/27/2008,,3.66,3.87,4.16,
5/28/2008,,3.66,3.87,4.17,
5/29/2008,,3.67,3.88,4.18,
5/30/2008,,3.67,3.87,4.18,
6/2/2008,,3.67,3.89,4.2,
6/3/2008,,3.66,3.89,4.2,
6/4/2008,,3.66,3.88,4.2,
6/5/2008,,3.66,3.88,4.2,
6/6/2008,,3.66,3.87,4.2,
6/10/2008,,3.67,3.89,4.21,
6/11/2008,,3.72,3.96,4.27,
6/12/2008,,3.71,3.95,4.26,
6/13/2008,,3.72,4.02,4.32,
6/16/2008,,3.71,3.96,4.29,
6/17/2008,,3.71,4,4.34,
6/18/2008,,3.72,3.97,4.3,
6/19/2008,,3.72,3.98,4.29,
6/20/2008,,3.74,4.02,4.38,
6/23/2008,,3.74,4.02,4.42,
6/24/2008,,3.75,4.04,4.41,
6/25/2008,,3.74,4.04,4.41,
6/26/2008,,3.74,4.05,4.43,
6/27/2008,,3.78,4.06,4.54,
6/30/2008,,3.77,4.09,4.52,
7/1/2008,,3.84,4.2,4.57,
7/2/2008,,3.85,4.23,4.57,
7/3/2008,,3.86,4.25,4.57,
7/4/2008,,3.89,4.27,4.57,
7/7/2008,,3.85,4.25,4.58,
7/8/2008,,3.83,4.23,4.59,
7/9/2008,,3.86,4.22,4.61,
7/10/2008,,3.85,4.19,4.55,
7/11/2008,,3.84,4.18,4.55,
7/14/2008,,3.82,4.2,4.55,
7/15/2008,,3.8,4.2,4.55,
7/16/2008,,3.81,4.19,4.53,
7/17/2008,,3.83,4.2,4.53,
7/18/2008,,3.81,4.21,4.53,
7/21/2008,,3.83,4.21,4.54,
7/22/2008,,3.83,4.2,4.52,
7/23/2008,,3.84,4.2,4.5,
7/24/2008,,3.82,4.2,4.53,
7/25/2008,,3.87,4.2,4.49,
7/28/2008,,3.82,4.2,4.51,
7/29/2008,,3.83,4.2,4.49,
7/30/2008,,3.82,4.19,4.5,
7/31/2008,,3.82,4.2,4.53,
8/1/2008,,3.83,4.21,4.48,
8/4/2008,,3.82,4.17,4.49,
8/5/2008,,3.82,4.19,4.49,
8/6/2008,,3.83,4.21,4.48,
8/7/2008,,3.83,4.21,4.49,
8/8/2008,,3.83,4.23,4.54,
8/11/2008,,3.84,4.23,4.55,
8/12/2008,,3.84,4.24,4.53,
8/13/2008,,3.84,4.22,4.52,
8/14/2008,,3.84,4.23,4.51,
8/15/2008,,3.82,4.21,4.49,
8/18/2008,,3.82,4.19,4.48,
8/19/2008,,3.8,4.15,4.47,
8/20/2008,,3.79,4.13,4.46,
8/21/2008,,3.78,4.11,4.44,
8/22/2008,,3.79,4.13,4.44,
8/25/2008,,3.78,4.09,4.44,
8/26/2008,,3.77,4.07,4.44,
8/27/2008,,3.71,4.02,4.36,
8/28/2008,,3.72,4.04,4.37,
8/29/2008,,3.71,4.05,4.36,
9/1/2008,,3.66,4.02,4.22,
9/2/2008,,3.63,4.01,4.16,
9/3/2008,,3.63,3.97,4.14,
9/4/2008,,3.63,3.97,4.15,
9/5/2008,,3.65,3.97,4.18,
9/8/2008,,3.65,3.98,4.18,
9/9/2008,,3.63,3.97,4.16,
9/10/2008,,3.61,3.95,4.12,
9/11/2008,,3.61,3.91,4.12,
9/12/2008,,3.57,3.82,4.05,
9/16/2008,,3.39,3.63,3.85,
9/17/2008,,3.38,3.64,3.85,
9/19/2008,,3.31,3.55,3.78,
9/22/2008,,3.36,3.59,3.8,
9/23/2008,,3.35,3.59,3.81,
9/24/2008,,3.35,3.58,3.81,
9/25/2008,,3.35,3.61,3.81,
9/26/2008,,3.35,3.58,3.8,
10/6/2008,,3.36,3.57,3.78,
10/7/2008,,3.36,3.54,3.7,
10/8/2008,,3.33,3.46,3.65,
10/9/2008,,3.01,3.14,3.3,
10/10/2008,,2.93,3.1,3.29,
10/13/2008,,2.9,3.06,3.25,
10/14/2008,,2.9,3.06,3.3,
10/15/2008,,2.9,3.06,3.26,
10/16/2008,,2.94,3.1,3.29,
10/17/2008,,2.86,3.04,3.21,
10/20/2008,,2.92,3.12,3.31,
10/21/2008,,2.93,3.13,3.32,
10/22/2008,,2.83,3.05,3.3,
10/23/2008,,2.8,3.04,3.25,
10/24/2008,,2.79,3.04,3.23,
10/27/2008,,2.79,3.02,3.24,
10/28/2008,,2.78,3.01,3.24,
10/29/2008,,2.71,2.94,3.18,
10/30/2008,,2.64,2.88,3.11,
10/31/2008,,2.62,2.85,3.11,
11/3/2008,,2.65,2.86,3.13,
11/4/2008,,2.66,2.87,3.12,
11/5/2008,,2.63,2.84,3.09,
11/6/2008,,2.68,2.79,3.08,
11/7/2008,,2.51,2.78,3.06,
11/10/2008,,2.48,2.71,3.03,
11/11/2008,,2.44,2.66,3,
11/12/2008,,2.4,2.62,2.96,
11/13/2008,,2.34,2.55,2.9,
11/14/2008,,2.3,2.54,2.92,
11/17/2008,,2.34,2.59,3,
11/18/2008,,2.36,2.59,3,
11/19/2008,,2.31,2.58,3.02,
11/20/2008,,2.35,2.66,3.07,
11/21/2008,,2.35,2.63,3.07,
11/24/2008,,2.36,2.65,3.06,
11/25/2008,,2.36,2.65,3.12,
11/26/2008,,2.4,2.7,3.18,
11/27/2008,,2.1,2.46,3,
11/28/2008,,2.04,2.48,3.02,
12/1/2008,,2.06,2.47,3.04,
12/2/2008,,2.02,2.46,3.06,
12/3/2008,,2.02,2.41,3.03,
12/4/2008,,1.96,2.35,2.99,
12/5/2008,,1.73,2.18,2.92,
12/8/2008,,1.61,2.13,2.94,
12/9/2008,,1.65,2.12,2.99,
12/10/2008,,1.57,2.11,2.98,
12/11/2008,,1.6,2.1,3,
12/12/2008,,1.6,2.1,3,
12/15/2008,,1.55,2.01,2.93,
12/16/2008,,1.52,1.99,2.93,
12/17/2008,,1.45,1.88,2.84,
12/18/2008,,1.36,1.8,2.79,
12/19/2008,,1.3,1.79,2.76,
12/22/2008,,1.29,1.78,2.74,
12/23/2008,,1.28,1.78,2.75,
12/24/2008,,1.25,1.8,2.78,
12/25/2008,,1.26,1.8,2.76,
12/26/2008,,1.25,1.81,2.76,
12/29/2008,,1.27,1.81,2.76,
12/30/2008,,1.27,1.8,2.76,
12/31/2008,,1.27,1.79,2.76,
1/5/2009,,1.27,1.81,2.75,
1/6/2009,,1.24,1.81,2.74,
1/7/2009,,1.23,1.8,2.71,
1/8/2009,,1.22,1.82,2.74,
1/9/2009,,1.21,1.78,2.7,
1/12/2009,,1.19,1.81,2.72,
1/13/2009,,1.17,1.81,2.78,
1/14/2009,,1.17,1.83,2.84,
1/15/2009,,1.2,1.93,2.9,
1/16/2009,,1.26,1.98,2.93,
1/19/2009,,1.26,1.94,2.9,
1/20/2009,,1.26,2,2.92,
1/21/2009,,1.35,2.13,3.05,
1/22/2009,,1.35,2.2,3.05,
1/23/2009,,1.36,2.2,3.02,
2/2/2009,,1.41,2.29,3.08,
2/3/2009,,1.41,2.38,3.13,
2/4/2009,,1.39,2.38,3.13,
2/5/2009,,1.55,2.65,3.29,
2/6/2009,,1.57,2.55,3.19,
2/9/2009,,1.58,2.56,3.2,
2/10/2009,,1.6,2.55,3.25,
2/11/2009,,1.61,2.54,3.25,
2/12/2009,,1.59,2.43,3.15,
2/13/2009,,1.58,2.42,3.14,
2/16/2009,,1.57,2.45,3.17,
2/17/2009,,1.53,2.48,3.22,
2/18/2009,,1.55,2.48,3.23,
2/19/2009,,1.54,2.45,3.19,
2/20/2009,,1.5,2.39,3.15,
2/23/2009,,1.46,2.41,3.14,
2/24/2009,,1.44,2.36,3.13,
2/25/2009,,1.43,2.34,3.13,
2/26/2009,,1.42,2.33,3.12,
2/27/2009,,1.41,2.34,3.1,
3/2/2009,,1.4,2.34,3.12,
3/3/2009,,1.43,2.38,3.13,
3/4/2009,,1.4,2.36,3.13,
3/5/2009,,1.41,2.43,3.21,
3/6/2009,,1.43,2.44,3.24,
3/9/2009,,1.42,2.42,3.19,
3/10/2009,,1.43,2.45,3.18,
3/11/2009,,1.41,2.41,3.15,
3/12/2009,,1.4,2.42,3.13,
3/13/2009,,1.41,2.4,3.12,
3/16/2009,,1.4,2.41,3.12,
3/17/2009,,1.38,2.39,3.12,
3/18/2009,,1.37,2.37,3.11,
3/19/2009,,1.37,2.39,3.12,
3/20/2009,,1.4,2.4,3.13,
3/23/2009,,1.37,2.39,3.12,
3/24/2009,,1.36,2.4,3.13,
3/25/2009,,1.38,2.39,3.12,
3/26/2009,,1.4,2.39,3.13,
3/27/2009,,1.39,2.39,3.14,
3/30/2009,,1.36,2.41,3.15,
3/31/2009,,1.35,2.38,3.16,
4/1/2009,,1.35,2.4,3.19,
4/2/2009,,1.37,2.39,3.18,
4/3/2009,,1.34,2.38,3.19,
4/7/2009,,1.4,2.38,3.2,
4/8/2009,,1.45,2.42,3.2,
4/9/2009,,1.44,2.44,3.2,
4/10/2009,,1.44,2.42,3.2,
4/13/2009,,1.42,2.46,3.2,
4/14/2009,,1.42,2.47,3.2,
4/15/2009,,1.39,2.43,3.19,
4/16/2009,,1.42,2.46,3.18,
4/17/2009,,1.41,2.47,3.18,
4/20/2009,,1.4,2.43,3.18,
4/21/2009,,1.43,2.45,3.17,
4/22/2009,,1.43,2.46,3.18,
4/23/2009,,1.44,2.46,3.18,
4/24/2009,,1.41,2.46,3.18,
4/27/2009,,1.42,2.45,3.17,
4/28/2009,,1.47,2.46,3.17,
4/29/2009,,1.42,2.45,3.16,
4/30/2009,,1.42,2.44,3.16,
5/4/2009,,1.38,2.42,3.14,
5/5/2009,,1.4,2.43,3.12,
5/6/2009,,1.4,2.43,3.09,
5/7/2009,,1.41,2.43,3.09,
5/8/2009,,1.39,2.41,3.08,
5/11/2009,,1.38,2.42,3.08,
5/12/2009,,1.37,2.41,3.07,
5/13/2009,,1.33,2.4,3.08,
5/14/2009,,1.32,2.4,3.08,
5/15/2009,,1.34,2.39,3.06,
5/18/2009,,1.31,2.38,3.06,
5/19/2009,,1.29,2.37,3.06,
5/20/2009,,1.29,2.36,3.06,
5/21/2009,,1.27,2.36,3.06,
5/22/2009,,1.24,2.37,3.07,
5/25/2009,,1.27,2.36,3.06,
5/26/2009,,1.28,2.36,3.06,
5/27/2009,,1.25,2.36,3.07,
6/1/2009,,1.24,2.36,3.09,
6/2/2009,,1.24,2.35,3.09,
6/3/2009,,1.24,2.36,3.08,
6/4/2009,,1.24,2.38,3.08,
6/5/2009,,1.24,2.38,3.09,
6/8/2009,,1.27,2.36,3.1,
6/9/2009,,1.26,2.35,3.1,
6/10/2009,,1.27,2.37,3.09,
6/11/2009,,1.25,2.36,3.15,
6/12/2009,,1.25,2.38,3.13,
6/15/2009,,1.27,2.37,3.14,
6/16/2009,,1.25,2.35,3.14,
6/17/2009,,1.28,2.38,3.14,
6/18/2009,,1.28,2.38,3.14,
6/19/2009,,1.28,2.39,3.14,
6/22/2009,,1.27,2.39,3.15,
6/23/2009,,1.26,2.42,3.17,
6/24/2009,,1.25,2.42,3.19,
6/25/2009,,1.28,2.4,3.17,
6/26/2009,,1.26,2.4,3.18,
6/29/2009,,1.28,2.4,3.18,
6/30/2009,,1.25,2.42,3.21,
7/1/2009,,1.18,2.5,3.26,
7/2/2009,,1.2,2.49,3.25,
7/3/2009,,1.21,2.49,3.25,
7/6/2009,,1.21,2.53,3.26,
7/7/2009,,1.19,2.52,3.26,
7/8/2009,,1.19,2.54,3.26,
7/9/2009,,1.31,2.56,3.29,
7/10/2009,,1.36,2.62,3.3,
7/13/2009,,1.4,2.65,3.31,
7/14/2009,,1.47,2.65,3.32,
7/15/2009,,1.46,2.75,3.37,
7/16/2009,,1.57,2.8,3.39,
7/17/2009,,1.72,2.96,3.43,
7/20/2009,,1.72,3.01,3.47,
7/21/2009,,1.69,2.95,3.45,
7/22/2009,,1.72,2.91,3.43,
7/23/2009,,1.76,2.96,3.46,
7/24/2009,,1.69,2.88,3.43,
7/27/2009,,1.76,2.95,3.47,
7/28/2009,,1.78,2.92,3.48,
7/29/2009,,1.81,2.93,3.49,
7/30/2009,,1.77,2.95,3.46,
7/31/2009,,1.75,2.95,3.48,
8/3/2009,,1.76,2.9,3.54,
8/4/2009,,1.76,2.93,3.54,
8/5/2009,,1.77,2.96,3.54,
8/6/2009,,1.74,2.93,3.52,
8/7/2009,,1.78,2.95,3.54,
8/10/2009,,1.77,2.95,3.53,
8/11/2009,,1.72,2.94,3.53,
8/12/2009,,1.7,2.92,3.52,
8/13/2009,,1.71,2.94,3.53,
8/14/2009,,1.71,2.93,3.53,
8/17/2009,,1.73,2.97,3.55,
8/18/2009,,1.73,2.95,3.53,
8/19/2009,,1.69,2.96,3.51,
8/20/2009,,1.71,2.96,3.52,
8/21/2009,,1.71,2.97,3.52,
8/24/2009,,1.7,2.96,3.51,
8/25/2009,,1.68,2.95,3.51,
8/26/2009,,1.66,2.94,3.5,
8/27/2009,,1.68,2.94,3.51,
8/28/2009,,1.71,2.95,3.5,
8/31/2009,,1.68,2.94,3.51,
9/1/2009,,1.7,2.97,3.5,
9/2/2009,,1.67,2.92,3.49,
9/3/2009,,1.65,2.9,3.49,
9/4/2009,,1.68,2.91,3.48,
9/7/2009,,1.64,2.92,3.49,
9/8/2009,,1.7,2.86,3.49,
9/9/2009,,1.67,2.86,3.48,
9/10/2009,,1.67,2.87,3.47,
9/11/2009,,1.7,2.89,3.48,
9/14/2009,,1.66,2.86,3.46,
9/15/2009,,1.66,2.86,3.46,
9/16/2009,,1.67,2.89,3.47,
9/17/2009,,1.66,2.87,3.46,
9/18/2009,,1.65,2.85,3.47,
9/21/2009,,1.69,2.88,3.47,
9/22/2009,,1.66,2.88,3.47,
9/23/2009,,1.63,2.87,3.46,
9/24/2009,,1.69,2.94,3.5,
9/25/2009,,1.67,2.93,3.5,
9/28/2009,,1.64,2.92,3.5,
9/29/2009,,1.66,2.92,3.49,
9/30/2009,,1.64,2.94,3.51,
10/9/2009,,1.65,2.93,3.52,
10/12/2009,,1.66,2.98,3.58,
10/13/2009,,1.69,3.02,3.6,
10/14/2009,,1.67,3.03,3.66,
10/15/2009,,1.66,3.04,3.72,
10/16/2009,,1.77,3.07,3.76,
10/19/2009,,1.8,3.05,3.73,
10/20/2009,,1.77,3.13,3.72,
10/21/2009,,1.76,3.12,3.72,
10/22/2009,,1.78,3.05,3.71,
10/23/2009,,1.75,3.11,3.7,
10/26/2009,,1.9,3.11,3.7,
10/27/2009,,1.86,3.11,3.71,
10/28/2009,,1.86,3.13,3.73,
10/29/2009,,1.79,3.1,3.7,
10/30/2009,,1.86,3.16,3.71,
11/2/2009,,1.78,3.12,3.73,
11/4/2009,,1.79,3.12,3.73,
11/5/2009,,1.71,3.09,3.73,
11/6/2009,,1.77,3.13,3.74,
11/9/2009,,1.7,3.12,3.73,
11/10/2009,,1.76,3.17,3.75,
11/11/2009,,1.75,3.13,3.74,
11/12/2009,,1.77,3.12,3.75,
11/13/2009,,1.76,3.12,3.75,
11/16/2009,,1.75,3.11,3.74,
11/17/2009,,1.77,3.16,3.74,
11/18/2009,,1.76,3.12,3.74,
11/19/2009,,1.75,3.1,3.74,
11/20/2009,,1.77,3.09,3.74,
11/23/2009,,1.72,3.08,3.72,
11/24/2009,,1.79,3.1,3.73,
11/25/2009,,1.77,3.08,3.72,
11/26/2009,,1.78,3.05,3.72,
11/27/2009,,1.7,3.09,3.71,
11/30/2009,,1.67,3.05,3.66,
12/1/2009,,1.66,3.01,3.66,
12/2/2009,,1.66,2.98,3.66,
12/3/2009,,1.66,2.99,3.61,
12/4/2009,,1.67,3.02,3.6,
12/7/2009,,1.66,2.98,3.63,
12/8/2009,,1.65,2.98,3.63,
12/9/2009,,1.65,2.98,3.62,
12/10/2009,,1.65,2.97,3.63,
12/11/2009,,1.64,2.97,3.63,
12/14/2009,,1.65,2.97,3.63,
12/15/2009,,1.65,2.97,3.63,
12/16/2009,,1.65,2.97,3.63,
12/17/2009,,1.65,2.97,3.63,
12/18/2009,,1.66,2.97,3.64,
12/21/2009,,1.66,2.96,3.62,
12/22/2009,,1.66,2.97,3.64,
12/23/2009,,1.66,2.96,3.63,
12/24/2009,,1.66,2.97,3.64,
12/25/2009,,1.65,2.97,3.64,
12/28/2009,,1.66,2.99,3.63,
12/29/2009,,1.65,3,3.64,
12/30/2009,,1.65,3,3.63,
12/31/2009,,1.65,2.99,3.64,
1/4/2010,,2.2,2.99,3.66,
1/5/2010,,2.13,2.98,3.66,
1/6/2010,,2.23,2.99,3.65,
1/7/2010,,2.19,2.99,3.66,
1/8/2010,,2.26,3.01,3.66,
1/11/2010,,2.23,3,3.66,
1/12/2010,,2.28,2.99,3.66,
1/13/2010,,2.36,3.03,3.7,
1/14/2010,,2.31,3.01,3.69,
1/15/2010,,2.28,3.01,3.68,
1/18/2010,,2.28,3.02,3.69,
1/19/2010,,2.3,3.02,3.69,
1/20/2010,,2.3,3.01,3.67,
1/21/2010,,2.17,3.01,3.65,
1/22/2010,,2.34,3.01,3.66,
1/25/2010,,2.24,3.01,3.62,
1/26/2010,,2.27,3.01,3.6,
1/27/2010,,2.26,3,3.59,
1/28/2010,,2.23,3,3.59,
1/29/2010,,2.17,3.01,3.57,
2/1/2010,,2.27,3,3.55,
2/2/2010,,2.3,2.98,3.54,
2/3/2010,,2.31,2.97,3.52,
2/4/2010,,2.27,2.95,3.5,
2/5/2010,,2.21,2.95,3.53,
2/8/2010,,2.21,2.96,3.51,
2/9/2010,,2.29,2.96,3.51,
2/10/2010,,2.24,2.96,3.5,
2/11/2010,,2.27,2.97,3.51,
2/12/2010,,2.28,2.94,3.49,
2/22/2010,,2.31,2.96,3.51,
2/23/2010,,2.24,2.96,3.51,
2/24/2010,,2.24,2.96,3.5,
2/25/2010,,2.28,2.93,3.47,
2/26/2010,,2.23,2.95,3.5,
3/1/2010,,2.04,2.92,3.43,
3/2/2010,,2.07,2.84,3.38,
3/3/2010,,2.04,2.83,3.37,
3/4/2010,,2.04,2.83,3.38,
3/5/2010,,2.04,2.83,3.37,
3/8/2010,,2.04,2.8,3.37,
3/9/2010,,2.05,2.8,3.37,
3/10/2010,,2.04,2.76,3.4,
3/11/2010,,2.05,2.8,3.4,
3/12/2010,,2.02,2.77,3.46,
3/15/2010,,2.01,2.79,3.46,
3/16/2010,,1.98,2.74,3.46,
3/17/2010,,1.99,2.74,3.44,
3/18/2010,,1.96,2.73,3.42,
3/19/2010,,1.96,2.73,3.39,
3/22/2010,,1.96,2.73,3.4,
3/23/2010,,1.95,2.73,3.42,
3/24/2010,,1.96,2.74,3.42,
3/25/2010,,1.96,2.75,3.42,
3/26/2010,,1.95,2.8,3.44,
3/29/2010,,1.98,2.82,3.45,
3/30/2010,,1.96,2.8,3.47,
3/31/2010,,1.96,2.85,3.47,
4/1/2010,,1.95,2.76,3.5,
4/2/2010,,1.95,2.75,3.5,
4/6/2010,,1.94,2.74,3.5,
4/7/2010,,1.95,2.76,3.5,
4/8/2010,,1.97,2.78,3.52,
4/9/2010,,1.97,2.78,3.54,
4/12/2010,,1.98,2.73,3.53,
4/13/2010,,1.98,2.8,3.54,
4/14/2010,,1.96,2.76,3.53,
4/15/2010,,1.97,2.78,3.52,
4/16/2010,,1.95,2.74,3.51,
4/19/2010,,1.98,2.79,3.52,
4/20/2010,,1.96,2.75,3.48,
4/21/2010,,1.97,2.78,3.46,
4/22/2010,,1.95,2.74,3.46,
4/23/2010,,1.97,2.78,3.46,
4/26/2010,,1.93,2.71,3.45,
4/27/2010,,1.92,2.71,3.43,
4/28/2010,,1.93,2.74,3.41,
4/29/2010,,1.91,2.66,3.43,
4/30/2010,,1.92,2.67,3.41,
5/4/2010,,1.87,2.68,3.37,
5/5/2010,,1.9,2.66,3.36,
5/6/2010,,1.9,2.66,3.36,
5/7/2010,,1.94,2.66,3.35,
5/10/2010,,1.92,2.66,3.36,
5/11/2010,,1.94,2.66,3.31,
5/12/2010,,1.94,2.65,3.33,
5/13/2010,,1.93,2.64,3.32,
5/14/2010,,1.92,2.63,3.3,
5/17/2010,,1.91,2.63,3.3,
5/18/2010,,1.92,2.59,3.27,
5/19/2010,,1.95,2.51,3.25,
5/20/2010,,1.96,2.46,3.23,
5/21/2010,,1.95,2.52,3.25,
5/24/2010,,1.89,2.47,3.23,
5/25/2010,,1.96,2.53,3.26,
5/26/2010,,2,2.54,3.26,
5/27/2010,,1.98,2.53,3.26,
5/28/2010,,2,2.53,3.26,
5/31/2010,,1.97,2.5,3.23,
6/1/2010,,2.15,2.6,3.28,
6/2/2010,,2.17,2.62,3.3,
6/3/2010,,2.16,2.61,3.28,
6/4/2010,,2.13,2.59,3.27,
6/7/2010,,2.14,2.6,3.27,
6/8/2010,,2.15,2.59,3.26,
6/9/2010,,2.18,2.62,3.28,
6/10/2010,,2.16,2.58,3.27,
6/11/2010,,2.16,2.65,3.3,
6/17/2010,,2.2,2.64,3.31,
6/18/2010,,2.23,2.72,3.39,
6/21/2010,,2.24,2.72,3.4,
6/22/2010,,2.27,2.76,3.42,
6/23/2010,,2.27,2.74,3.4,
6/24/2010,,2.27,2.75,3.41,
6/25/2010,,2.25,2.73,3.4,
6/28/2010,,2.27,2.71,3.37,
6/29/2010,,2.28,2.68,3.34,
6/30/2010,,2.27,2.67,3.31,
7/1/2010,,2.29,2.64,3.3,
7/2/2010,,2.29,2.63,3.28,
7/5/2010,,2.29,2.64,3.3,
7/6/2010,,2.29,2.62,3.27,
7/7/2010,,2.29,2.62,3.27,
7/8/2010,,2.28,2.62,3.29,
7/9/2010,,2.27,2.61,3.27,
7/12/2010,,2.27,2.58,3.24,
7/13/2010,,2.26,2.58,3.24,
7/14/2010,,2.26,2.56,3.21,
7/15/2010,,2.24,2.57,3.25,
7/16/2010,,2.24,2.57,3.23,
7/19/2010,,2.24,2.56,3.22,
7/20/2010,,2.22,2.57,3.21,
7/21/2010,,2.23,2.57,3.23,
7/22/2010,,2.22,2.57,3.23,
7/23/2010,,2.22,2.58,3.24,
7/26/2010,,2.24,2.61,3.26,
7/27/2010,,2.25,2.61,3.28,
7/28/2010,,2.24,2.65,3.29,
7/29/2010,,2.24,2.64,3.29,
7/30/2010,,2.25,2.65,3.29,
8/2/2010,,2.2,2.67,3.31,
8/3/2010,,2.21,2.66,3.32,
8/4/2010,,2.2,2.69,3.33,
8/5/2010,,2.19,2.67,3.31,
8/6/2010,,2.2,2.66,3.31,
8/9/2010,,2.19,2.65,3.31,
8/10/2010,,2.2,2.65,3.31,
8/11/2010,,2.21,2.66,3.31,
8/12/2010,,2.21,2.64,3.3,
8/13/2010,,2.19,2.65,3.29,
8/16/2010,,2.19,2.65,3.29,
8/17/2010,,2.18,2.64,3.28,
8/18/2010,,2.19,2.64,3.28,
8/19/2010,,2.19,2.64,3.28,
8/20/2010,,2.18,2.64,3.28,
8/23/2010,,2.2,2.64,3.28,
8/24/2010,,2.19,2.64,3.27,
8/25/2010,,2.17,2.64,3.26,
8/26/2010,,2.18,2.64,3.25,
8/27/2010,,2.19,2.64,3.27,
8/30/2010,,2.18,2.64,3.27,
8/31/2010,,2.18,2.64,3.27,
9/1/2010,,2.15,2.62,3.24,
9/2/2010,,2.17,2.62,3.24,
9/3/2010,,2.16,2.63,3.25,
9/6/2010,,2.17,2.62,3.25,
9/7/2010,,2.14,2.62,3.27,
9/8/2010,,2.17,2.64,3.27,
9/9/2010,,2.14,2.62,3.26,
9/10/2010,,2.16,2.65,3.28,
9/13/2010,,2.15,2.64,3.29,
9/14/2010,,2.19,2.68,3.31,
9/15/2010,,2.15,2.66,3.29,
9/16/2010,,2.17,2.67,3.33,
9/17/2010,,2.15,2.66,3.32,
9/20/2010,,2.13,2.68,3.32,
9/21/2010,,2.17,2.69,3.35,
9/27/2010,,2.16,2.68,3.32,
9/28/2010,,2.13,2.69,3.32,
9/29/2010,,2.16,2.69,3.35,
9/30/2010,,2.11,2.72,3.33,
10/8/2010,,2.22,2.74,3.34,
10/11/2010,,2.22,2.75,3.35,
10/12/2010,,2.22,2.75,3.38,
10/13/2010,,2.21,2.77,3.41,
10/14/2010,,2.21,2.77,3.42,
10/15/2010,,2.21,2.77,3.42,
10/18/2010,,2.21,2.76,3.41,
10/19/2010,,2.21,2.78,3.42,
10/20/2010,,2.35,2.91,3.56,
10/21/2010,,2.37,3.03,3.66,
10/22/2010,,2.38,3.07,3.66,
10/25/2010,,2.37,3.09,3.66,
10/26/2010,,2.39,3.1,3.68,
10/27/2010,,2.39,3.12,3.7,
10/28/2010,,2.41,3.13,3.7,
10/29/2010,,2.42,3.14,3.7,
11/1/2010,,2.41,3.17,3.7,
11/2/2010,,2.41,3.19,3.71,
11/3/2010,,2.47,3.24,3.74,
11/4/2010,,2.48,3.29,3.79,
11/5/2010,,2.44,3.39,3.82,
11/8/2010,,2.45,3.41,3.82,
11/9/2010,,2.43,3.45,3.85,
11/10/2010,,2.48,3.39,3.81,
11/11/2010,,2.57,3.66,3.97,
11/12/2010,,2.59,3.53,3.9,
11/15/2010,,2.54,3.56,3.92,
11/16/2010,,2.53,3.44,3.85,
11/17/2010,,2.58,3.54,3.89,
11/18/2010,,2.51,3.55,3.88,
11/19/2010,,2.6,3.41,3.81,
11/22/2010,,2.61,3.51,3.86,
11/23/2010,,2.68,3.64,3.94,
11/24/2010,,2.63,3.56,3.9,
11/25/2010,,2.7,3.7,3.99,
11/26/2010,,2.78,3.72,3.99,
11/29/2010,,2.77,3.73,4.02,
11/30/2010,,2.78,3.72,4.01,
12/1/2010,,3.12,3.69,3.98,
12/2/2010,,3.1,3.64,3.9,
12/3/2010,,3.1,3.63,3.89,
12/6/2010,,3.09,3.64,3.92,
12/7/2010,,3.09,3.63,3.91,
12/8/2010,,3.08,3.59,3.86,
12/9/2010,,3.1,3.59,3.87,
12/10/2010,,3.09,3.62,3.91,
12/13/2010,,3.07,3.62,3.89,
12/14/2010,,3.1,3.61,3.88,
12/15/2010,,3.1,3.58,3.85,
12/16/2010,,3.1,3.56,3.84,
12/17/2010,,3.1,3.6,3.86,
12/20/2010,,3.12,3.57,3.84,
12/21/2010,,3.11,3.56,3.83,
12/22/2010,,3.15,3.55,3.83,
12/23/2010,,3.17,3.54,3.83,
12/24/2010,,3.23,3.55,3.83,
12/27/2010,,3.34,3.58,3.87,
12/28/2010,,3.31,3.63,3.93,
12/29/2010,,3.41,3.62,3.93,
12/30/2010,,3.3,3.58,3.9,
12/31/2010,,3.4,3.58,3.91,
1/4/2011,,3.4,3.51,3.88,
1/5/2011,,3.37,3.46,3.86,
1/6/2011,,3.32,3.42,3.83,
1/7/2011,,3.32,3.44,3.86,
1/10/2011,,3.29,3.44,3.85,
1/11/2011,,3.27,3.42,3.86,
1/12/2011,,3.28,3.44,3.88,
1/13/2011,,3.25,3.44,3.9,
1/14/2011,,3.25,3.45,3.9,
1/17/2011,,3.24,3.47,3.95,
1/18/2011,,3.25,3.57,3.99,
1/19/2011,,3.26,3.57,3.97,
1/20/2011,,3.27,3.63,4,
1/21/2011,,3.29,3.63,4,
1/24/2011,,3.29,3.65,4.01,
1/25/2011,,3.31,3.63,4.01,
1/26/2011,,3.32,3.58,3.98,
1/27/2011,,3.32,3.62,4.02,
1/28/2011,,3.35,3.62,4.02,
1/31/2011,,3.34,3.63,4.02,
2/1/2011,,3.34,3.61,4.03,
2/9/2011,3,3.35,3.69,4.11,
2/10/2011,2.98,3.38,3.72,4.13,
2/11/2011,2.99,3.37,3.73,4.13,
2/14/2011,2.86,3.38,3.73,4.14,
2/15/2011,2.79,3.34,3.68,4.06,
2/16/2011,2.81,3.34,3.68,4.07,
2/17/2011,2.8,3.34,3.69,4.07,
2/18/2011,2.84,3.32,3.66,4.05,
2/21/2011,2.8,3.33,3.67,4.06,
2/22/2011,2.8,3.34,3.7,4.06,
2/23/2011,,3.35,3.69,4.06,
2/24/2011,2.76,3.35,3.67,4.03,
2/25/2011,2.76,3.33,3.65,3.98,
2/28/2011,,3.33,3.67,4.03,
3/1/2011,2.69,3.31,3.59,3.96,
3/2/2011,2.7,3.31,3.58,3.95,
3/3/2011,2.71,3.3,3.58,3.96,
3/4/2011,2.75,3.31,3.61,3.98,
3/7/2011,2.72,3.3,3.58,3.95,
3/8/2011,2.72,3.3,3.58,3.95,
3/9/2011,2.74,3.29,3.54,3.94,
3/10/2011,2.68,3.27,3.53,3.94,
3/11/2011,2.67,3.27,3.54,3.95,
3/14/2011,2.61,3.26,3.55,3.95,
3/15/2011,2.65,3.26,3.55,3.94,
3/16/2011,2.68,3.26,3.53,3.92,
3/17/2011,2.65,3.26,3.52,3.9,
3/18/2011,2.66,3.26,3.53,3.9,
3/21/2011,2.68,3.26,3.53,3.91,
3/22/2011,2.69,3.25,3.53,3.91,
3/23/2011,2.62,3.26,3.53,3.92,
3/24/2011,2.63,3.25,3.53,3.92,
3/25/2011,2.63,3.25,3.53,3.92,
3/28/2011,2.6,3.26,3.53,3.93,
3/29/2011,2.68,3.25,3.52,3.92,
3/30/2011,2.64,3.23,3.51,3.91,
3/31/2011,2.66,3.26,3.53,,
4/1/2011,2.63,3.22,3.52,3.92,
4/6/2011,2.66,3.23,3.53,3.94,
4/7/2011,2.66,3.22,3.52,3.93,
4/8/2011,2.65,3.22,3.52,3.92,
4/11/2011,2.65,3.22,3.53,3.93,
4/12/2011,2.66,3.2,3.52,3.91,
4/13/2011,2.69,3.21,3.53,3.91,
4/14/2011,2.64,3.18,3.47,3.89,
4/15/2011,2.63,3.16,3.47,3.89,
4/18/2011,2.61,3.17,3.48,3.9,
4/19/2011,2.63,3.15,3.47,3.9,
4/20/2011,2.63,3.15,3.48,3.9,
4/21/2011,2.61,3.13,3.46,3.91,
4/22/2011,2.63,3.16,3.48,3.9,
4/25/2011,2.67,3.16,3.46,3.91,
4/26/2011,2.65,3.17,3.47,3.9,
4/27/2011,2.65,3.16,3.46,3.9,
4/28/2011,2.65,3.17,3.48,3.9,
4/29/2011,2.65,3.18,3.48,3.89,
5/3/2011,2.63,3.15,3.44,3.88,
5/4/2011,2.63,3.14,3.43,3.88,
5/5/2011,2.62,3.14,3.43,3.88,
5/6/2011,2.63,3.14,3.43,3.87,
5/9/2011,2.62,3.14,3.42,3.85,
5/10/2011,2.63,3.14,3.42,3.85,
5/11/2011,2.61,3.14,3.42,3.85,
5/12/2011,2.62,3.14,3.42,3.85,
5/13/2011,2.61,3.14,3.42,3.85,
5/16/2011,2.64,3.17,3.44,3.85,
5/17/2011,2.68,3.18,3.44,3.86,
5/18/2011,2.66,3.17,3.44,3.85,
5/19/2011,2.69,3.17,3.43,3.85,
5/20/2011,2.64,3.17,3.43,3.85,
5/23/2011,2.67,3.17,3.43,3.85,
5/24/2011,2.76,3.2,3.42,3.86,
5/25/2011,2.76,3.2,3.42,3.86,
5/26/2011,2.82,3.2,3.42,3.86,
5/27/2011,2.78,3.2,3.4,3.85,
5/30/2011,2.82,3.2,3.4,3.85,
5/31/2011,2.82,3.19,3.39,3.84,
6/1/2011,2.82,3.2,3.4,3.84,
6/2/2011,2.74,3.19,3.41,3.84,
6/3/2011,2.86,3.19,3.41,3.84,
6/7/2011,2.94,3.19,3.41,3.84,
6/8/2011,2.85,3.19,3.44,3.85,
6/9/2011,2.87,3.2,3.46,3.87,
6/10/2011,2.8,3.2,3.47,3.87,
6/13/2011,2.85,3.2,3.49,3.89,
6/14/2011,2.96,3.25,3.51,3.9,
6/15/2011,2.85,3.28,3.57,3.96,
6/16/2011,2.98,3.34,3.61,3.99,
6/17/2011,3,3.39,3.62,3.99,
6/20/2011,3.4,3.39,3.62,3.99,
6/21/2011,3.4,3.55,3.59,3.98,
6/22/2011,3.48,3.55,3.59,3.98,
6/23/2011,3.49,3.59,3.57,3.95,
6/24/2011,3.47,3.58,3.57,3.94,
6/27/2011,3.43,3.59,3.54,3.9,
6/28/2011,3.41,3.57,3.51,3.89,
6/29/2011,3.38,3.55,3.53,3.89,
6/30/2011,3.39,3.51,3.51,3.89,
7/1/2011,3.38,3.5,3.55,3.89,
7/4/2011,3.35,3.49,3.54,3.89,
7/5/2011,3.33,3.48,3.53,3.9,
7/6/2011,3.31,3.47,3.54,3.91,
7/7/2011,3.36,3.45,3.54,3.91,
7/8/2011,3.27,3.47,3.56,3.91,
7/11/2011,3.32,3.48,3.56,3.9,
7/12/2011,3.21,3.49,3.57,3.9,
7/13/2011,3.21,3.49,3.57,3.91,
7/14/2011,3.25,3.51,3.58,3.92,
7/15/2011,3.28,3.5,3.6,3.94,
7/18/2011,3.23,3.48,3.6,3.94,
7/19/2011,3.29,3.49,3.65,3.98,
7/20/2011,3.41,3.63,3.74,4.05,
7/21/2011,3.39,3.68,3.78,4.1,
7/22/2011,3.55,3.73,3.84,4.11,
7/25/2011,3.4,3.72,3.81,4.08,
7/26/2011,3.41,3.74,3.83,4.08,
7/27/2011,3.45,3.73,3.81,4.08,
7/28/2011,3.41,3.75,3.82,4.09,
7/29/2011,3.43,3.75,3.82,4.09,
8/1/2011,3.49,3.72,3.78,4.03,
8/2/2011,3.5,3.72,3.78,4.03,
8/3/2011,3.4,3.73,3.81,4.08,
8/4/2011,3.4,3.74,3.98,4.11,
8/5/2011,3.42,3.74,3.98,4.11,
8/8/2011,3.43,3.74,3.98,4.11,
8/9/2011,3.45,3.74,3.98,4.11,
8/10/2011,3.43,3.68,3.86,3.99,
8/11/2011,3.45,3.62,3.8,3.94,
8/12/2011,3.37,3.62,3.81,3.96,
8/15/2011,3.38,3.61,3.8,3.94,
8/16/2011,3.24,3.62,3.81,3.94,
8/17/2011,3.41,3.64,3.81,3.95,
8/18/2011,3.45,3.63,3.81,3.94,
8/19/2011,3.35,3.65,3.8,3.94,
8/22/2011,3.4,3.64,3.8,3.94,
8/23/2011,3.47,3.64,3.79,3.94,
8/24/2011,3.4,3.64,3.8,3.94,
8/25/2011,3.49,3.66,3.8,3.95,
8/26/2011,3.37,3.66,3.8,3.95,
8/29/2011,3.39,3.78,3.99,4.09,
8/30/2011,3.64,3.78,3.99,4.09,
8/31/2011,3.66,3.86,4.03,4.12,
9/1/2011,3.68,3.85,3.98,4.1,
9/2/2011,3.71,3.88,3.99,4.09,
9/5/2011,3.78,3.86,3.91,4.06,
9/6/2011,3.78,3.87,3.89,4.03,
9/7/2011,3.75,3.88,3.9,4.03,
9/8/2011,3.78,3.89,3.92,4.05,
9/9/2011,3.77,3.92,3.94,4.07,
9/13/2011,3.68,3.9,3.9,4.04,
9/14/2011,3.75,3.89,3.9,4.03,
9/15/2011,3.67,3.92,3.92,4.05,
9/16/2011,3.64,3.94,3.93,4.06,
9/19/2011,3.72,3.96,3.97,4.08,
9/20/2011,3.63,3.96,3.97,4.09,
9/21/2011,3.72,3.96,3.97,4.09,
9/22/2011,3.67,3.97,3.98,4.09,
9/23/2011,3.67,3.92,3.93,4.08,
9/26/2011,3.55,3.79,3.8,3.91,
9/27/2011,3.5,3.75,3.78,3.9,
9/28/2011,3.6,3.75,3.78,3.9,
9/29/2011,3.55,3.72,3.8,3.93,
9/30/2011,3.6,3.72,3.8,3.93,
10/10/2011,3.43,3.72,3.64,,
10/11/2011,3.38,3.57,3.59,3.77,
10/12/2011,3.35,3.48,3.59,3.79,
10/13/2011,3.2,,3.59,3.79,
10/14/2011,3.17,3.51,3.62,3.78,
10/17/2011,3.07,3.47,3.63,3.79,
10/18/2011,3.05,3.47,3.61,3.79,
10/19/2011,3.05,3.47,3.59,3.75,
10/20/2011,3,3.45,3.57,3.73,
10/21/2011,3.05,,3.57,3.73,
10/24/2011,3.03,3.48,3.57,3.73,
10/25/2011,3.06,3.49,3.58,3.73,
10/26/2011,3.07,3.48,3.6,3.76,
10/27/2011,3.07,3.49,3.61,3.76,
10/28/2011,3.08,3.48,3.6,3.74,
10/31/2011,3.1,3.47,3.59,3.76,
11/1/2011,3.14,3.44,,3.75,
11/2/2011,3.1,3.4,3.54,3.74,
11/3/2011,3.03,3.41,3.53,3.73,
11/4/2011,2.98,3.35,3.5,3.71,
11/7/2011,2.94,3.34,3.49,3.71,
11/8/2011,2.93,3.33,3.47,3.71,
11/9/2011,2.69,3.21,3.42,3.67,
11/10/2011,2.78,3.13,3.37,3.61,
11/11/2011,2.5,3.14,3.37,3.61,
11/14/2011,2.69,3.03,3.32,3.58,
11/15/2011,2.67,3.02,3.28,3.57,
11/16/2011,2.48,3.03,3.33,3.62,
11/17/2011,2.48,3.05,3.37,3.62,
11/18/2011,2.49,3.1,3.41,3.65,
11/21/2011,2.56,3.1,3.41,3.65,
11/22/2011,2.65,3.1,3.41,3.65,
11/23/2011,2.56,3.12,3.43,3.65,
11/24/2011,2.66,3.11,3.41,3.63,
11/25/2011,2.6,3.11,3.38,3.63,
11/28/2011,2.54,3.09,3.36,3.63,
11/29/2011,2.41,3.05,3.35,3.64,
11/30/2011,2.61,3.07,3.4,3.65,
12/1/2011,2.59,3,,3.57,
12/2/2011,2.53,2.89,,3.49,
12/5/2011,2.52,2.87,3.02,3.46,
12/6/2011,2.51,2.87,3.02,3.46,
12/7/2011,2.51,2.87,3.02,3.46,
12/8/2011,2.51,2.85,3.02,3.49,
12/9/2011,2.53,2.85,3.05,3.49,
12/12/2011,2.51,2.85,3.05,3.49,
12/13/2011,2.55,2.85,3.06,3.5,
12/14/2011,2.49,2.86,3.09,3.5,
12/15/2011,2.57,2.85,3.08,3.5,
12/16/2011,2.33,2.88,3.09,3.5,
12/19/2011,2.58,2.86,3.1,3.48,
12/20/2011,2.58,2.86,3.08,3.47,
12/21/2011,2.62,2.84,3.08,3.47,
12/22/2011,2.49,2.86,3.08,3.47,
12/23/2011,2.6,2.89,3.1,3.49,
12/26/2011,2.39,2.89,3.1,3.49,
12/27/2011,2.6,2.88,3.1,3.48,
12/28/2011,2.65,2.88,3.1,3.48,
12/29/2011,2.6,2.88,3.08,3.47,
12/30/2011,2.65,2.86,3.08,3.44,
1/4/2012,2.38,2.86,3.04,3.44,
1/5/2012,2.75,2.86,3.04,3.44,
1/6/2012,2.76,2.86,3.04,3.44,
1/9/2012,2.26,2.86,3.02,3.41,
1/10/2012,2.7,2.86,3.01,3.4,
1/11/2012,2.74,2.86,3.01,3.4,
1/12/2012,2.74,2.86,3.02,3.42,
1/13/2012,2.67,2.86,3.03,3.42,
1/16/2012,2.73,,3.03,3.42,
1/17/2012,2.83,,3.05,3.43,
1/18/2012,2.83,,3.04,3.41,
1/19/2012,2.51,,3.04,3.4,
1/20/2012,2.88,,3.04,3.4,
1/30/2012,2.91,,3.04,3.4,
1/31/2012,2.74,,3.04,3.41,
2/1/2012,2.56,,3.05,3.42,
2/2/2012,2.75,,3.09,3.45,
2/3/2012,2.89,,3.07,3.44,
2/6/2012,2.64,,3.11,3.46,
2/7/2012,2.65,,3.12,3.49,
2/8/2012,2.65,,3.12,3.49,
2/9/2012,2.63,,3.15,3.53,
2/10/2012,2.74,,3.16,3.55,
2/13/2012,2.67,,3.14,3.5,
2/14/2012,2.68,,3.14,3.53,
2/15/2012,2.75,,3.16,3.54,
2/16/2012,2.8,,3.17,3.55,
2/17/2012,2.9,,3.19,3.55,
2/20/2012,2.78,,3.16,3.52,
2/21/2012,2.84,,3.15,3.53,
2/22/2012,2.9,,3.15,3.53,
2/23/2012,2.83,,3.16,3.54,
2/24/2012,2.88,,3.17,3.54,
2/27/2012,2.87,,3.17,3.54,
2/28/2012,2.89,,3.18,3.55,
2/29/2012,2.87,3.04,,,
3/1/2012,3.18,3.05,3.21,3.55,
3/2/2012,2.78,3.04,3.23,3.58,
3/5/2012,2.88,3.04,3.23,3.57,
3/6/2012,2.91,3.04,3.23,3.56,
3/7/2012,3.17,3.04,3.23,3.55,
3/8/2012,2.97,3,3.19,3.54,
3/9/2012,3.15,3,3.2,3.55,
3/12/2012,3.16,2.99,3.18,3.55,
3/13/2012,2.82,2.97,3.16,3.54,
3/14/2012,2.81,2.98,3.18,3.55,
3/15/2012,2.73,2.98,3.19,3.56,
3/16/2012,2.8,2.98,3.19,3.55,
3/19/2012,2.72,2.99,3.19,3.56,
3/20/2012,2.75,2.98,3.19,3.57,
3/21/2012,2.8,2.99,3.21,3.57,
3/22/2012,2.68,2.99,3.22,3.57,
3/23/2012,2.8,2.99,3.2,3.57,
3/26/2012,2.7,2.97,3.17,3.53,
3/27/2012,2.71,2.97,3.17,3.55,
3/28/2012,2.79,2.97,3.18,3.55,
3/29/2012,2.78,2.91,3.15,3.53,
3/30/2012,2.69,2.88,3.14,3.52,
4/5/2012,2.79,2.88,3.14,3.53,
4/6/2012,2.79,2.9,3.16,3.55,
4/9/2012,3.06,2.89,3.14,3.52,
4/10/2012,2.69,2.9,3.15,3.54,
4/11/2012,3.13,2.9,3.14,3.54,
4/12/2012,2.76,2.9,3.14,3.54,
4/13/2012,2.79,2.91,3.15,3.55,
4/16/2012,2.79,2.91,3.15,3.55,
4/17/2012,2.76,2.9,3.15,3.55,
4/18/2012,2.79,2.9,3.15,3.55,
4/19/2012,2.73,2.9,3.16,3.55,
4/20/2012,2.67,2.89,3.16,3.56,
4/23/2012,2.7,2.88,3.16,3.55,
4/24/2012,2.76,2.89,3.15,3.55,
4/25/2012,3.04,2.9,3.15,3.55,
4/26/2012,2.71,2.91,3.15,3.55,
4/27/2012,2.71,2.9,3.15,3.55,
5/2/2012,2.98,2.92,3.15,3.56,
5/3/2012,2.77,2.93,3.16,3.56,
5/4/2012,2.64,2.93,3.15,3.55,
5/7/2012,2.77,2.93,3.16,3.56,
5/8/2012,2.98,2.93,3.16,3.56,
5/9/2012,2.72,2.91,3.15,3.55,
5/10/2012,2.77,2.92,3.15,3.56,
5/11/2012,2.76,2.87,3.11,3.54,
5/14/2012,2.55,2.77,3.04,3.48,
5/15/2012,2.91,2.64,2.83,3.45,
5/16/2012,2.78,2.55,2.8,3.39,
5/17/2012,2.45,2.54,2.8,3.39,
5/18/2012,2.25,2.54,2.8,3.39,
5/21/2012,2.44,2.56,2.79,3.4,
5/22/2012,2.42,2.57,2.8,3.4,
5/23/2012,2.49,2.58,2.8,3.4,
5/24/2012,2.42,2.55,2.78,3.39,
5/25/2012,2.23,2.5,2.73,3.37,
5/28/2012,2.47,2.47,2.69,3.37,
5/29/2012,2.58,2.43,2.67,3.37,
5/30/2012,2.18,2.52,2.77,3.39,
5/31/2012,2.35,2.44,2.79,3.38,
6/1/2012,2.55,2.44,2.79,3.38,
6/4/2012,2.48,2.38,2.77,3.35,
6/5/2012,2.78,,,,
6/6/2012,2.34,2.4,2.8,3.37,
6/7/2012,2.49,2.41,2.82,3.38,
6/8/2012,2.52,2.35,2.78,3.32,
6/11/2012,2.58,2.35,2.79,3.34,
6/12/2012,2.3,2.36,2.82,3.36,
6/13/2012,2.37,2.36,2.84,3.37,
6/14/2012,2.55,2.4,2.89,3.4,
6/15/2012,2.43,2.39,2.89,3.4,
6/18/2012,2.36,2.4,2.91,3.41,
6/19/2012,2.43,2.43,2.97,3.43,
6/20/2012,2.55,2.46,2.97,3.42,
6/21/2012,2.32,2.44,2.95,3.41,
6/25/2012,2.07,2.43,2.94,3.38,
6/26/2012,2.3,2.42,2.92,3.39,
6/27/2012,2.06,2.42,2.9,3.38,
6/28/2012,2.1,2.37,2.84,3.34,
6/29/2012,2.05,2.37,2.83,3.34,
7/2/2012,2.07,2.35,2.84,3.34,
7/3/2012,2.07,2.36,2.85,3.34,
7/4/2012,,2.35,2.83,3.33,
7/5/2012,2.08,2.35,2.83,3.33,
7/6/2012,2.06,2.28,2.76,3.3,
7/9/2012,2.13,2.27,2.76,3.29,
7/10/2012,2.31,2.26,2.73,3.26,
7/11/2012,2.05,2.26,2.74,3.26,
7/12/2012,2.44,2.25,2.71,3.24,
7/13/2012,2.53,2.24,2.71,3.28,
7/16/2012,2.34,2.25,2.72,3.27,
7/17/2012,2.05,2.25,2.73,3.28,
7/18/2012,2.57,2.26,2.73,3.29,
7/19/2012,2.03,2.27,2.75,3.3,
7/20/2012,2.06,2.27,2.74,3.29,
7/23/2012,2.04,2.32,2.74,3.29,
7/24/2012,2.45,2.3,2.74,3.29,
7/25/2012,2.57,2.31,2.74,3.29,
7/26/2012,2.07,2.34,2.75,3.29,
7/27/2012,2.35,2.33,2.74,3.28,
7/30/2012,2.09,2.34,2.75,3.29,
7/31/2012,2.57,2.36,2.76,3.29,
8/1/2012,2.58,2.36,2.78,3.3,
8/2/2012,2.49,2.35,2.77,3.3,
8/3/2012,2.19,2.35,2.77,3.29,
8/6/2012,2.6,2.38,2.79,3.31,
8/7/2012,2.62,2.45,2.83,3.33,
8/8/2012,2.53,2.48,2.84,3.34,
8/9/2012,2.62,2.58,2.85,3.34,
8/10/2012,2.34,2.53,2.84,3.31,
8/13/2012,2.03,2.53,2.84,3.31,
8/14/2012,2.09,2.57,2.85,3.31,
8/15/2012,2.24,2.57,2.89,3.33,
8/16/2012,2.51,2.65,2.95,3.34,
8/17/2012,2.58,2.66,2.95,3.34,
8/20/2012,2.61,2.71,2.97,3.35,
8/21/2012,2.66,2.76,3.01,3.35,
8/22/2012,2.72,2.79,3.05,3.38,
8/23/2012,2.73,2.8,3.08,3.4,
8/24/2012,2.74,2.8,3.08,3.38,
8/27/2012,2.69,2.77,3.06,3.35,
8/28/2012,2.67,2.79,3.06,3.37,
8/29/2012,2.63,2.78,3.05,3.36,
8/30/2012,2.68,2.81,3.07,3.39,
8/31/2012,2.66,2.82,3.08,3.39,
9/3/2012,2.53,2.82,,,
9/4/2012,2.63,2.82,3.09,3.4,
9/5/2012,2.19,2.8,3.08,3.4,
9/6/2012,2.95,2.79,3.09,3.4,
9/7/2012,2.53,2.81,3.12,3.42,
9/10/2012,2.6,2.81,3.16,3.46,
9/11/2012,2.52,2.84,3.2,3.48,
9/12/2012,2.65,2.94,3.2,3.48,
9/13/2012,2.7,2.99,3.29,3.51,
9/14/2012,2.69,3.07,3.32,3.56,
9/17/2012,2.69,3.08,3.32,3.56,
9/18/2012,2.69,3.06,3.31,3.55,
9/19/2012,2.66,3.01,3.31,3.55,
9/20/2012,2.72,3.02,3.31,3.53,
9/21/2012,2.71,3,3.29,3.52,
9/24/2012,2.75,3,3.32,3.52,
9/25/2012,2.73,2.97,3.28,3.51,
9/26/2012,2.71,2.94,3.21,3.48,
9/27/2012,2.72,2.92,3.21,3.47,
9/28/2012,2.65,2.9,3.18,3.45,
10/8/2012,2.72,2.89,3.2,3.5,
10/9/2012,2.75,2.89,3.21,3.5,
10/10/2012,2.65,2.89,3.2,3.49,
10/11/2012,2.71,2.89,3.22,3.51,
10/12/2012,2.66,2.89,3.21,3.49,
10/15/2012,2.66,2.88,3.18,3.48,
10/16/2012,2.73,2.88,3.17,3.49,
10/17/2012,2.69,2.89,3.21,3.51,
10/18/2012,2.71,2.94,3.21,3.53,
10/19/2012,2.69,2.94,3.21,3.53,
10/22/2012,2.84,2.96,3.21,3.54,
10/23/2012,2.71,2.95,3.21,3.54,
10/24/2012,2.95,2.96,3.23,3.55,
10/25/2012,2.77,2.96,3.23,3.55,
10/26/2012,2.83,2.98,3.23,3.56,
10/29/2012,2.81,3.01,3.24,3.58,
10/30/2012,2.79,3.01,3.23,3.57,
10/31/2012,2.72,3,3.22,3.58,
11/1/2012,2.83,3.08,3.24,3.58,
11/2/2012,2.8,3.09,3.23,3.59,
11/5/2012,2.9,3.07,3.22,3.59,
11/6/2012,2.86,3.09,3.21,3.58,
11/7/2012,2.9,3.1,3.2,3.58,
11/8/2012,2.8,3.09,3.21,3.57,
11/9/2012,2.81,3.08,3.21,3.58,
11/12/2012,2.78,3.08,3.2,3.57,
11/13/2012,2.81,3.09,3.21,3.57,
11/14/2012,2.9,3.06,3.17,3.54,
11/15/2012,2.89,3.06,3.17,3.54,
11/16/2012,2.9,3.05,3.16,3.53,
11/19/2012,2.86,3.04,3.15,3.52,
11/20/2012,2.82,3.03,3.13,3.51,
11/21/2012,2.86,3.02,3.14,3.51,
11/22/2012,2.87,3.03,3.17,3.53,
11/23/2012,2.88,3.05,3.18,3.54,
11/26/2012,2.84,3.06,3.19,3.54,
11/27/2012,2.85,3.03,3.2,3.56,
11/28/2012,2.85,3.05,3.22,3.56,
11/29/2012,2.78,3.06,3.22,3.55,
11/30/2012,2.82,3.08,3.23,3.54,
12/3/2012,2.85,3.08,3.23,3.55,
12/4/2012,2.83,3.08,3.24,3.54,
12/5/2012,2.89,3.15,3.26,3.55,
12/6/2012,2.85,3.12,3.26,3.55,
12/7/2012,2.88,3.13,3.25,3.56,
12/10/2012,2.87,3.14,3.26,3.57,
12/11/2012,2.79,3.14,3.25,3.57,
12/12/2012,,3.16,3.26,3.56,
12/13/2012,2.79,3.15,3.25,3.57,
12/14/2012,2.77,3.14,3.26,3.57,
12/17/2012,2.85,3.14,3.25,3.59,
12/18/2012,2.79,3.15,3.26,3.58,
12/19/2012,2.77,3.16,3.27,3.59,
12/20/2012,2.84,3.15,3.25,3.59,
12/21/2012,2.9,3.14,3.26,3.58,
12/24/2012,2.78,3.15,3.28,3.59,
12/25/2012,2.88,3.15,3.28,3.6,
12/26/2012,2.78,3.15,3.26,3.59,
12/27/2012,2.84,3.13,3.23,3.58,
12/28/2012,2.78,3.13,3.23,3.58,
12/31/2012,2.8,3.1,3.22,3.59,
1/4/2013,2.8,3.11,3.21,3.6,
1/7/2013,2.73,3.11,3.23,3.61,
1/8/2013,2.72,3.08,3.21,3.61,
1/9/2013,2.75,3.06,3.2,3.6,
1/10/2013,2.7,3.05,3.21,3.6,
1/11/2013,2.67,3.05,3.21,3.6,
1/14/2013,2.67,3.08,3.27,3.62,
1/15/2013,2.75,3.07,3.25,3.61,
1/16/2013,2.81,3.07,3.26,3.61,
1/17/2013,2.8,3.09,3.27,3.62,
1/18/2013,2.7,3.06,3.23,3.6,
1/21/2013,2.7,3.06,3.22,3.59,
1/22/2013,2.68,3.06,3.21,3.58,
1/23/2013,2.78,3.07,3.21,3.59,
1/24/2013,2.72,3.05,3.22,3.58,
1/25/2013,2.65,3.05,3.22,3.58,
1/28/2013,2.75,3.06,3.24,3.59,
1/29/2013,2.75,3.07,3.23,3.59,
1/30/2013,2.66,3.09,3.24,3.61,
1/31/2013,2.69,3.09,3.24,3.61,
2/1/2013,2.66,3.09,,3.61,
2/4/2013,2.74,3.09,3.27,3.61,
2/5/2013,2.72,3.09,3.29,3.61,
2/6/2013,2.77,3.09,3.28,3.6,
2/7/2013,2.67,3.08,3.27,3.6,
2/8/2013,2.7,3.08,3.27,3.6,
2/18/2013,2.61,3.08,3.27,3.6,
2/19/2013,2.67,3.06,3.27,3.59,
2/20/2013,2.74,3.08,3.27,3.6,
2/21/2013,2.71,3.06,3.27,3.58,
2/22/2013,2.72,3.06,3.27,3.58,
2/25/2013,2.7,3.06,3.27,3.57,
2/26/2013,2.75,3.07,3.28,3.59,
2/27/2013,2.7,3.09,3.3,3.6,
2/28/2013,2.69,3.09,3.3,3.6,
3/1/2013,2.66,3.1,3.3,3.6,
3/4/2013,2.65,3.1,3.3,3.6,
3/5/2013,2.75,3.09,3.27,3.6,
3/6/2013,2.65,3.09,3.27,3.6,
3/7/2013,2.75,3.09,3.27,3.6,
3/8/2013,2.7,3.07,3.29,3.59,
3/11/2013,2.73,3.08,3.27,3.59,
3/12/2013,2.67,3.09,3.3,3.6,
3/13/2013,2.7,3.09,3.31,3.6,
3/14/2013,2.74,3.09,3.3,3.6,
3/15/2013,2.7,3.07,3.29,3.59,
3/18/2013,2.67,3.07,3.29,3.59,
3/19/2013,2.7,3.07,3.29,3.59,
3/20/2013,2.7,3.09,3.31,3.61,
3/21/2013,2.67,3.09,3.31,3.61,
3/22/2013,2.71,3.09,3.31,3.61,
3/25/2013,2.7,3.09,3.3,3.59,
3/26/2013,2.7,3.09,3.31,3.6,
3/27/2013,2.63,3.08,3.3,3.59,
3/28/2013,2.6,3.08,3.3,3.59,
3/29/2013,2.7,3.08,3.3,3.59,
4/1/2013,2.69,3.08,3.31,3.57,
4/2/2013,2.69,3.08,3.31,3.57,
4/3/2013,2.79,3.04,3.29,3.56,
4/8/2013,2.56,3.04,3.29,3.56,
4/9/2013,2.56,3,3.23,3.5,
4/10/2013,2.52,2.99,3.23,3.5,
4/11/2013,,3.01,3.24,3.5,
4/12/2013,2.61,2.97,3.22,3.51,
4/15/2013,2.53,3.03,3.25,3.52,
4/16/2013,,2.98,3.18,3.46,
4/17/2013,2.58,2.98,3.18,3.46,
4/18/2013,2.61,2.97,3.19,3.43,
4/19/2013,2.57,2.97,3.19,3.43,
4/22/2013,2.52,2.97,3.19,3.43,
4/23/2013,,3.01,3.22,3.49,
4/24/2013,2.76,3.01,3.22,3.49,
4/25/2013,2.75,3.01,3.22,3.49,
4/26/2013,2.63,3.01,3.22,3.49,
5/2/2013,2.7,2.98,3.14,3.42,
5/3/2013,2.69,2.98,3.14,3.44,
5/6/2013,2.72,2.98,3.14,3.44,
5/7/2013,2.59,2.98,3.19,3.44,
5/8/2013,2.63,2.98,3.07,3.42,
5/9/2013,2.59,2.99,3.11,3.42,
5/10/2013,2.55,2.98,3.13,3.41,
5/13/2013,2.69,3,3.11,3.43,
5/14/2013,2.57,3,3.11,3.42,
5/15/2013,2.59,3,3.12,3.43,
5/16/2013,2.57,3,3.12,3.43,
5/17/2013,2.57,3,3.13,3.43,
5/20/2013,2.62,3.02,3.14,3.43,
5/21/2013,2.57,3.02,3.14,3.43,
5/22/2013,2.57,3.02,3.18,3.44,
5/23/2013,2.57,3.02,3.19,3.44,
5/24/2013,2.67,3.02,3.15,3.44,
5/27/2013,2.59,3.03,3.14,3.43,
5/28/2013,2.82,3.02,3.13,3.42,
5/29/2013,2.77,3.03,3.14,3.42,
5/30/2013,2.6,3.02,3.15,3.43,
5/31/2013,2.8,3.03,3.15,3.42,
6/3/2013,2.62,,,,
6/4/2013,2.78,3.07,3.16,3.43,
6/5/2013,2.85,3.07,3.19,3.45,
6/6/2013,2.62,3.07,3.19,3.45,
6/7/2013,2.62,3.09,3.22,3.46,
6/13/2013,3.08,3.09,3.22,3.46,
6/14/2013,2.65,3.09,3.22,3.46,
6/17/2013,3.22,3.15,3.27,3.47,
6/18/2013,2.68,3.14,3.27,3.46,
6/19/2013,2.6,3.14,3.27,3.46,
6/20/2013,2.57,3.14,3.27,3.46,
6/21/2013,2.6,3.14,3.27,3.46,
6/24/2013,3.05,3.3,3.39,3.54,
6/25/2013,5,3.49,3.49,3.61,
6/26/2013,3.5,3.49,3.49,3.61,
6/27/2013,2.88,3.49,3.49,3.61,
6/28/2013,2.57,3.49,3.49,3.61,
7/1/2013,3.16,3.03,3.49,3.61,
7/2/2013,3.16,3.03,3.49,3.61,
7/3/2013,4,3.03,3.49,3.61,
7/4/2013,3.16,3.19,3.33,3.56,
7/5/2013,3.75,3.13,3.27,3.52,
7/8/2013,3.09,3.17,3.32,3.55,
7/9/2013,2.89,3.17,3.32,3.55,
7/10/2013,3.11,3.24,3.33,3.56,
7/11/2013,2.96,3.24,3.38,3.57,
7/12/2013,3.15,3.27,3.38,3.58,
7/15/2013,3.64,3.28,3.37,3.61,
7/16/2013,3.17,3.27,3.38,3.61,
7/17/2013,2.96,3.32,3.45,3.63,
7/18/2013,3.6,3.32,3.46,3.68,
7/19/2013,3.5,3.32,3.46,3.68,
7/22/2013,3.6,3.32,3.46,3.68,
7/23/2013,3.6,3.32,3.46,3.68,
7/24/2013,3.68,3.63,3.68,3.8,
7/25/2013,3.65,,,,
7/26/2013,3.53,3.58,3.68,3.72,
7/29/2013,3.52,3.55,3.66,3.72,
7/30/2013,3.55,3.55,3.7,3.75,
7/31/2013,3.58,3.55,3.67,3.73,
8/1/2013,3.61,,,,
8/2/2013,3.7,,,,
8/5/2013,3.5,3.52,3.64,3.73,
8/6/2013,3.38,3.5,3.63,3.72,
8/7/2013,3.5,3.54,3.65,3.75,
8/8/2013,3.47,3.54,3.69,3.85,
8/9/2013,3.5,3.55,3.71,3.85,
8/12/2013,3.46,3.54,3.71,3.85,
8/13/2013,3.42,3.65,3.82,3.94,
8/14/2013,3.42,3.7,3.89,3.98,
8/15/2013,3.46,3.73,3.89,3.96,
8/16/2013,3.5,3.71,3.89,3.98,
8/19/2013,3.53,3.72,3.91,4,
8/20/2013,3.57,3.77,3.95,4.05,
8/21/2013,3.7,3.78,3.95,4.07,
8/22/2013,3.5,,,,
8/23/2013,3.5,3.76,3.94,4.05,
8/26/2013,3.57,3.8,3.88,3.99,
8/27/2013,3.4,3.67,3.9,4.01,
8/28/2013,3.7,,,,
8/29/2013,3.63,3.8,3.9,4.04,
8/30/2013,3.63,,,,
9/2/2013,3.6,,3.92,,
9/3/2013,3.6,3.84,3.92,4.07,
9/4/2013,3.62,3.88,3.92,4.07,
9/5/2013,3.61,3.88,3.96,4.08,
9/6/2013,3.62,,,,
9/9/2013,3.62,3.91,3.96,4.07,
9/10/2013,3.61,3.91,3.96,4.08,
9/11/2013,3.56,3.94,4.01,4.1,
9/12/2013,3.65,3.92,4.01,4.14,
9/13/2013,3.75,,,,
9/16/2013,3.75,3.91,4.04,4.15,
9/17/2013,3.61,3.88,4.02,4.14,
9/18/2013,3.61,,,,
9/23/2013,3.7,3.87,3.91,4.03,
9/24/2013,3.59,3.85,3.93,4.05,
9/25/2013,3.62,3.85,3.94,4.07,
9/26/2013,3.62,3.85,3.93,4.07,
9/27/2013,3.65,,,,
9/30/2013,4.06,,,,
10/8/2013,3.55,3.79,3.87,4.02,
10/9/2013,3.65,3.79,3.88,4.03,
10/10/2013,3.61,3.79,3.88,4.05,
10/11/2013,3.57,,,,
10/14/2013,3.52,,,,
10/15/2013,3.62,3.78,3.9,4.1,
10/16/2013,3.59,3.78,3.91,4.08,
10/17/2013,3.26,3.8,3.91,4.11,
10/18/2013,3.59,3.81,3.93,4.11,
10/21/2013,3.58,3.81,3.93,4.13,
10/22/2013,3.59,3.81,3.96,4.14,
10/23/2013,3.59,3.83,3.96,4.16,
10/24/2013,3.61,3.83,3.95,4.18,
10/25/2013,3.61,,,,
10/28/2013,3.59,3.85,4.01,4.21,
10/29/2013,3.59,,,,
10/30/2013,3.62,3.94,4.06,4.22,
10/31/2013,3.95,3.89,4.05,4.22,
11/1/2013,3.76,,,,
11/4/2013,3.8,,,,
11/5/2013,3.66,,,,
11/6/2013,4.14,,,,
11/7/2013,4.06,,,,
11/8/2013,3.66,4.03,4.17,4.25,
11/11/2013,3.69,4.14,4.36,4.41,
11/12/2013,3.66,4.07,4.3,4.43,
11/13/2013,3.59,,4.23,4.42,
11/14/2013,3.66,4.07,4.33,4.47,
11/15/2013,3.69,4.07,4.32,4.48,
11/18/2013,3.86,4.39,4.52,4.63,
11/19/2013,3.86,4.38,4.55,4.66,
11/20/2013,3.59,,,,
11/21/2013,3.59,4.36,4.57,4.7,
11/22/2013,3.69,4.34,4.47,4.62,
11/25/2013,3.59,4.33,4.52,4.64,
11/26/2013,3.66,,4.53,4.64,
11/27/2013,3.66,,4.52,4.62,
11/28/2013,4.18,4.31,4.43,4.56,
11/29/2013,4.2,4.26,4.37,4.45,
12/2/2013,4.19,4.17,,4.45,
12/3/2013,4.27,,,,
12/4/2013,4.21,,,,
12/5/2013,4.24,4.29,4.41,4.52,
12/6/2013,4.27,,,,
12/9/2013,4.16,4.33,4.43,4.54,
12/10/2013,4.3,4.39,4.5,4.63,
12/11/2013,4.24,4.39,4.54,4.63,
12/12/2013,3.86,4.38,4.46,4.59,
12/13/2013,4.16,4.34,4.45,4.61,
12/16/2013,4.4,4.33,4.42,4.59,
12/17/2013,4.21,4.34,4.45,4.61,
12/18/2013,4.3,4.33,4.45,4.64,
12/19/2013,4.16,4.36,4.47,4.61,
12/20/2013,4.21,4.4,4.48,4.63,
12/23/2013,4.3,,,,
12/24/2013,4.47,4.43,4.49,4.63,
12/25/2013,4.16,4.43,4.49,4.61,
12/26/2013,4.16,4.41,4.47,4.59,
12/27/2013,4.44,4.41,4.45,4.59,
12/30/2013,4.16,4.37,4.45,4.59,
12/31/2013,4.16,4.38,4.48,4.62,
1/2/2014,5,,,,
1/3/2014,4.88,4.4,4.55,4.67,
1/6/2014,4.44,,,,
1/7/2014,4.16,4.39,4.55,4.68,
1/8/2014,4.16,4.35,4.53,4.64,
1/9/2014,4.16,4.29,4.48,4.62,
1/10/2014,4.16,4.32,4.47,4.61,
1/13/2014,4.32,,,,
1/14/2014,4.16,4.3,4.47,4.64,
1/15/2014,3.86,4.25,4.43,4.6,
1/16/2014,4.16,,,,
1/17/2014,4.65,4.23,4.43,4.61,
1/20/2014,4.32,,,,
1/21/2014,4.16,4.19,4.4,4.6,
1/22/2014,4.16,4.07,4.34,4.54,
1/23/2014,4.2,4.01,4.32,4.55,
1/24/2014,4.16,3.85,4.32,4.5,
1/27/2014,4.11,3.88,4.26,4.49,
1/28/2014,4.16,,,,
1/29/2014,4.65,3.92,4.26,4.53,
1/30/2014,4,,,,
2/7/2014,3.89,,,,
2/10/2014,3.83,,,,
2/11/2014,3.7,3.76,4.21,4.5,
2/12/2014,3.77,3.74,4.19,4.5,
2/13/2014,3.8,3.74,4.2,4.49,
2/14/2014,3.8,3.72,4.18,4.49,
2/17/2014,3.71,3.72,4.21,4.51,
2/18/2014,3.51,,,,
2/19/2014,3.54,3.68,4.24,4.55,
2/20/2014,3.52,3.7,4.24,4.56,
2/21/2014,3.5,3.69,4.25,4.55,
2/24/2014,,3.73,4.2,4.52,
2/25/2014,,3.7,4.18,4.5,
2/26/2014,3.49,3.58,4.15,4.48,
2/27/2014,3.5,3.72,4.1,4.4,
2/28/2014,3.43,,,,
3/3/2014,3.51,3.69,4.11,4.44,
3/4/2014,3.43,3.66,4.16,4.48,
3/5/2014,3.52,,,,
3/6/2014,3.5,,,,
3/7/2014,3.43,,,,
3/10/2014,,3.71,4.2,4.5,
3/11/2014,,3.65,4.2,4.49,
3/13/2014,3.45,3.63,4.19,4.48,
3/14/2014,3.5,3.6,4.17,4.45,
3/17/2014,3.42,3.6,4.17,4.45,
3/18/2014,3.5,3.61,4.16,4.46,
3/19/2014,3.42,3.6,4.19,4.48,
3/20/2014,3.33,3.64,4.18,4.48,
3/21/2014,3.44,3.63,4.15,4.5,
3/24/2014,3.45,3.64,4.16,4.49,
3/25/2014,3.5,3.63,4.14,4.49,
3/26/2014,,3.63,4.19,4.51,
3/27/2014,,3.6,4.13,4.5,
3/28/2014,3.5,3.6,4.13,4.5,
3/31/2014,3.36,3.6,4.19,4.51,
4/1/2014,3.08,3.62,4.17,4.51,
4/2/2014,3.51,3.63,4.14,4.53,
4/3/2014,3.42,3.68,4.19,4.55,
4/4/2014,3.42,3.64,4.18,4.54,
4/8/2014,3.37,3.63,4.2,4.53,
4/9/2014,3.38,3.71,4.19,4.54,
4/10/2014,3.5,3.79,4.19,4.54,
4/11/2014,3.5,,,,
4/14/2014,3.37,,,,
4/15/2014,3.5,,,,
4/16/2014,3.3,3.77,4.16,4.41,
4/17/2014,3.26,,,,
4/18/2014,3.12,,,,
4/21/2014,3.5,3.73,4.09,,
4/22/2014,3.42,3.81,4.08,4.36,
4/23/2014,3.42,3.8,4.07,4.39,
4/24/2014,3.31,3.81,4.13,4.39,
4/25/2014,3.45,3.8,4.08,4.4,
4/28/2014,3.5,,,,
4/29/2014,3.5,,,,
4/30/2014,3.38,3.81,4.07,4.38,
5/5/2014,3.4,,,4.35,
5/6/2014,3.2,,,,
5/7/2014,3.4,,,,
5/8/2014,3.4,3.8,4.09,4.32,
5/9/2014,3.38,3.8,4.04,4.24,
5/12/2014,3.4,3.74,3.99,4.18,
5/13/2014,3.24,3.77,4.03,4.19,
5/14/2014,3.2,3.77,4.01,4.16,
5/15/2014,3.2,3.81,4.06,4.2,
5/16/2014,3.36,3.8,4.05,4.21,
5/19/2014,3.37,3.78,4.07,4.22,
5/20/2014,3.4,,,,
5/21/2014,3.43,,,,
5/23/2014,3.4,,,,
5/26/2014,3.3,3.81,4.06,4.22,
5/27/2014,3.2,3.82,4.03,4.2,
5/28/2014,3.4,,,,
5/29/2014,3.68,,,,
5/30/2014,3.34,3.8,4.01,4.14,
6/3/2014,3.41,3.74,3.9,4.07,
6/4/2014,3.1,3.75,3.88,4.05,
6/5/2014,3.3,3.71,3.89,4.07,
6/6/2014,3.07,,,,
6/9/2014,3.3,3.73,3.9,4.11,
6/10/2014,3.16,3.73,3.93,4.1,
6/11/2014,3.3,3.68,3.87,4.09,
6/12/2014,3.16,3.68,3.85,4.09,
6/13/2014,3.14,3.68,3.88,4.1,
6/16/2014,3.16,3.66,3.89,4.1,
6/17/2014,3.2,3.72,3.88,4.13,
6/18/2014,3.52,,,,
6/19/2014,3.2,3.69,3.88,4.09,
6/20/2014,3.74,3.68,3.88,4.07,
6/23/2014,3.52,,,,
6/24/2014,3.2,3.67,3.87,4.08,
6/25/2014,3.2,3.67,3.85,4.08,
6/26/2014,3.2,3.68,3.85,4.09,
6/27/2014,3.2,3.69,3.88,4.09,
6/30/2014,3.43,,,,
7/1/2014,3.5,,,,
7/2/2014,3.43,,,,
7/3/2014,3.5,,,,
7/4/2014,3.5,3.74,3.96,4.18,
7/7/2014,3.5,,,,
7/8/2014,3.3,3.74,3.96,4.18,
7/9/2014,3.25,3.69,3.97,4.16,
7/10/2014,3.37,3.77,3.96,4.17,
7/11/2014,3.36,3.72,3.95,4.16,
7/14/2014,3.37,3.7,3.96,,
7/15/2014,3.42,3.72,3.98,4.17,
7/16/2014,3.5,3.76,3.99,4.23,
7/17/2014,3.5,3.82,4.03,4.24,
7/18/2014,3.5,3.92,4.09,4.32,
7/21/2014,,3.92,4.08,4.31,
7/22/2014,3.51,3.92,4.06,4.32,
7/23/2014,3.25,3.9,4.09,4.3,
7/24/2014,3.68,3.9,4.05,4.32,
7/25/2014,3.5,3.87,,4.27,
7/28/2014,3.5,3.9,4.06,4.31,
7/29/2014,3.75,3.91,4.03,4.3,
7/30/2014,3.71,3.89,4.05,4.3,
7/31/2014,3.51,3.91,4.06,4.32,
8/1/2014,3.83,,4.02,4.29,
8/4/2014,3.86,3.89,4.01,4.28,
8/5/2014,3.5,3.88,4.01,4.28,
8/6/2014,3.83,3.88,4,4.27,
8/7/2014,3.54,3.88,4.01,4.27,
8/8/2014,3.5,3.89,4.01,4.28,
8/11/2014,3.78,3.87,4,4.29,
8/12/2014,3.52,3.87,4.01,4.3,
8/13/2014,3.52,3.9,4.01,4.29,
8/14/2014,3.5,3.9,3.99,4.28,
8/15/2014,3.98,,,,
8/18/2014,3.5,3.89,3.96,4.22,
8/19/2014,3.5,3.88,3.94,4.24,
8/20/2014,,3.87,3.97,4.25,
8/21/2014,,3.88,4.01,4.27,
8/22/2014,,3.86,3.99,4.26,
8/25/2014,3.5,3.92,4,4.27,
8/26/2014,3.83,3.95,4.03,4.28,
8/27/2014,3.5,3.94,4.04,4.27,
8/28/2014,3.5,3.93,4.02,4.26,
8/29/2014,3.5,,,,
9/1/2014,3.5,3.9,3.98,4.25,
9/2/2014,4.02,,3.97,4.26,
9/3/2014,3.5,3.92,3.99,4.27,
9/4/2014,3.64,3.92,4,4.28,
9/5/2014,3.5,3.92,4.01,4.29,
9/9/2014,3.5,3.93,4,4.3,
9/10/2014,,3.92,4.01,4.3,
9/11/2014,3.5,,,,
9/12/2014,3.67,3.94,4.01,4.3,
9/15/2014,3.7,3.94,4.04,4.29,
9/16/2014,3.5,3.94,4.02,4.28,
9/17/2014,3.5,3.96,4.05,4.3,
9/18/2014,3.63,,,,
9/19/2014,3.5,3.89,3.99,4.2,
9/22/2014,,3.84,3.91,4.05,
9/23/2014,3.61,3.84,3.92,4.05,
9/24/2014,3.66,,,,
9/25/2014,3.5,3.84,3.96,4.07,
9/26/2014,3.5,,,,
9/29/2014,3.79,,,,
9/30/2014,3.79,,,,
10/8/2014,3.8,3.84,3.94,4.01,
10/9/2014,3.8,3.85,3.95,4.04,
10/10/2014,4.04,3.85,,,
10/13/2014,3.81,3.85,3.92,4.03,
10/14/2014,4.04,3.79,3.91,4.03,
10/15/2014,3.5,3.67,3.76,3.9,
10/16/2014,3.5,,,3.88,
10/17/2014,,3.63,,3.85,
10/20/2014,3.52,,,,
10/21/2014,3.66,3.53,3.62,3.76,
10/22/2014,3.52,3.52,3.61,3.77,
10/23/2014,,3.54,3.59,3.82,
10/24/2014,3.57,3.53,3.59,3.84,
10/27/2014,3.52,3.53,3.61,3.83,
10/28/2014,3.6,,,,
10/29/2014,3.52,,,,
10/30/2014,4.46,,,,
10/31/2014,3.52,,,,
11/3/2014,3.8,3.47,3.61,3.83,
11/4/2014,3.4,,,,
11/5/2014,3.15,3.37,3.53,3.71,
11/6/2014,3.42,3.3,3.49,3.64,
11/10/2014,3.15,,,,
11/11/2014,4.04,,,,
11/12/2014,3.34,,,,
11/13/2014,3.41,3.24,3.47,3.62,
11/14/2014,3.4,3.28,3.48,3.64,
11/17/2014,3.3,,,,
11/18/2014,3.35,3.3,3.54,3.7,
11/19/2014,3.35,,,,
11/20/2014,3.34,3.3,3.51,3.67,
11/21/2014,3.42,3.32,3.53,3.71,
11/24/2014,,3.32,3.49,3.63,
11/25/2014,,3.21,3.39,3.49,
11/26/2014,3.21,3.22,3.42,3.56,
11/27/2014,3.39,3.24,3.43,3.54,
11/28/2014,3.15,3.21,3.43,3.55,
12/1/2014,3.3,,3.43,3.55,
12/2/2014,3.35,3.3,3.43,3.56,
12/3/2014,2.8,3.29,3.45,3.59,
12/4/2014,3.25,3.29,3.58,3.66,
12/5/2014,3.46,3.31,3.55,3.68,
12/8/2014,3.2,,,,
12/9/2014,3.5,,3.76,3.84,
12/10/2014,3.59,3.47,3.71,3.77,
12/11/2014,3.42,,,,
12/12/2014,3.52,,,,
12/15/2014,3.34,3.45,3.68,3.8,
12/16/2014,3.68,,,,
12/17/2014,3.68,,,,
12/18/2014,3.61,3.48,3.62,3.76,
12/19/2014,3.68,3.52,3.63,3.78,
12/22/2014,3.68,,,,
12/23/2014,3.57,3.48,3.61,3.73,
12/24/2014,3.63,3.44,3.59,3.69,
12/25/2014,3.68,,,,
12/26/2014,3.4,3.41,3.55,3.65,
12/29/2014,3.54,3.42,3.55,3.65,
12/30/2014,3.68,,,,
12/31/2014,3.68,,,,
1/5/2015,3.51,3.34,3.54,3.65,
1/6/2015,3.57,3.33,3.54,3.64,
1/7/2015,3.6,3.3,3.52,3.65,
1/8/2015,3.66,,,,
1/9/2015,4.04,,,,
1/12/2015,3.49,3.29,3.53,3.65,
1/13/2015,3.25,,,,
1/14/2015,3.52,,,,
1/15/2015,3.46,3.24,3.45,3.56,
1/16/2015,3.41,3.23,3.46,3.57,
1/19/2015,3.55,3.23,3.41,3.52,
1/20/2015,3.25,3.23,3.41,3.49,
1/21/2015,3.66,3.23,3.4,3.49,
1/22/2015,3.3,3.22,3.38,3.48,
1/23/2015,3.1,,,,
1/26/2015,3.23,3.21,,,
1/27/2015,3.26,3.21,3.34,3.45,
1/28/2015,3.26,,,,
1/29/2015,3.26,3.17,3.39,3.5,
1/30/2015,3.39,3.19,3.41,3.51,
2/2/2015,3.54,,3.42,3.52,
2/3/2015,3.45,3.22,3.38,3.49,
2/4/2015,3.15,,,,
2/5/2015,3.52,3.2,3.37,3.46,
2/6/2015,3.46,3.19,3.37,3.46,
2/9/2015,3.27,,,,
2/10/2015,3.43,3.2,3.34,3.43,
2/11/2015,3.63,,,,
2/12/2015,3.27,,,,
2/13/2015,3.39,3.16,3.27,3.38,
2/16/2015,3.15,3.14,3.25,3.36,
2/17/2015,3.15,,,,
2/25/2015,3.44,,3.24,3.36,
2/26/2015,3.49,3.14,3.24,3.37,
2/27/2015,3.17,3.14,3.23,3.37,
3/2/2015,3.11,3.15,,3.4,
3/3/2015,3.11,3.18,3.26,3.41,
3/4/2015,3.11,3.18,3.27,3.44,
3/5/2015,3.06,,,,
3/6/2015,3.06,,,,
3/9/2015,3.12,3.23,3.33,3.51,
3/10/2015,3.15,,3.36,3.52,
3/11/2015,3.15,,,,
3/12/2015,3.2,,,,
3/13/2015,3.27,3.24,3.31,3.45,
3/16/2015,3.29,3.26,3.35,3.51,
3/17/2015,3.27,3.28,3.36,3.55,
3/18/2015,3.13,3.28,3.35,3.54,
3/19/2015,3.13,,,,
3/20/2015,3.15,3.26,3.36,3.55,
3/23/2015,3.62,3.29,3.38,3.53,
3/24/2015,3.06,,,,
3/25/2015,3.27,3.29,3.35,3.53,
3/26/2015,3.28,,,,
3/27/2015,3.06,,,,
3/30/2015,3.05,3.32,3.45,3.6,
3/31/2015,3.34,3.35,3.48,3.63,
4/1/2015,3.3,3.36,3.49,,
4/2/2015,3.15,,,,
4/3/2015,3.26,3.34,3.47,3.58,
4/7/2015,3.19,3.33,3.46,3.61,
4/8/2015,3.27,,,,
4/9/2015,3.24,3.32,3.49,3.7,
4/10/2015,3.09,,,,
4/13/2015,3.16,,,,
4/14/2015,3.16,,,,
4/15/2015,3.15,,,,
4/16/2015,3.3,,,,
4/17/2015,3.17,,,,
4/20/2015,3.06,,,,
4/21/2015,2.8,3.21,3.32,3.47,
4/22/2015,2.8,3.15,3.31,3.45,
4/23/2015,2.8,3.14,3.31,3.44,
4/24/2015,2.8,3.15,3.35,3.47,
4/28/2015,2.8,3.09,,,
4/29/2015,2.8,3.12,3.29,3.44,
4/30/2015,3.63,3.13,3.32,,
5/4/2015,2.94,3.05,3.28,3.39,
5/5/2015,2.5,3.08,3.3,3.42,
5/6/2015,2.77,3.07,3.29,3.44,
5/7/2015,3,,,,
5/8/2015,2.66,2.99,3.3,3.45,
5/11/2015,2.63,3.03,3.26,3.4,
5/12/2015,2.54,,,,
5/13/2015,2.54,,,,
5/14/2015,2.5,2.85,3.1,3.42,
5/15/2015,2.19,2.71,3.01,3.4,
5/18/2015,2.25,2.71,3.06,3.43,
5/19/2015,2.5,2.7,3.08,3.45,
5/20/2015,2.16,,,,
5/21/2015,2.73,,,,
5/22/2015,2.22,,,,
5/25/2015,2.18,2.67,3.14,3.45,
5/26/2015,2.23,2.58,3.17,3.45,
5/27/2015,4.04,,,,
5/28/2015,2,2.48,3.21,,
5/29/2015,2.5,2.54,3.3,3.6,
6/1/2015,1.85,2.54,3.28,3.64,
6/2/2015,1.85,2.53,3.29,3.63,
6/3/2015,2.12,2.54,3.24,3.62,
6/4/2015,2.07,2.51,3.27,3.64,
6/5/2015,2.08,2.43,3.22,3.62,
6/8/2015,2.09,2.44,3.21,3.6,
6/9/2015,1.98,2.39,3.21,3.59,
6/10/2015,1.85,2.28,3.21,3.59,
6/11/2015,1.93,2.38,3.22,3.62,
6/12/2015,2.11,2.42,3.25,3.64,
6/15/2015,1.85,,,,
6/16/2015,2.12,,,,
6/17/2015,2.01,2.32,3.25,3.65,
6/18/2015,1.85,2.44,3.24,3.6,
6/19/2015,2.01,2.39,3.21,3.6,
6/23/2015,2.05,2.33,3.22,3.62,
6/24/2015,2.07,2.23,3.21,3.63,
6/25/2015,1.96,2.37,3.22,3.63,
6/26/2015,1.99,2.43,3.26,3.63,
6/29/2015,2.12,2.22,3.21,3.63,
6/30/2015,1.91,2.32,3.2,3.62,
7/1/2015,1.98,2.51,3.27,3.63,
7/2/2015,2.09,2.53,3.19,3.63,
7/3/2015,2.11,2.48,3.2,3.64,
7/6/2015,2,2.54,3.2,3.59,
7/7/2015,2.08,2.52,3.14,3.52,
7/8/2015,1.85,2.5,3.13,3.47,
7/9/2015,2.08,2.51,3.13,3.46,
7/10/2015,1.99,2.54,3.13,3.48,
7/13/2015,1.99,2.65,3.16,3.54,
7/14/2015,2.12,2.62,3.15,3.55,
7/15/2015,2.16,2.7,3.19,3.57,
7/16/2015,2.46,,,,
7/17/2015,2.15,2.7,3.18,3.57,
7/20/2015,2.67,2.71,3.21,3.58,
7/21/2015,2.14,2.69,3.18,3.53,
7/22/2015,2.14,2.68,3.19,3.55,
7/23/2015,2.12,,,,
7/24/2015,2.12,,,,
7/27/2015,1.99,2.62,3.18,3.49,
7/28/2015,1.99,,,,
7/29/2015,2.05,,,,
7/30/2015,2.19,,,,
7/31/2015,2.33,2.75,3.25,3.6,
8/3/2015,2.28,,3.22,,
8/4/2015,2.22,2.7,3.23,3.55,
8/5/2015,2.25,2.61,3.19,3.49,
8/6/2015,2.2,,,,
8/7/2015,2.12,,,,
8/10/2015,2.16,2.59,3.16,3.48,
8/11/2015,2.2,,,,
8/12/2015,2.2,,,,
8/13/2015,2.12,,,,
8/14/2015,2.12,,,,
8/17/2015,2.21,2.72,3.25,3.55,
8/18/2015,2.12,,,,
8/19/2015,2.12,,,,
8/20/2015,2.79,2.56,3.25,3.55,
8/21/2015,2.12,,,,
8/24/2015,2.16,,,,
8/25/2015,2.16,2.62,3.21,3.48,
8/26/2015,2.16,2.6,3.18,3.47,
8/27/2015,2.16,,,,
8/28/2015,2.12,,,,
8/31/2015,2.21,2.58,3.15,3.4,
9/1/2015,2.12,,,,
9/2/2015,2.12,,,,
9/7/2015,2.21,2.63,3.16,3.35,
9/8/2015,2,,,,
9/9/2015,2.12,,,,
9/10/2015,2.12,,,,
9/11/2015,2.06,2.66,3.19,3.35,
9/14/2015,2,,,,
9/15/2015,2.06,2.66,3.18,3.34,
9/16/2015,2.12,,,,
9/17/2015,2,,,,
9/18/2015,2.21,,,,
9/21/2015,2.06,2.67,3.18,3.35,
9/22/2015,2.06,2.68,3.18,3.35,
9/23/2015,2.14,2.72,3.19,3.35,
9/24/2015,2.12,,,,
9/25/2015,2.14,2.76,3.19,3.35,
9/28/2015,2.06,,,,
9/29/2015,2.21,2.69,3.12,3.28,
9/30/2015,2.21,2.69,3.1,3.27,
10/8/2015,2.17,,,3.27,
10/9/2015,2.17,,,,
10/12/2015,2.24,2.72,2.99,3.17,
10/13/2015,2.66,,,,
10/14/2015,2.17,2.71,2.93,3.09,
10/15/2015,2.11,,,,
10/16/2015,2.12,,,,
10/19/2015,2.11,2.72,2.98,3.14,
10/20/2015,2.17,2.72,2.96,3.12,
10/21/2015,2.12,2.69,2.93,3.09,
10/22/2015,2.21,2.71,2.94,3.09,
10/23/2015,2.21,2.7,2.93,3.08,
10/26/2015,2.21,2.67,2.89,3.05,
10/27/2015,2.24,2.65,2.86,3.03,
10/28/2015,2.21,2.63,2.83,3,
10/29/2015,2.24,2.63,2.85,3.08,
10/30/2015,2.3,,,,
11/2/2015,2.12,,2.92,,
11/3/2015,2.12,,,,
11/4/2015,2.39,2.63,2.95,3.14,
11/5/2015,2.29,,,,
11/6/2015,2.39,,,,
11/9/2015,2.39,2.72,3.08,3.26,
11/10/2015,2.29,,,,
11/11/2015,2.29,2.72,3.05,3.21,
11/12/2015,2.39,2.73,3.03,3.19,
11/13/2015,2.45,2.72,3,3.18,
11/16/2015,2.12,,,,
11/17/2015,2.12,,,,
11/18/2015,2.53,2.74,3,3.17,
11/19/2015,2.29,2.73,3.01,3.18,
11/20/2015,2.29,,,,
11/23/2015,2.12,,,,
11/24/2015,2.29,,,,
11/25/2015,2.39,,,,
11/26/2015,2.29,,,3.123,
11/27/2015,2.12,,,,
11/30/2015,2.45,,,,
12/1/2015,2.36,,2.96,3.09,
12/2/2015,2.55,2.77,2.95,3.08,
12/3/2015,2.34,2.77,2.9,3.08,
12/4/2015,2.34,2.73,2.89,3.08,
12/7/2015,2.34,,,,
12/8/2015,2.12,2.69,2.86,3.05,
12/9/2015,2.42,2.72,2.87,3.06,
12/10/2015,2.55,2.72,2.87,3.06,
12/11/2015,2.34,2.75,2.85,3.05,
12/14/2015,2.34,2.67,2.85,3.03,
12/15/2015,2.55,2.68,2.85,3.05,
12/16/2015,2.12,2.66,2.83,3.04,
12/17/2015,2.58,2.73,2.85,3.05,
12/18/2015,2.42,2.73,2.85,3.05,
12/21/2015,2.4,2.62,2.74,2.94,
12/22/2015,2.25,2.6,2.74,2.93,
12/23/2015,2.25,2.59,2.72,2.9,
12/24/2015,2.25,2.59,2.72,2.9,
12/25/2015,2.38,,,,
12/28/2015,2.23,2.52,2.7,2.84,
12/29/2015,2.23,2.5,2.69,2.83,
12/30/2015,2.21,2.5,2.7,2.85,
12/31/2015,2.21,2.51,2.7,2.86,
1/5/2016,2.37,2.6,,2.93,
1/6/2016,2.4,2.61,,2.93,
1/7/2016,2.26,2.6,,2.9,
1/8/2016,2.38,2.6,,2.87,
1/11/2016,2.23,2.61,,2.86,
1/12/2016,2.42,2.6,,2.83,
1/13/2016,2.3,2.6,,2.83,
1/14/2016,2.31,2.55,,2.77,
1/15/2016,2.21,2.53,,2.78,
1/18/2016,2.3,2.58,2.71,2.82,
1/19/2016,2.3,2.57,2.72,2.81,
1/20/2016,2.35,2.58,2.8,2.85,
1/21/2016,2.25,2.58,2.79,2.84,
1/22/2016,2.21,2.58,2.79,2.84,
1/25/2016,2.26,2.58,2.78,2.89,
1/26/2016,2.21,2.6,2.8,2.89,
1/27/2016,2.3,2.63,2.89,2.94,
1/28/2016,2.33,2.63,2.89,2.94,
1/29/2016,2.35,2.63,2.8,2.89,
2/1/2016,2.35,2.59,2.79,2.87,
2/2/2016,2.35,2.59,2.79,2.87,
2/3/2016,2.35,2.64,2.84,2.95,
2/4/2016,2.27,2.6,2.8,2.92,
2/5/2016,2.23,2.56,2.78,2.89,
2/15/2016,2.33,2.56,2.71,2.88,
2/16/2016,2.33,2.59,2.73,2.88,
2/17/2016,2.33,2.59,2.77,2.87,
2/18/2016,2.21,2.55,2.72,2.88,
2/19/2016,2.12,2.53,2.7,2.87,
2/22/2016,2.28,2.58,2.71,2.89,
2/23/2016,2.28,2.56,2.69,2.89,
2/24/2016,2.2,2.54,2.69,2.89,
2/25/2016,2.2,2.49,2.68,2.9,
2/26/2016,2.2,2.49,2.68,2.91,
2/29/2016,2.25,2.54,2.68,2.9,
3/1/2016,2.16,2.5,2.66,2.89,
3/2/2016,2.16,2.5,2.65,2.9,
3/3/2016,2.2,2.5,2.69,2.92,
3/4/2016,2.11,2.49,2.68,2.92,
3/7/2016,2.1,2.49,2.68,,
3/8/2016,2.12,2.49,2.68,2.95,
3/9/2016,2.11,2.49,2.68,2.94,
3/10/2016,2.11,2.48,2.64,2.92,
3/11/2016,2.19,2.47,2.61,2.89,
3/14/2016,2.13,2.46,2.6,2.88,
3/15/2016,2.13,2.45,2.61,2.89,
3/16/2016,2.13,2.44,2.6,2.88,
3/17/2016,2.11,2.42,2.58,2.87,
3/18/2016,2.11,2.4,2.58,2.88,
3/21/2016,2.12,2.35,2.58,2.88,
3/22/2016,2.12,2.37,2.58,2.89,
3/23/2016,2.12,2.35,2.58,2.89,
3/24/2016,2.11,2.34,2.56,2.87,
3/25/2016,2.12,2.33,2.54,2.85,
3/28/2016,2.11,2.32,2.55,2.88,
3/29/2016,2.11,2.32,2.55,2.88,
3/30/2016,2.1,2.35,2.52,2.89,
3/31/2016,2.1,2.35,2.52,2.89,
4/1/2016,2.12,2.34,2.51,2.88,
4/5/2016,2.1,2.35,2.5,2.89,
4/6/2016,2.11,2.35,2.5,2.89,
4/7/2016,2.12,2.36,2.5,2.91,
4/8/2016,2.12,2.36,2.5,2.91,
4/11/2016,2.12,2.39,2.53,2.93,
4/12/2016,2.15,2.4,2.53,2.92,
4/13/2016,2.15,2.42,2.57,2.94,
4/14/2016,2.15,2.46,2.63,2.95,
4/15/2016,2.11,2.47,2.65,2.94,
4/18/2016,2.12,2.45,2.64,2.92,
4/19/2016,2.11,2.45,2.62,2.91,
4/20/2016,2.11,2.46,2.72,2.93,
4/21/2016,2.13,2.51,2.74,2.95,
4/22/2016,2.14,2.54,2.75,2.95,
4/25/2016,2.23,2.59,,2.95,
4/26/2016,2.21,2.63,2.77,2.94,
4/27/2016,2.21,2.63,2.77,2.94,
4/28/2016,2.19,2.61,2.72,2.91,
4/29/2016,2.23,2.59,2.76,2.92,
5/3/2016,2.19,2.6,,2.91,
5/4/2016,2.19,2.6,2.76,2.91,
5/5/2016,2.27,2.6,2.76,2.91,
5/6/2016,2.25,,2.76,2.93,
5/9/2016,2.25,2.54,2.7,2.92,
5/10/2016,2.24,2.55,2.7,2.91,
5/11/2016,2.24,2.55,2.73,2.91,
5/12/2016,2.2,,2.73,,
5/13/2016,2.18,2.57,2.72,,
5/16/2016,2.19,,2.73,,
5/17/2016,2.22,2.54,2.74,,
5/18/2016,2.23,2.54,2.78,,
5/19/2016,2.22,2.59,2.78,2.96,
5/20/2016,2.14,2.59,2.74,2.95,
5/23/2016,2.65,,2.74,,
5/24/2016,2.2,2.52,2.75,2.96,
5/25/2016,2.2,2.55,2.76,2.95,
5/26/2016,2.42,2.48,2.76,2.96,
5/27/2016,2.2,2.48,2.75,2.96,
5/30/2016,2.45,2.47,2.77,2.97,
5/31/2016,2.65,2.51,2.77,2.97,
6/1/2016,2.42,2.48,2.76,3,
6/2/2016,2.65,2.48,2.76,3.02,
6/3/2016,2.43,2.54,2.78,3.01,
6/6/2016,2.43,2.53,2.77,,
6/7/2016,2.23,2.55,2.78,3.01,
6/8/2016,2.25,2.63,2.79,3.02,
6/13/2016,2.24,2.59,2.8,3,
6/14/2016,2.23,2.59,2.8,2.96,
6/15/2016,2.23,2.61,2.78,2.96,
6/16/2016,2.23,2.63,2.77,2.96,
6/17/2016,2.23,2.6,2.76,2.95,
6/20/2016,,,2.76,2.96,
6/21/2016,,,2.76,2.96,
6/22/2016,,,2.77,2.96,
6/23/2016,,,2.75,2.94,
6/24/2016,,,2.75,2.93,
6/27/2016,,,2.69,2.86,
6/28/2016,,,2.69,2.86,
6/29/2016,,,2.7,2.88,
6/30/2016,,,2.69,2.86,
7/1/2016,,,2.69,2.86,
7/4/2016,,,2.66,2.83,
7/5/2016,,,2.66,2.85,
7/6/2016,,,2.69,2.86,
7/7/2016,,,2.68,2.84,
7/8/2016,,,2.65,2.82,
7/11/2016,,,2.67,2.84,
7/12/2016,,,2.68,2.85,
7/13/2016,,,2.7,2.86,
7/14/2016,,,2.7,2.86,
7/15/2016,,,2.69,2.85,
7/18/2016,,,2.67,2.84,
7/19/2016,,,2.66,2.84,
7/20/2016,,,2.65,2.82,
7/21/2016,,,2.62,2.81,
7/22/2016,,,2.63,2.81,
7/25/2016,,,,2.83,
7/26/2016,,,,2.82,
7/27/2016,,,,2.82,
7/28/2016,,,,2.81,
7/29/2016,,,,2.8,
8/1/2016,,,,2.81,
8/2/2016,,,2.607,2.791,3.35
8/3/2016,,2.397,2.598,2.786,3.346
8/4/2016,,2.396,2.602,2.786,3.346
8/5/2016,,,2.61,2.766,3.325
8/8/2016,,2.367,2.575,,3.325
8/9/2016,,2.367,2.544,2.755,3.274
8/10/2016,,,2.508,2.717,3.263
8/11/2016,,2.353,2.497,2.704,3.26
8/12/2016,,2.325,2.476,2.675,3.201
8/15/2016,,,2.47,2.656,3.186
8/16/2016,,,2.492,2.68,3.198
8/17/2016,,,2.505,2.702,3.231
8/18/2016,,,2.508,2.698,3.224
8/19/2016,,,2.536,2.715,3.274
8/22/2016,,,2.538,2.697,3.245
8/23/2016,,,2.559,2.744,3.306
8/24/2016,,,2.57,2.781,3.319
8/25/2016,,,2.568,2.773,3.309
8/26/2016,,,2.558,2.744,3.27
8/29/2016,,,2.565,2.777,3.299
8/30/2016,,2.372,2.574,2.814,3.328
8/31/2016,,2.367,2.606,2.808,3.332
9/1/2016,,,2.609,2.799,3.316
9/2/2016,,,2.586,2.787,3.321
9/5/2016,,,2.584,2.798,3.329
9/6/2016,,2.37,2.595,2.813,3.363
9/7/2016,,,2.594,2.82,3.366
9/8/2016,,,2.586,2.818,3.346
9/9/2016,,,2.574,2.81,3.344
9/12/2016,,,2.589,2.801,3.351
9/13/2016,,,2.582,2.773,3.315
9/14/2016,2.15,,2.585,2.773,3.303
9/19/2016,,,2.582,2.767,3.298
9/20/2016,2.132,,2.564,2.754,3.29
9/21/2016,2.134,,2.575,2.765,3.31
9/22/2016,2.141,,2.568,2.758,3.287
9/23/2016,2.228,,2.556,2.742,3.253
9/26/2016,,,2.559,2.729,3.229
9/27/2016,,,2.555,2.734,3.25
9/28/2016,,,2.549,2.74,3.228
9/29/2016,,,2.558,2.746,3.217
9/30/2016,,,2.556,2.736,3.195
10/10/2016,,2.396,2.495,2.683,3.158
10/11/2016,,2.397,2.539,2.705,3.17
10/12/2016,,2.333,2.521,2.725,3.192
10/13/2016,2.033,2.332,2.507,2.717,3.179
10/14/2016,2.092,,2.481,2.708,3.171
10/17/2016,,2.357,2.506,2.705,3.172
10/18/2016,2.025,2.35,2.464,2.708,3.157
10/19/2016,,2.3,2.432,2.679,3.149
10/20/2016,,,2.425,2.664,3.104
10/21/2016,,2.31,2.414,2.657,3.09
10/24/2016,,,2.452,2.689,3.121
10/25/2016,,,2.442,2.711,3.114
10/26/2016,,2.343,2.473,2.744,3.17
10/27/2016,,2.398,2.49,2.716,3.12
10/28/2016,,,2.462,2.712,3.117
10/31/2016,,,2.468,2.744,3.153
11/1/2016,,,2.48,2.73,3.154
11/2/2016,,,2.469,2.74,3.159
11/3/2016,,,2.457,2.733,3.156
11/4/2016,,,2.453,2.731,3.158
11/7/2016,,,2.473,2.755,3.182
11/8/2016,,,2.477,2.768,3.185
11/9/2016,,,2.482,2.761,3.196
11/10/2016,,,2.525,2.811,3.22
11/11/2016,,,2.606,2.836,3.262
11/14/2016,,,2.607,2.884,3.313
11/15/2016,,,2.61,2.858,3.318
11/16/2016,,,2.627,2.893,3.361
11/17/2016,,,2.682,2.902,3.389
11/18/2016,,,2.663,2.901,3.383
11/21/2016,,,2.682,2.885,3.365
11/22/2016,,,2.674,2.885,3.361
11/23/2016,,,2.651,2.865,3.342
11/24/2016,,,2.644,2.859,3.3
11/25/2016,,,2.654,2.874,3.28
11/28/2016,,,2.666,2.883,3.251
11/29/2016,,,2.73,2.992,3.352
11/30/2016,,,2.734,2.953,3.323
12/1/2016,,,2.803,3.013,3.382
12/2/2016,,,2.817,3.021,3.393
12/5/2016,,,2.828,3.066,3.385
12/6/2016,,,2.912,3.108,3.405
12/7/2016,,,2.905,3.092,3.448
12/8/2016,,,2.865,3.092,3.479
12/9/2016,,,2.88,3.115,3.47
12/12/2016,2.408,,2.91,3.19,3.526
12/13/2016,2.444,,2.897,3.203,3.611
12/14/2016,,,3.008,3.235,3.711
12/15/2016,,,3.148,3.383,3.87
12/16/2016,,,3.105,3.293,3.815
12/19/2016,,,3.178,3.378,3.879
12/20/2016,,,3.218,3.42,3.911
12/21/2016,,,3.211,3.257,3.842
12/22/2016,,,3.212,3.23,3.799
12/23/2016,,,2.997,3.192,3.784
12/26/2016,,,2.958,3.182,3.75
12/27/2016,,,2.974,3.198,3.77
12/28/2016,,,2.949,3.139,3.712
12/29/2016,,,2.941,3.047,3.697
12/30/2016,,,2.893,3.06,3.588
1/3/2017,,,2.906,3.117,3.658
1/4/2017,,,2.939,3.182,3.667
1/5/2017,,,2.947,3.219,3.675
1/6/2017,,,2.954,3.213,3.685
1/9/2017,,,2.944,3.176,3.641
1/10/2017,,,2.923,3.189,3.642
1/11/2017,,,2.993,3.209,3.682
1/12/2017,,,2.97,3.192,3.658
1/13/2017,,2.753,2.943,3.199,3.655
1/16/2017,,,2.979,3.258,3.677
1/17/2017,,,3.029,3.265,3.701
1/18/2017,,,2.997,3.268,3.715
1/19/2017,,,3,3.275,3.711
1/20/2017,2.622,,3.008,3.27,3.698
1/23/2017,,,2.966,3.259,3.688
1/24/2017,,,3.011,3.274,3.711
1/25/2017,,,3.056,3.355,3.753
1/26/2017,,,3.059,3.365,3.943
2/3/2017,,,3.089,3.423,3.8
2/6/2017,,,3.119,3.497,3.89
2/7/2017,,,3.133,3.474,3.889
2/8/2017,,,3.126,3.45,3.885
2/9/2017,,,3.081,3.419,3.849
2/10/2017,,,3.067,3.437,3.886
2/13/2017,,,3.062,3.421,3.892
2/14/2017,2.626,,3.058,3.421,3.896
2/15/2017,2.622,,3.048,3.441,3.901
2/16/2017,2.622,,3.053,3.395,3.87
2/17/2017,2.618,,2.992,3.363,3.844
2/20/2017,,,3.021,3.322,3.822
2/21/2017,2.618,,3.048,3.373,3.849
2/22/2017,,,3.006,3.335,3.836
2/23/2017,,,3.011,3.324,3.84
2/24/2017,,,3.006,3.328,3.801
2/27/2017,,,3.002,3.325,3.793
2/28/2017,2.594,,3.016,3.321,3.814
3/1/2017,2.599,,3.033,3.377,3.829
3/2/2017,2.609,,3.039,3.384,
3/3/2017,2.601,,3.061,3.403,
3/6/2017,,,3.058,3.364,
3/7/2017,,,3.055,3.368,3.85
3/8/2017,,,3.068,3.411,3.85
3/9/2017,,,3.119,3.418,3.86
3/10/2017,2.7,,3.151,3.421,3.86
3/13/2017,,,3.137,3.379,
3/14/2017,,,3.138,3.371,3.844
3/15/2017,,,3.116,3.341,3.855
3/16/2017,,,3.106,3.332,3.847
3/17/2017,,,3.116,3.322,3.835
3/20/2017,,,3.141,3.332,3.85
3/21/2017,,,3.145,3.325,3.851
3/22/2017,,,3.159,3.311,3.849
3/23/2017,,,3.149,3.309,3.86
3/24/2017,,,3.123,3.244,3.806
3/27/2017,,,3.128,3.245,3.83
3/28/2017,,,3.092,3.274,3.809
3/29/2017,,,3.102,3.28,3.802
3/30/2017,,,3.095,3.296,3.807
3/31/2017,,,3.101,3.293,3.803
4/5/2017,,,3.14,3.328,
4/6/2017,,,3.139,3.31,3.81
4/7/2017,,,3.127,3.299,3.81
4/10/2017,,,3.124,3.322,3.785
4/11/2017,,,3.117,3.326,3.79
4/12/2017,,,3.173,3.34,3.789
4/13/2017,,,3.163,3.327,3.787
4/14/2017,,,3.168,3.371,3.787
4/17/2017,,,3.242,3.417,3.827
4/18/2017,,,3.277,3.413,3.852
4/19/2017,,,3.258,3.415,3.849
4/20/2017,,,3.277,3.435,3.857
4/21/2017,,,3.293,3.46,3.873
4/24/2017,,,3.392,3.509,
4/25/2017,,,3.371,3.463,
4/26/2017,,,3.346,3.465,
4/27/2017,,,3.327,3.454,
4/28/2017,2.932,,3.335,3.473,
5/2/2017,,,3.36,3.496,
5/3/2017,,,3.393,3.532,
5/4/2017,,,3.457,3.58,
5/5/2017,,,3.473,3.568,
5/8/2017,3.049,,3.605,3.615,
5/9/2017,3.051,,3.539,3.631,
5/10/2017,,,3.592,3.702,3.997
5/11/2017,,,3.67,3.679,3.978
5/12/2017,,,3.671,3.652,3.987
5/15/2017,,,3.65,3.62,
5/16/2017,,,3.668,3.628,
5/17/2017,3.109,,3.692,3.635,
5/18/2017,,,3.665,3.609,
5/19/2017,3.184,,3.687,3.631,
5/22/2017,,,3.739,3.678,
5/23/2017,,,3.715,3.677,
5/24/2017,,,3.672,3.669,
5/25/2017,3.274,,3.658,3.662,
5/26/2017,3.262,,3.671,3.666,
5/31/2017,,,3.596,3.637,
6/1/2017,,,3.57,3.63,4.03
6/2/2017,,,3.585,3.636,4.03
6/5/2017,,,3.56,3.625,
6/6/2017,,,3.588,3.648,
6/7/2017,,,3.611,3.648,
6/8/2017,,,3.634,3.639,4.043
6/9/2017,3.516,,3.619,3.607,4.042
6/12/2017,3.517,,3.577,3.595,
6/13/2017,3.518,,3.579,3.585,
6/14/2017,,,3.54,3.537,
6/15/2017,3.661,,3.548,3.565,
6/16/2017,3.626,,3.562,3.578,3.983
6/19/2017,,,3.483,3.502,3.95
6/20/2017,,,3.469,3.499,3.945
6/21/2017,,,3.502,3.544,3.975
6/22/2017,,,3.552,3.575,4.015
6/23/2017,,,3.516,3.55,3.99
6/26/2017,,,3.492,3.516,3.97
6/27/2017,,,3.476,3.513,3.974
6/28/2017,,,3.468,3.533,3.973
6/29/2017,,,3.47,3.552,3.973
6/30/2017,,,3.498,3.568,3.983
7/3/2017,,,3.534,3.601,4
7/4/2017,,,3.532,3.608,4
7/5/2017,,,3.517,3.589,4.003
7/6/2017,,,3.493,3.573,3.99
7/7/2017,,,3.505,3.601,3.994
7/10/2017,,,3.524,3.598,3.989
7/11/2017,,,3.506,3.586,3.993
7/12/2017,,,3.523,3.58,3.987
7/13/2017,,,3.514,3.569,3.977
7/14/2017,,,3.513,3.567,3.985
7/17/2017,,,3.516,3.569,3.981
7/18/2017,,,3.55,3.593,3.988
7/19/2017,,,3.552,3.597,4.066
7/20/2017,,,3.543,3.578,3.983
7/21/2017,3.239,,3.548,3.586,4.028
7/24/2017,,,3.541,3.586,4.014
7/25/2017,3.069,,3.556,3.594,4.03
7/26/2017,,,3.593,3.618,4.04
7/27/2017,,,3.581,3.605,4.09
7/28/2017,,,3.582,3.607,4.093
7/31/2017,,,3.605,3.626,
8/1/2017,,,3.631,3.641,
8/2/2017,,,3.607,3.637,4.198
8/3/2017,,,3.617,3.635,4.198
8/4/2017,3.006,,3.607,3.638,
8/7/2017,,,3.648,3.671,
8/8/2017,,,3.654,3.672,
8/9/2017,,,3.673,3.676,4.168
8/10/2017,,,3.655,3.664,4.163
8/11/2017,,,3.628,3.636,4.163
8/14/2017,,,3.569,3.619,
8/15/2017,,,3.586,3.612,
8/16/2017,,,3.59,3.622,4.123
8/17/2017,,,3.599,3.625,4.123
8/18/2017,2.849,,3.599,3.64,4.123
8/21/2017,,,3.603,3.65,4.213
8/22/2017,,,3.605,3.659,4.213
8/23/2017,,,3.6,3.667,4.212
8/24/2017,,,3.611,3.67,4.223
8/25/2017,,,3.627,3.681,4.231
8/28/2017,,,3.647,3.701,4.248
8/29/2017,,,3.634,3.668,4.245
8/30/2017,,,3.633,3.671,4.232
8/31/2017,,,3.622,3.659,4.23
9/1/2017,,,3.623,3.669,4.231
9/4/2017,3.073,,3.638,3.682,4.238
9/5/2017,3.047,,3.644,3.702,4.247
9/6/2017,,,3.636,3.689,4.24
9/7/2017,,,3.604,3.648,4.229
9/8/2017,,,3.589,3.636,4.239
9/11/2017,,,3.599,3.64,4.24
9/12/2017,,,3.593,3.618,4.243
9/13/2017,,,3.625,3.635,4.248
9/14/2017,,,3.599,3.602,4.241
9/15/2017,,,3.6,3.605,4.28
9/18/2017,3.039,,3.632,3.626,4.272
9/19/2017,,,3.618,3.62,4.278
9/20/2017,,,3.627,3.625,
9/21/2017,,,3.644,3.638,4.282
9/22/2017,,,3.62,3.623,4.254
9/25/2017,,,3.615,3.606,4.233
9/26/2017,,,3.616,3.621,4.233
9/27/2017,,,3.631,3.627,4.233
9/28/2017,,,3.605,3.617,4.235
9/29/2017,,,3.604,3.623,4.234
10/9/2017,,,3.645,3.654,4.248
10/10/2017,,,3.643,3.654,4.253
10/11/2017,,,3.645,3.658,4.252
10/12/2017,3.125,,3.676,3.682,4.273
10/13/2017,3.064,,3.678,3.681,4.278
10/16/2017,,,3.728,3.71,4.294
10/17/2017,,,3.796,3.746,4.312
10/18/2017,,,3.789,3.736,4.313
10/19/2017,,,3.744,3.72,4.303
10/20/2017,,,3.741,3.735,4.302
10/23/2017,,,3.745,3.732,4.308
10/24/2017,,,3.747,3.73,4.308
10/25/2017,,,3.81,3.791,4.321
10/26/2017,,,3.824,3.791,4.321
10/27/2017,,,3.879,3.839,4.318
10/30/2017,,,3.968,3.928,4.396
10/31/2017,,,3.936,3.894,4.376
11/1/2017,,,3.901,3.869,4.362
11/2/2017,3.507,,3.911,3.884,4.356
11/3/2017,,,3.945,3.891,4.352
11/6/2017,,,3.933,3.875,4.359
11/7/2017,3.479,,3.963,3.897,4.352
11/8/2017,,,3.947,3.899,4.348
11/9/2017,3.566,,3.937,3.909,4.352
11/10/2017,3.572,,3.965,3.926,4.354
11/13/2017,,,4.009,3.976,4.373
11/14/2017,,,4.01,3.993,4.389
11/15/2017,,,3.961,3.975,4.397
11/16/2017,,,3.947,3.944,4.37
11/17/2017,,,3.943,3.956,4.366
11/20/2017,,,3.959,3.967,4.371
11/21/2017,,,3.968,3.992,4.378
11/22/2017,,,4.015,4.035,4.397
11/23/2017,,,4.036,4.02,4.396
11/24/2017,,,3.981,3.973,4.402
11/27/2017,,,3.984,3.998,4.376
11/28/2017,,,3.991,3.999,4.387
11/29/2017,,,3.992,3.967,4.4
11/30/2017,,,3.927,3.917,4.394
12/1/2017,,,3.939,3.92,4.37
12/4/2017,,,3.908,3.925,
12/5/2017,3.942,,3.888,3.905,
12/6/2017,,,3.911,3.91,4.35
12/7/2017,,,3.817,3.905,4.345
12/8/2017,,,3.85,3.945,4.351
12/11/2017,,,3.909,3.945,4.389
12/12/2017,,,3.92,3.951,4.363
12/13/2017,,,3.902,3.944,4.354
12/14/2017,,,3.892,3.927,
12/15/2017,,,3.852,3.894,4.366
12/18/2017,3.98,,3.836,3.905,
12/19/2017,4.007,,3.836,3.905,
12/20/2017,,,3.847,3.912,4.368
12/21/2017,,,3.849,3.912,4.364
12/22/2017,,,3.843,3.889,4.364
12/25/2017,,,3.83,3.9,4.367
12/26/2017,,,3.845,3.895,4.37
12/27/2017,,,3.845,3.901,4.37
12/28/2017,,,3.848,3.888,
12/29/2017,,,,3.902,
1/2/2018,,,3.838,3.918,
1/3/2018,,,3.878,3.925,4.406
1/4/2018,,,3.885,3.94,4.39
1/5/2018,,,3.876,3.928,4.372
1/8/2018,,,3.824,3.921,4.368
1/9/2018,,,3.821,3.909,4.358
1/10/2018,,,3.849,3.945,4.37
1/11/2018,,,3.865,3.956,
1/12/2018,,,3.855,3.948,
1/15/2018,,,3.876,3.966,4.39
1/16/2018,,,3.87,3.965,4.367
1/17/2018,,,3.889,3.964,4.368
1/18/2018,,,3.922,3.979,4.368
1/19/2018,,,3.959,3.978,
1/22/2018,,,3.922,3.961,
1/23/2018,,,3.872,3.955,
1/24/2018,,,3.855,3.956,
1/25/2018,,,3.859,3.948,
1/26/2018,,,3.834,3.949,
1/29/2018,,,3.841,3.95,
1/30/2018,,3.578,3.849,3.936,
1/31/2018,,,3.834,3.922,
2/1/2018,,,3.84,3.915,
2/2/2018,3.309,,3.837,3.919,
2/5/2018,,,3.848,3.924,
2/6/2018,3.295,3.563,3.839,3.896,4.365
2/7/2018,,3.572,3.857,3.891,4.349
2/8/2018,,3.554,3.826,3.898,4.357
2/9/2018,,,,3.896,
2/12/2018,,,3.847,3.892,
2/13/2018,,3.548,3.827,3.892,4.318
2/14/2018,,3.548,3.828,3.891,4.312
2/22/2018,,,3.827,3.891,
2/23/2018,,3.484,3.794,3.897,
2/26/2018,,,3.765,3.871,
2/27/2018,,,3.747,3.855,
2/28/2018,,,3.731,3.845,
3/1/2018,,3.303,3.69,3.854,4.255
3/2/2018,,3.302,3.732,3.861,4.263
3/5/2018,,,,3.86,4.277
3/6/2018,,3.357,3.736,3.859,4.278
3/7/2018,,3.378,3.743,3.847,4.272
3/8/2018,,3.358,3.718,3.852,4.273
3/9/2018,3.202,3.364,3.718,3.851,
3/12/2018,,3.356,3.673,3.849,
3/13/2018,,3.356,3.698,3.862,
3/14/2018,,,3.704,3.859,
3/15/2018,,,3.692,3.853,4.267
3/16/2018,,,3.695,3.845,4.275
3/19/2018,,,3.694,3.835,4.275
3/20/2018,3.115,,3.685,3.823,4.275
3/21/2018,,,3.686,3.817,4.245
3/22/2018,,,3.668,3.783,4.196
3/23/2018,,,3.609,3.754,4.175
3/26/2018,,3.337,3.617,3.74,4.18
3/27/2018,,3.351,3.651,3.735,4.183
3/28/2018,,,3.647,3.752,4.176
3/29/2018,,,3.678,3.766,4.168
3/30/2018,,,3.672,3.751,
4/2/2018,,3.393,3.669,3.746,
4/3/2018,,3.396,3.659,3.753,
4/4/2018,,3.395,3.643,3.738,
4/9/2018,,,3.608,3.71,
4/10/2018,2.725,,3.594,3.727,4.143
4/11/2018,2.723,,3.587,3.73,4.14
4/12/2018,2.752,,3.567,3.717,
4/13/2018,2.659,3.335,3.481,3.719,
4/16/2018,2.675,3.313,3.424,3.68,
4/17/2018,2.72,3.312,3.381,3.661,
4/18/2018,,3.079,3.169,3.499,3.986
4/19/2018,,3.079,3.202,3.521,4.02
4/20/2018,,3.158,3.208,3.548,4.023
4/23/2018,,,3.211,3.602,4.07
4/24/2018,,,3.194,3.579,4.043
4/25/2018,,,3.195,3.62,
4/26/2018,,,3.193,3.642,4.084
4/27/2018,,3.199,3.153,3.648,
5/2/2018,2.905,,3.135,3.686,4.106
5/3/2018,2.779,,3.119,3.653,4.133
5/4/2018,,,3.108,3.638,
5/7/2018,,,3.052,3.664,
5/8/2018,2.692,,3.052,3.7,
5/9/2018,,,3.066,3.71,
5/10/2018,,3.213,3.03,3.701,
5/11/2018,,3.155,3.031,3.696,
5/14/2018,,3.108,3.417,3.71,
5/15/2018,,3.124,3.43,3.717,
5/16/2018,,3.148,3.451,3.717,
5/17/2018,,3.21,3.461,3.72,
5/18/2018,,3.173,3.478,3.718,
5/21/2018,2.818,,3.469,3.7,
5/22/2018,2.815,3.146,3.422,3.681,
5/23/2018,,3.128,3.416,3.666,
5/24/2018,,3.145,3.42,3.667,
5/25/2018,,3.15,3.409,3.636,
5/28/2018,2.928,,3.425,3.635,
5/29/2018,3.074,,3.437,3.63,
5/30/2018,3.037,,3.423,3.615,
5/31/2018,3.031,,3.436,3.638,4.095
6/1/2018,,,3.451,3.645,4.095
6/4/2018,,3.22,3.482,3.663,
6/5/2018,,3.22,3.483,3.679,
6/6/2018,,3.22,3.503,3.68,
6/7/2018,,,3.512,3.688,
6/8/2018,2.985,,3.474,3.657,
6/11/2018,,,3.487,3.661,
6/12/2018,,,3.531,3.693,
6/13/2018,,3.345,3.516,3.682,
6/14/2018,,3.328,3.483,3.65,
6/15/2018,3.01,3.318,3.459,3.623,4.08
6/19/2018,,3.32,3.444,3.586,
6/20/2018,,3.325,3.465,3.617,
6/21/2018,,3.325,3.457,3.604,4.097
6/22/2018,,3.358,3.448,3.586,4.087
6/25/2018,,3.35,3.443,3.592,
6/26/2018,,3.36,3.446,3.587,
6/27/2018,,3.361,3.425,3.576,4.08
6/28/2018,,3.304,3.404,3.537,4.043
6/29/2018,,3.273,3.371,3.479,4.05
7/2/2018,2.859,,3.349,3.468,
7/3/2018,2.699,3.241,3.323,3.497,3.972
7/4/2018,,3.241,3.333,3.52,3.98
7/5/2018,,3.176,3.308,3.51,3.96
7/6/2018,,3.149,3.319,3.532,3.989
7/9/2018,,,3.352,3.552,
7/10/2018,,3.166,3.378,3.549,4.043
7/11/2018,,3.165,3.334,3.515,4.007
7/12/2018,,3.161,3.323,3.522,4.008
7/13/2018,,3.147,3.303,3.499,3.987
7/16/2018,,3.149,3.266,3.494,
7/17/2018,,3.139,3.275,3.485,3.987
7/18/2018,,,3.273,3.477,3.99
7/19/2018,,,3.278,3.443,3.957
7/20/2018,2.493,,3.254,3.516,3.996
7/23/2018,,3.137,3.272,3.521,
7/24/2018,,3.144,3.325,3.567,4.01
7/25/2018,,,3.286,3.573,4.023
7/26/2018,,,3.315,3.548,4.026
7/27/2018,,3.073,3.256,3.524,4.027
7/30/2018,,,3.233,3.524,4.007
7/31/2018,,3.047,3.185,3.487,4
8/1/2018,,3.029,3.174,3.469,4.003
8/2/2018,,3.029,3.161,3.478,3.993
8/3/2018,,2.978,3.154,3.464,3.977
8/6/2018,,,3.153,3.47,
8/7/2018,,,3.18,3.5,3.977
8/8/2018,,2.87,3.18,3.527,3.977
8/9/2018,,,,3.551,
8/10/2018,,,3.31,3.557,
8/13/2018,,,3.349,3.597,
8/14/2018,,,3.321,3.563,
8/15/2018,,,3.353,3.592,
8/16/2018,,,3.346,3.61,
8/17/2018,2.194,,3.414,3.652,
8/20/2018,2.228,,3.435,3.648,
8/21/2018,2.227,,3.503,3.655,4.237
8/22/2018,,,3.453,3.639,4.208
8/23/2018,,,3.434,3.616,4.184
8/24/2018,,,3.403,3.634,4.196
8/27/2018,,,3.424,3.64,4.205
8/28/2018,,,3.421,3.639,4.199
8/29/2018,,,3.403,3.626,4.199
8/30/2018,,,3.378,3.609,4.187
8/31/2018,2.137,3.113,3.356,3.595,4.177
9/3/2018,,,3.375,3.605,4.198
9/4/2018,,3.128,3.398,3.614,4.204
9/5/2018,,3.134,3.41,3.627,4.207
9/6/2018,,3.134,3.414,3.633,4.207
9/7/2018,,,3.453,3.645,4.227
9/10/2018,,,3.472,3.658,4.25
9/11/2018,,,3.499,3.675,4.269
9/12/2018,,3.236,3.521,3.679,4.259
9/13/2018,,3.196,3.516,3.68,4.252
9/14/2018,,3.216,3.49,3.677,4.228
9/17/2018,,3.219,3.477,3.662,4.223
9/18/2018,,3.21,3.5,3.665,4.222
9/19/2018,,3.209,3.494,3.681,4.229
9/20/2018,,3.219,3.513,3.698,4.231
9/21/2018,,3.206,3.488,3.699,4.224
9/25/2018,,,3.516,3.688,4.212
9/26/2018,,3.205,3.481,3.658,4.2
9/27/2018,,3.198,3.468,3.636,4.192
9/28/2018,,3.188,3.444,3.625,4.181
10/8/2018,,3.149,3.427,3.619,4.19
10/9/2018,,3.173,3.431,3.628,4.19
10/10/2018,,3.17,3.447,3.622,4.184
10/11/2018,1.946,3.151,3.406,3.59,4.164
10/12/2018,,3.152,3.383,3.585,4.157
10/15/2018,,3.11,3.386,3.599,4.17
10/16/2018,,3.105,3.399,3.586,4.168
10/17/2018,,3.14,3.39,3.588,4.168
10/18/2018,,3.137,3.379,3.564,4.162
10/19/2018,,,3.378,3.576,4.144
10/22/2018,,,3.39,3.603,4.131
10/23/2018,,,3.402,3.585,4.142
10/24/2018,,3.122,3.388,3.565,4.132
10/25/2018,,3.103,3.389,3.545,4.098
10/26/2018,,3.112,3.367,3.551,4.082
10/29/2018,2.595,3.077,3.349,3.529,4.07
10/30/2018,2.6,3.06,3.338,3.538,4.066
10/31/2018,,3.077,3.348,3.536,4.062
11/1/2018,,3.076,3.381,3.522,4.054
11/2/2018,2.27,3.065,3.36,3.554,4.061
11/5/2018,,3.057,3.372,3.538,4.083
11/6/2018,,3.042,3.366,3.526,4.079
11/7/2018,,3.032,3.355,3.507,4.07
11/8/2018,,2.953,3.314,3.499,4.053
11/9/2018,2.516,2.958,3.306,3.49,4.047
11/12/2018,,2.933,3.313,3.489,
11/13/2018,,2.916,3.297,3.483,4.034
11/14/2018,,2.865,3.188,3.432,4.005
11/15/2018,,2.865,3.197,3.412,3.978
11/16/2018,,,3.187,3.362,3.904
11/19/2018,,,,3.393,3.868
11/20/2018,,2.798,,3.392,3.898
11/21/2018,,2.797,,3.387,3.907
11/22/2018,,2.792,3.189,3.396,3.917
11/23/2018,,2.791,3.189,3.417,3.943
11/26/2018,,2.783,3.166,3.413,3.938
11/27/2018,,2.767,3.194,3.411,3.942
11/28/2018,,2.766,3.201,3.4,3.937
11/29/2018,,,3.141,3.384,3.92
11/30/2018,2.461,,3.137,3.38,3.888
12/3/2018,,,,3.381,3.912
12/4/2018,,,3.08,3.339,3.889
12/5/2018,,,3.063,3.319,3.828
12/6/2018,,,3.063,3.316,3.814
12/7/2018,,2.665,,3.313,3.801
12/10/2018,,,,3.274,3.761
12/11/2018,,2.689,3.02,3.303,3.777
12/12/2018,2.526,2.688,3.009,3.286,3.777
12/13/2018,2.551,2.709,3.043,3.353,
12/14/2018,2.559,2.724,3.061,3.375,
12/17/2018,,,3.067,3.383,
12/18/2018,,,3.085,3.382,3.851
12/19/2018,,,3.058,3.361,3.843
12/20/2018,2.72,,3.028,3.336,
12/21/2018,2.783,2.762,3.038,3.328,
12/24/2018,2.843,,,3.352,
12/25/2018,2.828,,,3.32,
12/26/2018,,,,3.31,
12/27/2018,,2.774,,3.31,
12/28/2018,,2.762,,,
1/2/2019,,,,3.178,
1/3/2019,2.498,,2.89,3.156,
1/4/2019,,,2.889,3.138,
1/7/2019,,,2.93,3.169,
1/8/2019,,,2.926,3.147,
1/9/2019,,2.6,2.875,,3.736
1/10/2019,,2.625,2.875,,3.736
1/11/2019,2.306,2.636,,3.12,3.729
1/14/2019,,2.632,,3.141,3.741
1/15/2019,2.369,2.62,,3.147,3.756
1/16/2019,2.369,2.599,2.916,3.083,3.756
1/17/2019,,2.598,2.915,3.081,
1/18/2019,2.309,,2.905,3.105,
1/21/2019,,,2.93,3.112,3.735
1/22/2019,2.388,2.62,2.916,3.121,3.738
1/23/2019,2.357,2.603,2.921,3.132,
1/24/2019,,2.6,2.918,3.132,
1/25/2019,,2.613,2.929,3.144,
1/28/2019,2.271,,2.947,3.154,
1/29/2019,2.258,,2.937,3.137,
1/30/2019,,,,3.135,3.75
1/31/2019,,,2.915,3.106,3.75
2/1/2019,,,,3.11,
2/12/2019,2.135,,,3.077,
2/13/2019,2.129,,,3.078,
2/14/2019,2.127,,,3.089,
2/15/2019,2.117,,,3.088,
2/18/2019,,,,3.114,3.74
2/19/2019,,,,3.128,3.753
2/20/2019,,,2.871,3.118,3.753
2/21/2019,,,2.894,3.137,3.735
2/22/2019,2.073,,2.91,3.145,3.721
2/25/2019,,,2.936,3.172,3.757
2/26/2019,,,2.936,3.19,3.77
2/27/2019,,,3.01,3.177,3.765
2/28/2019,,,3.009,3.178,3.765
3/1/2019,,,3.028,3.204,3.771
3/4/2019,1.95,,,3.205,
3/5/2019,1.958,,,3.229,
3/6/2019,,,3.052,3.198,3.765
3/7/2019,,,3.051,3.175,3.765
3/8/2019,,,,3.149,
3/11/2019,,,,3.148,
3/12/2019,,2.66,3.026,3.158,
3/13/2019,,2.66,3.023,3.147,
3/14/2019,,2.659,3.033,3.152,
3/15/2019,,,,3.15,
3/18/2019,,,,3.142,3.727
3/19/2019,,2.67,,3.142,3.742
3/20/2019,,2.667,,3.146,3.747
3/21/2019,,2.665,,3.126,3.737
3/22/2019,2.145,2.66,2.98,3.108,
3/25/2019,,,2.966,,
3/26/2019,,2.68,2.962,,
3/27/2019,,2.679,2.94,3.09,
3/28/2019,,,2.915,3.083,
3/29/2019,,2.63,2.907,3.069,
4/1/2019,2.076,,2.952,3.148,
4/2/2019,2.067,,2.968,3.174,
4/3/2019,,,2.98,3.251,
4/4/2019,,,3.085,3.262,
4/8/2019,,,3.112,3.256,
4/9/2019,2.151,,3.158,3.302,
4/10/2019,2.152,,3.172,3.319,
4/11/2019,2.149,,3.167,3.281,
4/12/2019,,,3.153,3.356,
4/15/2019,,2.945,3.23,3.372,
4/16/2019,,2.929,3.229,3.396,3.95
4/17/2019,,2.928,,3.391,3.965
4/18/2019,,2.912,,3.358,3.964
4/19/2019,2.185,2.9,,3.379,3.955
4/22/2019,,2.91,,3.412,
4/23/2019,,2.925,,3.407,4.007
4/24/2019,,2.92,3.215,3.431,3.997
4/25/2019,,2.897,3.22,3.419,3.98
4/26/2019,,2.908,,3.405,3.987
4/29/2019,,2.899,3.193,3.435,3.986
4/30/2019,,2.902,3.193,3.402,3.98
5/6/2019,,,,3.366,
5/7/2019,,,,3.358,
5/8/2019,,2.859,,3.346,
5/9/2019,,2.865,,3.308,
5/10/2019,,2.833,,3.312,3.922
5/13/2019,2.373,2.835,,3.276,
5/14/2019,2.366,2.836,,3.287,3.915
5/15/2019,2.353,2.878,,3.281,3.923
5/16/2019,2.279,2.871,,3.268,3.903
5/17/2019,2.252,2.866,,3.266,3.929
5/20/2019,,2.87,3.129,3.273,3.927
5/21/2019,,2.921,3.134,3.314,3.943
5/22/2019,,2.912,3.141,3.322,3.948
5/23/2019,,2.925,3.132,3.312,3.944
5/24/2019,2.307,2.867,3.122,3.309,3.94
5/27/2019,,2.85,3.144,3.354,3.965
5/28/2019,,2.886,3.149,3.323,3.965
5/29/2019,,2.873,3.099,3.295,3.943
5/30/2019,,2.803,3.077,3.295,3.945
5/31/2019,,2.806,3.079,,3.942
6/3/2019,,,3.056,3.262,3.908
6/4/2019,,,3.037,3.242,3.869
6/5/2019,,,3.042,3.242,3.861
6/6/2019,,,3.051,3.254,3.849
6/10/2019,2.407,,3.073,3.259,3.862
6/11/2019,2.407,,3.124,3.267,3.877
6/12/2019,,,3.109,3.291,3.889
6/13/2019,2.409,,3.094,3.275,3.88
6/14/2019,2.412,,3.077,3.269,3.834
6/17/2019,,2.86,3.063,3.239,3.849
6/18/2019,,2.84,3.049,3.252,3.844
6/19/2019,,2.843,3.057,3.255,3.87
6/20/2019,,2.832,3.04,3.255,3.852
6/21/2019,,2.8,3.032,,3.859
6/24/2019,,2.824,3.052,3.248,3.869
6/25/2019,2.252,2.819,3.042,3.239,3.864
6/26/2019,,2.806,3.054,3.253,3.884
6/27/2019,,2.808,3.061,3.262,3.883
6/28/2019,,2.809,3.056,3.236,3.867
7/1/2019,2.188,,3.053,3.229,3.866
7/2/2019,2.188,,3.019,3.171,3.83
7/3/2019,,2.77,2.987,3.161,3.788
7/4/2019,,2.752,2.987,3.16,3.796
7/5/2019,,2.764,3.007,3.178,3.795
7/8/2019,2.093,,3.017,3.186,3.817
7/9/2019,2.154,2.793,3.017,3.169,3.803
7/10/2019,,2.785,3.011,3.177,3.808
7/11/2019,,2.773,3.004,3.173,3.793
7/12/2019,,2.78,3.002,3.157,3.802
7/15/2019,2.084,,3.02,3.186,3.802
7/16/2019,2.085,,3.014,3.178,3.82
7/17/2019,,,3.016,3.178,3.836
7/18/2019,,,2.987,3.163,3.825
7/19/2019,,,2.992,3.161,3.835
7/22/2019,2.195,,2.984,3.151,3.829
7/23/2019,2.193,,2.981,3.156,3.82
7/24/2019,,,2.994,3.17,3.836
7/25/2019,,,2.99,3.168,3.837
7/26/2019,,,2.988,3.173,3.84
7/29/2019,,,3.008,3.183,3.854
7/30/2019,2.274,,3.001,3.181,3.857
7/31/2019,,,2.978,3.16,3.834
8/1/2019,,,2.966,3.151,3.823
8/2/2019,,,2.928,3.103,3.779
8/5/2019,2.343,,2.892,3.068,3.752
8/6/2019,2.345,,2.924,3.074,3.742
8/7/2019,,,2.906,3.05,3.74
8/8/2019,,,2.909,3.05,3.72
8/9/2019,2.369,,2.889,3.027,3.709
8/12/2019,,2.7,2.893,3.027,3.695
8/13/2019,,2.694,2.881,3.011,3.682
8/14/2019,,2.694,2.888,3.015,3.65
8/15/2019,,,2.891,3.014,3.641
8/16/2019,2.398,,2.911,3.024,3.649
8/19/2019,,,2.903,3.021,3.636
8/20/2019,2.396,2.696,2.905,3.032,3.652
8/21/2019,,2.695,2.93,3.058,3.662
8/22/2019,,2.694,2.937,3.058,3.658
8/23/2019,,2.693,2.94,3.072,3.67
8/26/2019,,2.698,2.923,3.053,3.657
8/27/2019,,2.707,2.922,3.054,3.667
8/28/2019,,2.714,2.93,3.056,3.668
8/29/2019,,2.709,2.906,3.035,3.664
8/30/2019,2.494,2.708,2.93,3.061,3.682
9/2/2019,2.495,2.715,2.94,3.081,3.702
9/3/2019,2.47,2.705,2.947,3.069,3.698
9/4/2019,,,2.94,3.047,3.668
9/5/2019,,,2.904,3.018,3.626
9/6/2019,,,2.868,3.01,3.615
9/9/2019,,2.69,2.898,3.027,3.63
9/10/2019,,2.71,2.917,3.045,3.635
9/11/2019,,2.716,2.918,3.057,3.64
9/12/2019,,2.69,2.934,3.089,3.67
9/16/2019,,2.688,2.94,3.092,3.674
9/17/2019,,2.692,2.938,3.105,3.685
9/18/2019,,2.686,2.96,3.127,3.709
9/19/2019,,2.698,2.945,3.105,3.713
9/20/2019,2.331,2.685,2.945,3.099,3.718
9/23/2019,,,2.934,3.104,3.709
9/24/2019,,2.695,2.941,3.12,3.722
9/25/2019,,2.678,2.944,3.119,3.73
9/26/2019,,2.685,2.95,3.135,3.751
9/27/2019,,2.68,2.957,3.146,3.765
9/30/2019,,,,3.141,3.763
10/8/2019,,2.676,2.94,3.11,3.748
10/9/2019,,2.669,2.948,3.122,3.739
10/10/2019,,2.656,2.958,3.13,3.746
10/11/2019,,2.672,2.977,3.156,3.776
10/14/2019,,,2.992,3.164,3.795
10/15/2019,,2.678,2.985,3.166,3.796
10/16/2019,,2.694,2.988,3.166,3.796
10/17/2019,,2.69,2.983,3.164,3.795
10/18/2019,,2.691,3,3.186,3.815
10/21/2019,,2.706,3.02,3.217,3.849
10/22/2019,,2.72,3.027,3.222,3.851
10/23/2019,,2.698,3.011,3.21,3.84
10/24/2019,,2.701,3.001,3.218,3.844
10/25/2019,,2.703,3.009,3.24,3.859
10/28/2019,,2.739,3.046,3.295,3.915
10/29/2019,2.501,2.722,3.07,3.311,3.914
10/30/2019,,2.727,3.1,3.318,3.917
10/31/2019,,2.74,3.073,3.282,3.902
11/1/2019,,2.752,3.061,3.272,3.886
11/4/2019,,,3.072,3.297,3.898
11/5/2019,,2.756,3.052,3.249,3.874
11/6/2019,,,3.043,3.257,3.865
11/7/2019,,,3.047,3.273,3.883
11/8/2019,,2.726,3.068,3.269,3.888
11/11/2019,,,,3.217,3.878
11/12/2019,,2.735,,3.253,3.879
11/13/2019,,2.745,3.022,3.231,3.866
11/14/2019,,2.748,3.029,3.251,3.876
11/15/2019,,2.749,3.04,3.242,3.862
11/18/2019,,,3.023,3.188,3.822
11/19/2019,,2.726,3.001,3.176,3.794
11/20/2019,,2.72,2.978,3.176,3.789
11/21/2019,,2.705,2.968,3.171,3.776
11/22/2019,,2.684,2.974,3.172,3.758
11/25/2019,,2.702,2.996,3.197,3.799
11/26/2019,,2.702,2.994,3.184,3.797
11/27/2019,,2.688,2.99,3.185,3.794
11/28/2019,,2.687,2.98,3.181,3.792
11/29/2019,2.436,2.677,2.974,3.175,3.77
12/2/2019,2.432,2.695,3.011,3.212,3.785
12/3/2019,2.437,2.681,2.986,3.199,3.79
12/4/2019,,2.681,2.974,3.197,3.798
12/5/2019,,2.686,2.977,3.19,3.784
12/6/2019,,2.69,3,3.205,3.796
12/9/2019,2.46,,3.019,3.202,3.799
12/10/2019,2.438,,3.009,3.201,3.787
12/11/2019,,2.692,2.997,3.19,3.79
12/12/2019,,2.69,2.986,3.19,3.777
12/13/2019,,2.69,2.998,3.2,3.795
12/16/2019,,,2.983,3.2,3.791
12/17/2019,2.41,2.704,3.01,3.225,3.83
12/18/2019,,2.7,3.021,3.239,3.826
12/19/2019,,2.677,2.985,3.233,3.818
12/20/2019,,2.63,2.966,3.201,3.785
12/23/2019,,,2.929,3.167,3.753
12/24/2019,,,2.929,3.166,3.743
12/25/2019,,,2.911,3.146,3.733
12/26/2019,,,2.884,3.118,3.704
12/27/2019,,,2.872,3.134,3.713
12/30/2019,,,2.872,3.145,3.72
12/31/2019,,,2.91,3.144,3.712
1/2/2020,,,2.917,,3.734
1/3/2020,,,2.917,3.146,3.728
1/6/2020,,,2.892,3.134,3.714
1/7/2020,,,2.9,3.142,3.715
1/8/2020,,2.501,2.878,3.138,3.707
1/9/2020,,,2.878,3.122,3.696
1/10/2020,,,2.878,3.08,3.658
1/13/2020,,,,3.094,3.664
1/14/2020,,,2.87,3.104,3.678
1/15/2020,,,2.864,3.091,3.674
1/16/2020,,,2.864,3.095,3.674
1/17/2020,,,2.852,3.088,3.666
1/20/2020,,,2.81,3.057,3.633
1/21/2020,,,2.797,3.044,3.601
1/22/2020,,,2.799,3.028,3.606
1/23/2020,,,2.792,3.003,3.606
2/3/2020,,,2.622,,
2/4/2020,,,2.621,2.866,3.452
2/5/2020,,,2.631,2.869,3.456
2/6/2020,,,2.631,2.837,3.438
2/7/2020,,,,2.806,3.4
2/10/2020,,,2.54,2.792,3.391
2/11/2020,,,2.583,2.833,3.432
2/12/2020,,2.273,2.586,2.836,3.441
2/13/2020,,2.262,2.58,2.827,3.428
2/14/2020,,,2.595,2.866,3.462
2/17/2020,,,2.627,2.893,3.501
2/18/2020,1.75,,2.616,2.881,3.479
2/19/2020,,,2.618,2.885,3.494
2/20/2020,,,2.636,2.884,3.51
2/21/2020,1.79,,2.631,2.859,3.472
2/24/2020,,,,2.814,3.428
2/25/2020,,,2.597,2.82,3.438
2/26/2020,,,2.591,2.8,3.422
2/27/2020,,2.24,2.556,2.783,3.404
2/28/2020,1.791,2.233,2.522,2.733,3.368
3/2/2020,,,2.5,2.745,3.38
3/3/2020,,,2.523,2.763,3.399
3/4/2020,,,2.463,2.686,3.341
3/5/2020,,,2.452,2.685,3.347
3/6/2020,,2.196,2.43,2.626,3.296
3/9/2020,,,2.333,2.533,3.143
3/10/2020,,,2.422,2.615,3.238
3/11/2020,,,2.425,2.64,3.222
3/12/2020,,,2.433,2.629,3.221
3/13/2020,,,2.481,2.686,3.296
3/16/2020,,2.215,2.483,2.674,3.286
3/17/2020,,2.212,2.499,2.72,3.344
3/18/2020,,2.219,2.501,2.721,3.365
3/19/2020,,2.202,2.484,2.736,3.394
3/20/2020,,2.159,2.463,2.686,3.35
3/23/2020,,,2.412,2.627,3.298
3/24/2020,,2.043,2.389,2.634,3.3
3/25/2020,,2.021,2.37,2.628,3.31
3/26/2020,,1.963,2.326,2.592,3.267
3/27/2020,,1.979,2.332,2.602,3.276
3/30/2020,,1.937,2.315,2.619,3.288
3/31/2020,,1.91,2.278,2.586,3.26
4/1/2020,,1.897,2.244,2.554,3.237
4/2/2020,,1.916,2.29,2.6,3.286
4/3/2020,1.259,1.942,2.251,2.555,3.25
4/7/2020,,1.744,2.096,2.507,3.224
4/8/2020,,1.605,1.978,2.477,3.196
4/9/2020,,1.593,1.991,2.525,3.241
4/10/2020,,1.631,2.058,2.542,3.288
4/13/2020,,1.647,2.047,2.558,3.297
4/14/2020,,1.598,2.016,2.551,3.296
4/15/2020,,1.543,1.989,2.532,3.291
4/16/2020,,1.527,1.987,2.511,3.279
4/17/2020,0.957,1.548,2.003,2.551,3.327
4/20/2020,,1.526,2.004,2.584,3.38
4/21/2020,,1.427,1.942,2.571,3.365
4/22/2020,,1.335,1.868,2.546,3.339
4/23/2020,,1.338,1.839,2.508,3.307
4/24/2020,,1.357,1.833,2.489,3.29
4/27/2020,,1.371,1.838,2.51,3.312
4/28/2020,,1.362,1.803,2.504,3.312
4/29/2020,,1.336,1.725,2.484,3.3
4/30/2020,,1.33,1.759,2.516,3.329
5/6/2020,,1.367,1.797,2.567,
5/7/2020,,1.405,1.883,2.617,
5/8/2020,,1.403,1.9,2.611,
5/11/2020,,,1.974,2.646,3.458
5/12/2020,,1.494,1.977,2.645,3.458
5/13/2020,,1.52,1.99,2.683,
5/14/2020,,1.505,1.971,2.686,
5/15/2020,,1.493,1.923,2.659,
5/18/2020,,1.554,2.031,2.72,
5/19/2020,,1.589,2.091,2.741,3.538
5/20/2020,,1.626,2.108,2.673,3.512
5/21/2020,,1.624,2.123,2.662,3.518
5/22/2020,,1.582,2.053,2.583,3.448
5/25/2020,,1.641,2.114,2.659,3.5
5/26/2020,,1.728,2.197,2.702,3.528
5/27/2020,,1.82,2.286,2.724,3.518
5/28/2020,,1.812,2.252,2.692,3.506
5/29/2020,,1.824,2.209,2.693,3.497
6/1/2020,,1.813,2.236,2.736,3.516
6/2/2020,,1.845,2.332,2.813,3.549
6/3/2020,,2.168,2.405,2.793,3.593
6/4/2020,,2.193,2.472,2.835,3.592
6/5/2020,,2.226,2.53,2.858,3.592
6/8/2020,,2.199,2.49,2.821,3.587
6/9/2020,,2.186,2.461,2.82,3.587
6/10/2020,,2.233,2.504,2.825,3.59
6/11/2020,,2.206,2.459,2.771,3.57
6/12/2020,,2.192,2.455,2.76,
6/15/2020,,2.206,2.496,2.81,3.488
6/16/2020,,2.241,2.581,2.857,3.488
6/17/2020,,2.296,2.646,2.883,3.6
6/18/2020,,2.291,2.604,2.86,3.59
6/19/2020,,2.289,2.622,2.881,3.623
6/22/2020,,2.318,2.67,2.92,3.623
6/23/2020,,2.358,2.662,2.914,3.646
6/24/2020,,2.305,2.576,2.872,3.588
6/29/2020,,2.238,2.577,2.857,3.587
6/30/2020,,2.235,2.546,2.851,3.609
7/1/2020,,2.234,2.576,2.849,3.589
7/2/2020,,2.222,2.561,2.864,3.583
7/3/2020,,2.245,2.587,2.902,3.62
7/6/2020,,2.363,2.765,3.032,3.697
7/7/2020,,2.383,2.794,3.034,3.714
7/8/2020,,2.371,2.85,3.065,3.752
7/9/2020,,2.438,2.894,3.096,3.801
7/10/2020,,2.428,2.829,3.032,3.747
7/13/2020,,2.474,2.881,3.059,3.768
7/14/2020,,2.438,2.817,3.003,3.749
7/15/2020,,2.428,2.818,2.957,3.732
7/16/2020,,2.405,,2.968,3.696
7/17/2020,,2.38,2.691,2.966,3.705
7/20/2020,,,2.67,2.943,3.732
7/21/2020,,2.353,2.65,2.918,3.681
7/22/2020,,2.343,2.645,2.895,3.652
7/23/2020,,2.343,2.629,2.915,3.671
7/24/2020,,2.343,2.582,2.868,3.6
7/27/2020,,,2.603,2.896,3.601
7/28/2020,,2.373,2.644,2.94,3.644
7/29/2020,,2.378,2.655,2.967,3.668
7/30/2020,,2.378,2.646,2.935,3.66
7/31/2020,,2.408,2.69,2.976,3.699
8/3/2020,,,2.682,2.949,3.7
8/4/2020,,2.461,2.687,2.947,3.695
8/5/2020,,2.487,2.769,2.978,3.719
8/6/2020,,2.488,2.797,2.985,3.75
8/7/2020,2.064,2.49,2.826,2.987,3.771
8/10/2020,2.053,,2.798,2.961,3.728
8/11/2020,2.064,2.52,2.809,2.979,3.745
8/12/2020,,,2.84,2.977,3.738
8/13/2020,,,2.816,2.959,3.718
8/14/2020,,,2.805,2.944,3.703
8/17/2020,,,2.793,2.953,3.699
8/18/2020,2.135,,2.819,2.98,3.719
8/19/2020,,,2.859,2.998,3.74
8/20/2020,,,2.879,2.999,3.744
8/21/2020,,,2.874,2.99,3.718
8/24/2020,,,2.886,3,3.729
8/25/2020,2.183,,2.933,3.052,3.75
8/26/2020,,,2.949,3.051,3.75
8/27/2020,,,2.978,3.063,3.764
8/28/2020,2.227,,2.976,3.075,3.772
8/31/2020,2.233,,2.947,3.024,3.731
9/1/2020,2.238,,2.969,3.065,3.767
9/2/2020,,,3.03,3.108,3.79
9/3/2020,,,3.079,3.12,3.796
9/4/2020,,,3.076,3.128,3.808
9/7/2020,,,3.098,3.149,3.837
9/8/2020,,,3.07,3.129,3.822
9/9/2020,,,3.025,3.089,3.798
9/10/2020,,,2.98,3.1,3.816
9/11/2020,2.34,,3.039,3.148,3.83
9/14/2020,,2.813,3.025,3.153,3.837
9/15/2020,2.288,2.773,2.973,3.112,3.817
9/16/2020,,2.738,2.954,3.13,3.827
9/17/2020,,2.752,2.974,3.14,3.843
9/18/2020,,2.724,2.954,3.123,3.865
9/21/2020,2.317,2.698,2.92,3.099,3.841
9/22/2020,2.29,2.707,2.897,3.091,3.831
9/23/2020,,2.714,2.911,3.093,3.842
9/24/2020,,2.723,2.923,3.091,3.83
9/25/2020,,2.748,2.967,3.133,3.852
9/28/2020,,2.762,2.965,3.117,3.849
9/29/2020,,2.773,2.986,3.137,3.862
9/30/2020,,2.814,3.033,3.148,3.873
10/9/2020,,2.863,3.077,3.19,
10/12/2020,,2.853,3.055,3.18,3.894
10/13/2020,2.272,2.844,3.074,3.193,3.895
10/14/2020,,2.882,3.106,3.22,3.907
10/15/2020,,2.894,3.129,3.228,3.915
10/16/2020,,2.925,3.117,3.217,3.923
10/19/2020,,2.891,3.098,3.201,3.91
10/20/2020,,2.888,3.09,3.198,3.911
10/21/2020,,2.851,3.055,3.183,3.926
10/22/2020,,2.817,3.025,3.17,3.917
10/23/2020,2.636,2.842,3.035,3.196,3.9
10/26/2020,2.645,2.855,3.047,3.19,3.903
10/27/2020,2.663,2.834,3.008,3.17,3.882
10/28/2020,,2.844,3.035,3.183,3.877
10/29/2020,,2.844,3.028,3.185,3.873
10/30/2020,,2.849,3.037,3.185,3.869
11/2/2020,,2.847,3.022,3.186,3.852
11/3/2020,,2.84,3.021,3.183,3.849
11/4/2020,,2.852,3.016,3.175,3.841
11/5/2020,,2.88,3.05,3.191,3.864
11/6/2020,2.64,2.899,3.071,3.201,3.874
11/9/2020,2.639,2.928,3.108,3.24,3.898
11/10/2020,2.662,2.905,3.087,3.226,3.892
11/11/2020,2.676,2.927,3.094,3.251,3.906
11/12/2020,2.676,2.95,3.117,3.263,3.905
11/13/2020,,2.986,3.144,3.274,3.918
11/16/2020,2.678,2.967,3.114,3.271,3.908
11/17/2020,2.703,2.99,3.132,3.283,3.913
11/18/2020,,3.048,3.179,3.334,3.933
11/19/2020,,3.092,3.234,3.36,3.945
11/20/2020,,3.119,3.202,3.335,3.936
11/23/2020,3.024,3.071,3.149,3.289,3.901
11/24/2020,3.004,3.092,3.178,3.318,3.908
11/25/2020,,3.074,3.146,3.296,3.892
11/26/2020,,3.057,3.145,3.304,3.903
11/27/2020,2.929,3.044,3.147,3.318,3.911
11/30/2020,,2.953,3.075,3.273,3.868
12/1/2020,2.825,2.97,3.096,3.299,3.886
12/2/2020,,3,3.117,3.318,3.899
12/3/2020,,3.011,3.136,3.304,3.885
12/4/2020,2.858,2.993,3.123,3.304,3.869
12/7/2020,2.835,2.997,3.128,3.295,3.858
12/8/2020,2.811,2.977,3.125,3.28,3.834
12/9/2020,,2.98,3.116,3.303,3.832
12/10/2020,,2.929,3.097,3.286,3.828
12/11/2020,,2.965,3.143,3.311,3.851
12/14/2020,2.78,2.955,3.121,3.307,3.841
12/15/2020,2.71,2.921,3.089,3.296,3.836
12/16/2020,,2.912,3.092,3.3,3.842
12/17/2020,,2.908,3.096,3.294,3.841
12/18/2020,,2.921,3.105,3.302,3.832
12/21/2020,,2.89,3.062,3.264,3.814
12/22/2020,,2.853,3.04,3.235,3.796
12/23/2020,,2.826,3.015,3.217,3.786
12/24/2020,2.487,2.845,3.038,3.229,3.801
12/25/2020,2.471,2.821,3.001,3.193,3.786
12/28/2020,,2.744,2.98,3.167,3.764
12/29/2020,2.379,2.737,2.984,3.162,3.748
12/30/2020,,2.717,2.935,3.135,3.734
12/31/2020,,2.71,2.94,3.146,3.734
1/4/2021,,2.747,2.994,3.177,3.761
1/5/2021,2.168,2.717,2.946,3.137,3.736
1/6/2021,2.183,2.678,2.926,3.131,3.729
1/7/2021,2.009,2.627,2.911,3.129,3.726
1/8/2021,1.945,2.612,2.928,3.149,3.741
1/11/2021,,2.616,2.948,3.166,3.754
1/12/2021,1.876,2.597,2.935,3.149,3.745
1/13/2021,,2.537,2.887,3.136,3.727
1/14/2021,,2.625,2.888,3.113,3.718
1/15/2021,1.944,2.657,2.948,3.148,3.74
1/18/2021,,2.705,2.992,3.176,3.753
1/19/2021,,2.702,2.963,3.161,3.746
1/20/2021,,2.689,2.943,3.159,3.744
1/21/2021,2.074,2.645,2.92,3.144,3.725
1/22/2021,2.045,2.64,2.914,3.126,3.718
1/25/2021,,2.661,2.937,3.143,3.719
1/26/2021,,2.723,2.983,3.168,3.738
1/27/2021,,2.742,2.982,3.164,3.738
1/28/2021,,2.787,3.026,3.197,3.743
1/29/2021,,2.82,3.003,3.185,3.739
2/1/2021,,2.775,2.984,3.175,3.739
2/2/2021,2.5,2.739,2.997,3.183,3.74
2/3/2021,,2.802,3.035,3.212,3.756
2/4/2021,,2.829,3.073,3.238,3.776
2/5/2021,,2.816,3.05,3.221,3.774
2/8/2021,,2.819,3.071,3.24,3.777
2/9/2021,,2.803,3.053,3.235,3.77
2/10/2021,,2.808,3.113,3.243,3.775
2/18/2021,,2.84,3.093,3.284,
2/19/2021,,2.788,3.066,3.266,3.784
2/22/2021,,2.77,3.07,3.273,3.797
2/23/2021,,2.754,3.052,3.265,3.802
2/24/2021,,2.739,3.044,3.272,3.808
2/25/2021,,2.748,3.057,3.27,3.811
2/26/2021,,2.762,3.063,3.279,3.812
3/1/2021,,2.759,3.048,3.256,3.796
3/2/2021,,2.769,3.058,3.254,3.776
3/3/2021,,2.795,3.069,3.254,3.782
3/4/2021,,2.818,3.078,3.265,3.782
3/5/2021,,2.801,3.063,3.249,3.77
3/8/2021,,2.817,3.064,3.244,3.768
3/9/2021,,2.831,3.079,3.247,3.764
3/10/2021,,2.835,3.065,3.245,3.756
3/11/2021,,2.873,3.067,3.249,3.757
3/12/2021,,2.843,3.081,3.259,3.765
3/15/2021,,2.845,3.089,3.272,3.77
3/16/2021,,2.835,3.084,3.262,3.763
3/17/2021,,2.808,3.083,3.256,3.752
3/18/2021,,2.813,3.079,3.256,3.747
3/19/2021,,2.801,3.059,3.237,3.736
3/22/2021,,2.792,3.057,3.23,3.728
3/23/2021,,2.779,3.051,3.205,3.717
3/24/2021,,2.756,3.028,3.193,3.716
3/25/2021,,2.743,3.023,3.187,3.709
3/26/2021,,2.753,3.033,3.198,3.72
3/29/2021,,2.755,3.04,3.195,
3/30/2021,,2.75,3.037,3.211,3.724
3/31/2021,,2.737,3.015,3.188,3.715
4/1/2021,,2.732,3.021,3.194,3.72
4/2/2021,,2.725,3.029,3.199,3.72
4/6/2021,1.947,2.742,3.043,3.207,3.725
4/7/2021,1.929,2.766,3.06,3.226,3.73
4/8/2021,1.929,2.773,3.054,3.223,3.73
4/9/2021,,2.759,3.046,3.21,3.727
4/12/2021,,2.744,3.028,3.191,3.712
4/13/2021,,2.704,2.981,3.169,3.701
4/14/2021,,2.712,2.985,3.161,3.687
4/15/2021,,2.713,2.995,3.176,3.695
4/16/2021,,2.713,2.983,3.159,3.681
4/19/2021,,2.706,2.968,3.152,3.67
4/20/2021,2.06,2.685,2.967,3.159,3.659
4/21/2021,,2.663,2.95,3.151,3.656
4/22/2021,,2.663,2.966,3.158,3.662
4/23/2021,,2.679,2.976,3.175,3.676
4/26/2021,,2.683,2.996,3.198,3.704
4/27/2021,,2.688,3,3.199,3.704
4/28/2021,,2.663,2.986,3.192,3.695
4/29/2021,,2.645,2.973,3.184,3.697
4/30/2021,,2.641,2.966,3.156,3.687
5/6/2021,,2.638,2.947,3.143,3.67
5/7/2021,,2.619,2.937,3.152,3.674
5/10/2021,,2.605,2.914,3.141,3.666
5/11/2021,,2.579,2.914,3.133,3.655
5/12/2021,,2.593,2.921,3.137,3.653
5/13/2021,,2.6,2.935,3.135,3.651
5/14/2021,,2.608,2.938,3.136,3.653
5/17/2021,,2.618,2.946,3.142,3.66
5/18/2021,,2.623,2.942,3.134,3.655
5/19/2021,,2.599,2.917,3.117,3.617
5/20/2021,,2.585,2.889,3.092,3.597
5/21/2021,,2.585,2.891,3.071,3.588
5/24/2021,,2.569,2.89,3.08,3.587
5/25/2021,,2.575,2.895,3.076,3.578
5/26/2021,,2.57,2.884,3.066,3.572
5/27/2021,,2.573,2.904,3.077,3.579
5/28/2021,,2.591,2.916,3.088,3.584
5/31/2021,,2.595,2.903,3.074,3.568
6/1/2021,,2.593,2.9,3.087,3.564
6/2/2021,,2.596,2.927,3.096,3.588
6/3/2021,,2.579,2.927,3.089,3.579
6/4/2021,,2.61,2.963,3.13,3.607
6/7/2021,,2.633,2.982,3.141,3.629
6/8/2021,,2.638,2.989,3.14,3.636
6/9/2021,,2.651,2.979,3.14,3.634
6/10/2021,,2.637,2.976,3.13,3.633
6/11/2021,,2.646,2.99,3.15,3.664
6/15/2021,,2.74,2.994,3.146,3.665
6/16/2021,1.887,2.738,3.008,3.164,3.686
6/17/2021,1.885,2.745,3.018,3.171,3.725
6/18/2021,,2.741,2.981,3.152,3.7
6/21/2021,,2.733,2.946,3.112,3.664
6/22/2021,,2.707,2.944,3.098,3.669
6/23/2021,,2.683,2.931,3.092,3.657
6/24/2021,,2.672,2.926,3.093,3.654
6/25/2021,,2.662,2.925,3.098,3.652
6/28/2021,,2.68,2.951,3.102,3.668
6/29/2021,,2.673,2.944,3.1,3.663
6/30/2021,,2.658,2.935,3.093,3.658
7/1/2021,,2.644,2.943,3.092,3.669
7/2/2021,1.887,2.638,2.924,3.082,3.661
7/5/2021,,2.619,2.925,3.082,3.646
7/6/2021,,2.638,2.932,3.092,3.65
7/7/2021,1.801,2.632,2.916,3.058,3.622
7/8/2021,1.796,2.546,2.844,2.99,3.565
7/9/2021,,2.564,2.865,2.998,3.562
7/12/2021,1.973,2.515,2.79,2.952,3.533
7/13/2021,1.98,2.512,2.771,2.935,3.508
7/14/2021,,2.503,2.766,2.94,3.517
7/15/2021,,2.512,2.785,2.957,3.533
7/16/2021,1.85,2.507,2.781,2.948,3.527
7/19/2021,,2.496,2.764,2.948,3.528
7/20/2021,1.824,2.484,2.748,2.931,3.512
7/21/2021,1.816,2.473,2.741,2.922,3.499
7/22/2021,,2.466,2.749,2.929,3.505
7/23/2021,,2.435,2.719,2.912,3.493
7/26/2021,,2.402,2.676,2.879,3.455
7/27/2021,,2.44,2.731,2.921,3.49
7/28/2021,,2.47,2.75,2.927,3.499
7/29/2021,,2.453,2.712,2.896,3.478
7/30/2021,,2.428,2.676,2.855,3.44
8/2/2021,,2.403,2.646,2.829,3.407
8/3/2021,,2.398,2.66,2.832,3.408
8/4/2021,,2.436,2.658,2.83,3.399
8/5/2021,,2.417,2.648,2.826,3.391
8/6/2021,1.838,2.42,2.653,2.816,3.372
8/9/2021,,2.47,2.715,2.864,3.421
8/10/2021,1.889,2.499,2.723,2.875,3.431
8/11/2021,,2.501,2.729,2.887,3.427
8/12/2021,,2.487,2.714,2.869,3.414
8/13/2021,,2.493,2.731,2.892,3.434
8/16/2021,1.87,2.498,2.741,2.894,3.439
8/17/2021,1.866,2.481,2.718,2.882,3.429
8/18/2021,,2.468,2.688,2.852,3.401
8/19/2021,,2.444,2.676,2.838,3.398
8/20/2021,1.939,2.46,2.688,2.848,3.401
8/23/2021,1.953,2.472,2.707,2.868,3.407
8/24/2021,1.984,2.467,2.687,2.856,3.398
8/25/2021,,2.465,2.698,2.861,3.407
8/26/2021,,2.48,2.71,2.89,3.43
8/27/2021,2.093,2.478,2.695,2.873,3.416
8/30/2021,2.077,2.463,2.676,2.853,3.403
8/31/2021,2.079,2.462,2.662,2.848,3.404
9/1/2021,,2.443,2.63,2.821,3.385
9/2/2021,,2.452,2.646,2.834,3.389
9/3/2021,2.076,2.452,2.644,2.833,3.392
9/6/2021,,2.466,2.65,2.834,3.393
9/7/2021,2.031,2.484,2.68,2.86,3.408
9/8/2021,,2.487,2.683,2.869,3.416
9/9/2021,,2.49,2.692,2.873,3.419
9/10/2021,,2.49,2.699,2.871,3.415
9/13/2021,,2.511,2.745,2.89,3.428
9/14/2021,,2.518,2.743,2.887,3.428
9/15/2021,,2.519,2.76,2.898,3.434
9/16/2021,,2.521,2.746,2.889,3.425
9/17/2021,,2.503,2.734,2.879,3.421
9/22/2021,2.001,2.481,2.713,2.863,3.411
9/23/2021,2.002,2.476,2.703,2.86,3.411
9/24/2021,,2.478,2.717,2.869,3.415
9/27/2021,,2.483,2.72,2.877,3.418
9/28/2021,,2.492,2.722,2.878,3.419
9/29/2021,,2.495,2.698,2.865,3.407
9/30/2021,,2.482,2.707,2.877,3.417
10/8/2021,,2.491,2.734,2.904,3.438
10/11/2021,,2.519,2.777,2.969,3.482
10/12/2021,,2.522,2.787,2.965,3.496
10/13/2021,,2.518,2.795,2.958,3.496
10/14/2021,,2.523,2.8,2.957,3.499
10/15/2021,,2.524,2.83,2.989,3.538
10/18/2021,,2.575,2.885,3.038,3.588
10/19/2021,,2.576,2.867,3.007,3.55
10/20/2021,,2.559,2.85,3.005,3.54
10/21/2021,,2.535,2.828,2.973,3.527
10/22/2021,2.237,2.534,2.845,2.996,3.546
10/25/2021,2.21,2.524,2.833,2.986,3.544
10/26/2021,2.22,2.519,2.822,2.976,3.535
10/27/2021,,2.511,2.837,2.983,3.536
10/28/2021,,2.506,2.826,2.966,3.517
10/29/2021,2.243,2.494,2.829,2.97,3.507
11/1/2021,,2.483,2.813,2.942,3.478
11/2/2021,,2.482,2.784,2.93,3.47
11/3/2021,,2.476,2.784,2.936,3.468
11/4/2021,,2.477,2.777,2.92,3.452
11/5/2021,,2.445,2.721,2.889,3.423
11/8/2021,,2.437,2.729,2.9,3.433
11/9/2021,,2.466,2.734,2.897,3.434
11/10/2021,,2.456,2.741,2.906,3.442
11/11/2021,,2.467,2.761,2.932,3.463
11/12/2021,2.277,2.469,2.764,2.936,3.459
11/15/2021,2.254,2.519,2.736,2.925,3.445
11/16/2021,2.269,2.511,2.734,2.918,3.445
11/17/2021,,2.512,2.738,2.924,3.437
11/18/2021,2.286,2.507,2.734,2.913,3.421
11/19/2021,2.269,2.513,2.747,2.928,3.434
11/22/2021,,2.499,2.735,2.917,3.421
11/23/2021,2.265,2.503,2.721,2.915,3.421
11/24/2021,,2.501,2.704,2.907,3.399
11/25/2021,2.279,2.483,2.696,2.888,3.396
11/26/2021,2.272,2.469,2.662,2.858,3.37
11/29/2021,2.271,2.489,2.679,2.861,3.375
11/30/2021,2.3,2.485,2.67,2.862,3.373
12/1/2021,,2.489,2.698,2.876,3.378
12/2/2021,,2.495,2.728,2.895,3.39
12/3/2021,2.296,2.513,2.745,2.903,3.392
12/6/2021,2.274,2.489,2.696,2.863,3.356
12/7/2021,2.459,2.497,2.726,2.88,3.37
12/8/2021,,2.504,2.715,2.889,3.379
12/9/2021,2.319,2.507,2.708,2.884,3.372
12/10/2021,2.319,2.502,2.702,2.876,3.374
12/13/2021,2.318,2.494,2.696,2.887,3.379
12/14/2021,2.313,2.473,2.691,2.88,3.371
12/15/2021,,2.469,2.676,2.883,3.38
12/16/2021,,2.474,2.692,2.895,3.384
12/17/2021,2.333,2.467,2.689,2.895,3.386
12/20/2021,2.35,2.488,2.707,2.857,3.38
12/21/2021,2.357,2.496,2.696,2.854,3.376
12/22/2021,,2.486,2.676,2.834,3.37
12/23/2021,,2.464,2.65,2.823,3.362
12/24/2021,2.341,2.489,2.672,2.825,3.362
12/27/2021,,2.471,2.64,2.814,3.344
12/28/2021,2.329,2.441,2.631,2.801,3.33
12/29/2021,,2.425,2.606,2.793,3.312
12/30/2021,,2.369,2.601,2.775,3.308
12/31/2021,,2.358,2.583,2.779,3.325
1/4/2022,,2.344,2.575,2.791,3.329
1/5/2022,2.105,2.353,2.593,2.806,3.343
1/6/2022,2.06,2.353,2.617,2.823,3.356
1/7/2022,2.042,,2.617,2.819,3.356
1/10/2022,2.036,,2.583,2.806,3.353
1/11/2022,2.06,,2.567,2.801,3.335
1/12/2022,2.012,,2.559,2.794,3.324
1/13/2022,2.048,2.332,2.564,2.79,3.32
1/14/2022,2.008,2.343,2.571,2.793,3.325
1/17/2022,,2.309,2.546,2.786,3.325
1/18/2022,2.004,2.253,2.46,2.745,3.293
1/19/2022,,2.184,2.444,2.733,3.285
1/20/2022,,2.179,2.43,2.725,3.289
1/21/2022,1.903,2.139,2.393,2.707,3.281
1/24/2022,1.845,2.089,2.34,2.677,3.253
1/25/2022,1.803,2.138,2.393,2.697,3.259
1/26/2022,,2.15,2.417,2.717,3.283
1/27/2022,,2.143,2.43,2.73,3.293
1/28/2022,1.802,2.132,2.394,2.711,3.273
2/7/2022,,2.115,2.394,2.724,3.284
2/8/2022,1.691,2.123,2.4,2.723,3.285
2/9/2022,1.707,2.135,2.421,2.73,3.289
2/10/2022,1.737,2.142,2.452,2.764,3.288
2/11/2022,,2.194,2.494,2.788,3.342
2/14/2022,,2.211,2.52,2.798,3.353
2/15/2022,1.648,2.208,2.516,2.798,3.348
2/16/2022,,2.199,2.498,2.785,3.339
2/17/2022,,2.191,2.493,2.783,3.333
2/18/2022,1.823,2.213,2.51,2.81,3.349
2/21/2022,1.86,2.257,2.58,2.849,3.37
2/22/2022,1.848,2.29,2.603,2.839,3.382
2/23/2022,,2.257,2.564,2.81,3.366
2/24/2022,,2.244,2.556,2.805,3.369
2/25/2022,1.942,2.232,2.528,2.789,3.355
2/28/2022,,2.215,2.501,2.79,3.348
3/1/2022,1.877,2.232,2.534,2.821,3.364
3/2/2022,,2.251,2.551,2.832,3.37
3/3/2022,,2.274,2.581,2.845,3.385
3/4/2022,,2.262,2.575,2.824,3.378
3/7/2022,,2.253,2.55,2.837,3.388
3/8/2022,,2.237,2.535,2.84,3.384
3/9/2022,,2.25,2.559,2.859,3.402
3/10/2022,,2.258,2.573,2.857,3.404
3/11/2022,,2.238,2.513,2.795,3.362
3/14/2022,,2.217,2.476,2.769,3.35
3/15/2022,,2.262,2.553,2.819,3.389
3/16/2022,,2.262,2.543,2.804,3.381
3/17/2022,,,2.53,2.8,3.379
3/18/2022,,,2.548,2.81,3.383
3/21/2022,1.987,,2.558,2.817,3.386
3/22/2022,2.02,,2.595,2.836,3.396
3/23/2022,,2.344,2.599,2.831,3.391
3/24/2022,,2.313,2.582,2.807,3.379
3/25/2022,,2.287,2.582,2.8,3.37
3/28/2022,,,,2.793,3.362
3/29/2022,2.028,,,2.789,3.359
3/30/2022,,,,2.777,3.351
3/31/2022,,,2.577,2.787,3.36
4/1/2022,,,2.536,2.777,3.355
4/6/2022,,,2.503,2.759,3.347
4/7/2022,1.842,,2.492,2.743,3.341
4/8/2022,1.81,,2.508,2.759,3.34
4/11/2022,,2.25,,2.771,3.342
4/12/2022,,2.257,,2.773,3.344
4/13/2022,,2.256,,2.765,3.34
4/14/2022,,,2.532,2.761,3.339
4/15/2022,1.924,2.194,2.532,2.791,3.353
4/18/2022,1.878,,2.568,2.811,3.364
4/19/2022,1.815,2.207,2.573,2.823,3.363
4/20/2022,1.845,2.206,2.608,2.844,3.36
4/21/2022,,,2.583,2.826,3.344
4/22/2022,1.873,,2.603,2.846,3.35
4/25/2022,1.857,2.275,,2.818,3.334
4/26/2022,1.83,2.287,,2.83,3.337
4/27/2022,,2.307,2.614,2.845,3.349
4/28/2022,1.898,2.34,2.636,2.847,3.358
4/29/2022,1.89,2.333,2.637,2.839,3.352
5/5/2022,1.9,2.33,,2.829,3.347
5/6/2022,1.86,2.325,2.608,2.831,3.349
5/9/2022,1.872,2.302,2.596,2.818,3.337
5/10/2022,1.846,2.284,2.569,2.808,3.33
5/11/2022,,2.286,2.577,2.825,3.339
5/12/2022,,2.275,2.575,2.811,3.333
5/13/2022,1.732,2.261,2.572,2.819,3.337
5/16/2022,1.705,2.253,,2.823,3.341
5/17/2022,1.697,2.235,2.544,2.819,3.338
5/18/2022,,2.217,2.531,2.802,3.331
5/19/2022,,2.227,2.535,2.809,3.331
5/20/2022,,2.248,2.534,2.819,3.336
5/23/2022,,2.208,2.525,2.799,3.326
5/24/2022,,2.211,2.532,2.797,3.322
5/25/2022,,2.218,2.524,2.77,3.26
5/26/2022,,2.18,2.479,2.743,3.231
5/27/2022,,2.187,2.484,2.748,3.226
5/30/2022,,2.198,2.508,2.774,3.241
5/31/2022,,2.232,2.541,2.797,3.264
6/1/2022,,2.239,2.543,2.8,3.263
6/2/2022,1.537,2.246,2.549,2.807,3.265
6/6/2022,,2.283,2.583,2.819,3.272
6/7/2022,,2.279,2.574,2.811,3.271
6/8/2022,,2.264,2.566,2.811,3.27
6/9/2022,,2.255,2.549,2.799,3.266
6/10/2022,,2.248,2.548,2.794,3.268
6/13/2022,,2.256,2.576,2.808,3.27
6/14/2022,,2.263,2.58,2.813,3.272
6/15/2022,,2.267,2.592,2.823,3.27
6/16/2022,,2.254,2.578,2.817,3.26
6/17/2022,1.69,2.245,2.575,2.814,3.259
6/20/2022,1.673,2.254,2.593,2.828,3.266
6/21/2022,1.667,2.259,2.593,2.829,3.265
6/22/2022,1.64,2.25,2.583,2.825,3.266
6/23/2022,,2.242,2.589,2.829,3.269
6/24/2022,1.593,2.251,2.613,2.849,3.275
6/27/2022,,2.283,2.658,2.83,3.293
6/28/2022,1.683,2.289,2.662,2.845,3.297
6/29/2022,,2.279,2.652,2.833,3.295
6/30/2022,1.65,2.249,2.63,2.816,3.287
7/1/2022,1.555,2.247,2.623,2.829,3.293
7/4/2022,1.54,2.288,2.677,2.849,3.314
7/5/2022,1.557,2.3,2.679,2.834,3.311
7/6/2022,,2.303,2.671,2.837,3.311
7/7/2022,,2.298,2.675,2.837,3.324
7/8/2022,1.883,2.293,2.655,2.839,3.336
7/11/2022,1.879,2.27,2.631,2.821,3.328
7/12/2022,1.923,2.246,2.601,2.811,3.317
7/13/2022,,2.237,2.589,2.809,3.315
7/14/2022,1.63,2.218,2.572,2.79,3.301
7/15/2022,1.62,2.203,2.558,2.787,3.286
7/18/2022,1.613,2.188,2.553,2.785,3.279
7/19/2022,1.601,2.195,2.559,2.789,3.278
7/20/2022,,2.184,2.553,2.77,3.266
7/21/2022,,2.163,2.525,2.763,3.255
7/22/2022,,2.171,2.545,2.786,3.268
7/25/2022,1.57,2.145,2.535,2.781,3.263
7/26/2022,1.491,2.193,2.511,2.769,3.257
7/27/2022,,2.181,2.514,2.77,3.255
7/28/2022,,2.21,2.527,2.769,3.254
7/29/2022,,2.18,2.512,2.765,3.245
8/1/2022,1.451,2.129,2.489,2.744,3.225
8/2/2022,1.39,2.098,2.476,2.737,3.222
8/3/2022,,2.077,2.451,2.73,3.228
8/4/2022,,2.077,2.452,2.733,3.222
8/5/2022,1.415,2.075,2.471,2.746,3.231
8/8/2022,1.413,2.108,2.472,2.748,3.238
8/9/2022,1.437,2.15,2.485,2.751,3.245
8/10/2022,,2.168,2.495,2.748,3.242
8/11/2022,,2.179,2.489,2.74,3.237
8/12/2022,1.461,2.177,2.497,2.743,3.239
8/15/2022,,2.092,2.4,2.667,3.229
8/16/2022,,2.076,2.38,2.639,3.173
8/17/2022,,2.079,2.383,2.641,3.18
8/18/2022,,2.066,2.357,2.624,3.155
8/19/2022,1.456,2.065,2.37,2.63,3.119
8/22/2022,,2.082,2.401,2.635,3.1
8/23/2022,,2.082,2.41,2.634,3.108
8/24/2022,,2.086,2.405,2.638,3.112
8/25/2022,,2.108,2.442,2.659,3.137
8/26/2022,1.472,2.103,2.45,2.661,3.145
8/29/2022,,2.079,2.418,2.637,3.114
8/30/2022,1.508,2.053,2.404,2.636,3.112
8/31/2022,,2.051,2.402,2.644,3.11
9/1/2022,,2.041,2.388,2.631,3.095
9/2/2022,1.46,2.021,2.392,2.636,3.096
9/5/2022,,2.017,2.383,2.628,3.086
9/6/2022,,2.027,2.379,2.626,3.084
9/7/2022,,2.018,2.38,2.627,3.084
9/8/2022,,2.017,2.384,2.628,3.087
9/9/2022,1.464,2.018,2.407,2.643,3.094
9/13/2022,,2.024,2.409,2.65,3.095
9/14/2022,,2.026,2.436,2.665,3.106
9/15/2022,,2.032,2.439,2.663,3.101
9/16/2022,,2.057,2.457,2.68,3.106
9/19/2022,1.52,2.061,2.45,2.676,3.101
9/20/2022,1.485,2.052,2.432,2.661,3.095
9/21/2022,,2.043,2.417,2.644,3.087
9/22/2022,,2.032,2.43,2.65,3.088
9/23/2022,,2.043,2.462,2.68,3.099
9/26/2022,,2.08,2.5,2.701,3.121
9/27/2022,,2.088,2.496,2.693,3.119
9/28/2022,,2.116,2.531,2.708,3.136
9/29/2022,,2.122,2.545,2.716,3.142
9/30/2022,,2.123,2.574,2.75,3.189
10/10/2022,,2.064,2.504,2.726,3.163
10/11/2022,1.297,2.069,2.518,2.746,3.159
10/12/2022,1.308,2.071,2.501,2.73,3.152
10/13/2022,,2.06,2.491,2.729,3.15
10/14/2022,,2.053,2.473,2.702,3.129
10/17/2022,,2.048,2.475,2.704,3.122
10/18/2022,,2.043,2.468,2.703,3.126
10/19/2022,,2.036,2.469,2.71,3.13
10/20/2022,1.628,2.035,2.478,2.719,3.144
10/21/2022,1.628,2.036,2.497,2.739,3.152
10/24/2022,,2.076,2.486,2.72,3.14
10/25/2022,1.72,2.081,2.501,2.73,3.144
10/26/2022,1.704,2.064,2.479,2.71,3.135
10/27/2022,1.701,2.057,2.466,2.701,3.13
10/28/2022,1.652,2.052,2.444,2.675,3.117
10/31/2022,1.615,2.049,2.435,2.648,3.102
11/1/2022,1.609,2.055,2.454,2.665,3.114
11/2/2022,,2.058,2.462,2.689,3.13
11/3/2022,,2.054,2.458,2.678,3.125
11/4/2022,,2.069,2.49,2.706,3.143
11/7/2022,,2.081,2.496,2.705,3.146
11/8/2022,,2.112,2.484,2.688,3.134
11/9/2022,,2.124,2.495,2.693,3.115
11/10/2022,,2.137,2.504,2.696,3.116
11/11/2022,1.816,2.162,2.549,2.741,3.142
11/14/2022,,,2.658,2.842,3.217
11/15/2022,2.077,,2.644,2.826,3.22
11/16/2022,,,2.698,2.837,3.241
11/17/2022,,,2.65,2.796,3.213
11/18/2022,2.126,,2.652,2.83,3.231
11/21/2022,2.164,2.31,2.614,2.826,3.209
11/22/2022,2.131,2.309,2.614,2.834,3.217
11/23/2022,,2.309,2.571,2.795,3.2
11/24/2022,,,2.575,2.812,3.18
11/25/2022,2.016,,2.606,2.839,3.218
11/28/2022,2.021,,2.643,2.87,3.24
11/29/2022,2.005,2.328,2.701,2.906,3.269
11/30/2022,,2.328,2.71,2.922,3.269
12/1/2022,2.09,,2.677,2.902,3.26
12/2/2022,2.085,,2.677,2.911,3.271
12/5/2022,2.072,,2.681,2.924,3.276
12/6/2022,2.079,,2.722,2.945,3.289
12/7/2022,,,2.737,2.912,3.297
12/8/2022,,,2.72,2.919,3.297
12/9/2022,2.072,,2.732,2.921,
12/12/2022,,,2.735,2.922,
12/13/2022,2.134,,2.763,2.931,3.297
12/14/2022,,,2.687,2.895,3.262
12/15/2022,,2.444,2.696,2.916,3.281
12/16/2022,,2.41,2.709,2.914,3.276
12/19/2022,,,2.654,2.887,3.253
12/20/2022,,2.377,2.654,2.896,3.246
12/21/2022,,2.373,2.646,2.894,3.246
12/22/2022,,2.382,2.643,2.877,3.229
12/23/2022,,2.349,2.626,2.866,3.217
12/26/2022,,,2.633,2.851,
12/27/2022,,,2.642,2.877,3.219
12/28/2022,,2.406,2.666,2.871,3.217
12/29/2022,,2.337,2.628,2.848,3.201
12/30/2022,,2.339,2.625,2.839,3.201
1/3/2023,1.933,,2.606,2.829,
1/4/2023,1.906,,2.595,2.818,
1/5/2023,1.82,2.293,2.609,2.837,3.206
1/6/2023,1.814,2.296,2.639,2.835,3.216
1/9/2023,,2.323,2.648,2.842,3.217
1/10/2023,1.799,2.354,2.699,2.872,3.232
1/11/2023,1.78,2.374,2.688,2.874,3.237
1/12/2023,1.775,2.348,2.679,2.876,3.238
1/13/2023,,2.35,2.679,2.898,3.24
1/16/2023,,,2.732,2.919,
1/17/2023,,,2.715,2.906,
1/18/2023,,,2.73,2.914,
1/19/2023,,,2.717,2.914,
1/20/2023,,,2.718,2.928,
1/30/2023,,2.417,2.711,2.919,
1/31/2023,,2.4,2.695,2.902,
2/1/2023,1.862,2.406,2.708,2.913,3.29
2/2/2023,1.865,2.391,2.68,2.897,3.285
2/3/2023,1.851,2.391,2.677,2.896,3.29
2/6/2023,1.875,2.41,2.686,2.907,3.289
2/7/2023,1.91,2.415,2.682,2.896,3.283
2/8/2023,,2.418,2.691,2.897,3.284
2/9/2023,,2.409,2.678,2.895,3.277
2/10/2023,2.005,2.404,2.686,2.892,3.283
2/13/2023,1.993,2.409,2.678,2.897,3.283
2/14/2023,1.998,2.403,2.682,2.892,3.28
2/15/2023,,2.408,2.682,2.893,3.281
2/16/2023,,2.412,2.679,2.893,3.282
2/17/2023,,2.413,2.678,2.891,3.283
2/20/2023,,2.452,2.71,2.919,3.3
2/21/2023,,2.459,2.713,2.923,3.303
2/22/2023,,2.449,2.705,2.919,3.3
2/23/2023,,2.461,2.72,2.925,3.307
2/24/2023,,2.463,2.723,2.916,3.302
2/27/2023,,2.464,2.72,2.916,3.305
2/28/2023,,2.462,2.719,2.915,3.302
3/1/2023,,2.445,2.711,2.914,3.305
3/2/2023,,2.451,2.73,2.927,3.312
3/3/2023,,2.441,2.73,2.921,3.311
3/6/2023,,2.419,2.693,2.895,3.29
3/7/2023,,2.41,2.685,2.89,3.288
3/8/2023,,2.408,2.692,2.897,3.288
3/9/2023,,2.405,2.684,2.884,3.287
3/10/2023,,2.402,2.675,2.881,3.276
3/13/2023,,2.403,2.681,2.88,3.271
3/14/2023,,2.398,2.684,2.879,3.27
3/15/2023,,2.39,2.681,2.875,3.27
3/16/2023,,2.392,2.681,2.87,
3/17/2023,,2.39,2.666,2.873,3.243
3/20/2023,,2.369,2.648,2.856,3.231
3/21/2023,,2.382,2.664,2.865,3.226
3/22/2023,,2.391,2.666,2.862,3.233
3/23/2023,,2.386,2.67,2.874,3.233
3/24/2023,2.125,2.409,2.683,2.871,3.245
3/27/2023,2.109,2.384,2.677,2.859,3.232
3/28/2023,2.114,2.389,2.674,2.859,3.229
3/29/2023,,2.383,2.671,2.856,3.229
3/30/2023,,2.386,2.685,2.866,3.228
3/31/2023,,2.375,2.679,2.858,3.228
4/3/2023,,2.375,2.683,2.864,3.235
4/4/2023,1.911,2.38,2.685,2.865,3.243
4/6/2023,1.917,2.385,2.687,2.864,3.247
4/7/2023,1.915,2.381,2.684,2.85,3.233
4/10/2023,1.902,2.375,2.673,2.849,
4/11/2023,1.898,2.371,2.657,2.823,3.22
4/12/2023,,2.365,2.652,2.819,3.2
4/13/2023,,2.368,2.659,2.831,3.203
4/14/2023,1.999,2.367,2.67,2.83,3.201
4/17/2023,2.017,2.398,2.68,2.844,3.208
4/18/2023,2.052,2.392,2.674,2.837,3.202
4/19/2023,,2.393,2.657,2.836,3.203
4/20/2023,,2.389,2.66,2.834,3.197
4/21/2023,,2.39,2.656,2.829,3.194
4/24/2023,,2.386,2.66,2.82,3.174
4/25/2023,2.059,2.389,2.662,2.817,3.17
4/26/2023,,2.377,2.643,2.802,3.171
4/27/2023,,2.353,2.625,2.788,3.151
4/28/2023,,2.338,2.621,2.78,3.151
5/4/2023,,2.325,2.602,2.763,3.135
5/5/2023,,2.31,2.575,2.736,3.115
5/8/2023,2.042,2.299,2.587,2.749,3.115
5/9/2023,2.013,2.3,2.582,2.739,3.109
5/10/2023,,2.278,2.56,2.719,3.098
5/11/2023,,2.247,2.522,2.702,3.098
5/12/2023,,2.248,2.52,2.706,3.094
5/15/2023,,2.262,2.541,2.722,3.09
5/16/2023,,2.276,2.544,2.714,3.095
5/17/2023,,2.277,2.554,2.724,3.107
5/18/2023,,2.283,2.556,2.72,3.12
5/19/2023,,2.258,2.522,2.719,3.102
5/22/2023,,2.232,,2.713,
5/23/2023,,2.212,2.478,2.701,3.09
5/24/2023,,2.215,2.487,2.707,3.076
5/25/2023,,2.216,2.48,2.708,3.084
5/26/2023,,2.215,2.502,2.722,3.095
5/29/2023,,2.202,2.482,2.715,3.091
5/30/2023,,2.181,2.477,2.72,3.086
5/31/2023,,2.167,2.453,2.708,3.078
6/1/2023,,2.146,2.426,2.704,3.07
6/2/2023,,2.159,2.449,2.719,3.088
6/5/2023,,2.138,2.445,2.718,3.092
6/6/2023,,2.1,2.434,2.711,3.083
6/7/2023,,2.093,2.432,2.705,3.067
6/8/2023,,2.128,2.443,2.707,3.074
6/9/2023,,2.121,2.426,2.691,3.047
6/12/2023,,2.127,2.429,2.686,3.046
6/13/2023,,2.089,2.412,2.627,3.02
6/14/2023,,2.089,2.389,2.623,3.008
6/15/2023,,2.12,2.433,2.665,3.041
6/16/2023,,2.149,2.462,2.679,3.054
6/19/2023,,2.212,2.492,2.697,3.062
6/20/2023,,2.194,2.469,2.678,3.046
6/21/2023,,2.173,2.466,2.674,3.044
6/26/2023,,,2.466,2.67,3.038
6/27/2023,,2.179,2.466,2.673,3.031
6/28/2023,,2.163,2.455,2.671,3.035
6/29/2023,,2.141,2.44,2.656,3.023
6/30/2023,,2.124,2.408,2.641,3.017
7/3/2023,,2.111,2.423,2.646,3.02
7/4/2023,,2.096,2.426,2.651,3.03
7/5/2023,,2.097,2.417,2.643,3.024
7/6/2023,,2.091,2.419,2.643,3.018
7/7/2023,,2.09,2.417,2.643,3.013
7/10/2023,,2.096,2.418,2.643,3.011
7/11/2023,,2.091,2.416,2.639,3.01
7/12/2023,1.658,2.104,2.419,2.641,3.009
7/13/2023,1.647,2.118,2.429,2.646,3.014
7/14/2023,1.666,2.109,2.432,2.647,3.017
7/17/2023,,2.116,2.416,2.638,3.011
7/18/2023,,2.105,2.403,2.625,2.999
7/19/2023,,2.103,2.406,2.627,3
7/20/2023,,2.101,2.4,2.623,2.996
7/21/2023,,2.096,2.397,2.615,2.986
7/24/2023,,2.095,2.409,2.625,2.97
7/25/2023,,2.15,2.472,2.674,3.024
7/26/2023,,2.134,2.435,2.647,3
7/27/2023,,2.12,2.423,2.649,2.994
7/28/2023,,2.133,2.445,2.663,3.01
7/31/2023,,2.133,2.457,2.662,3.014
8/1/2023,,2.129,2.455,2.668,3.012
8/2/2023,,2.113,2.446,2.659,2.995
8/3/2023,,2.096,2.43,2.657,2.99
8/4/2023,,2.093,2.427,2.658,2.997
8/7/2023,,2.102,2.425,2.647,2.988
8/8/2023,,2.1,2.423,2.645,2.989
8/9/2023,,2.109,2.429,2.657,2.986
8/10/2023,,2.115,2.432,2.658,2.988
8/11/2023,,2.111,2.422,2.65,2.982
8/14/2023,,2.104,2.406,2.623,2.968
8/15/2023,,2.085,2.376,2.576,2.936
8/16/2023,,2.08,2.366,2.566,2.924
8/17/2023,,2.088,2.368,2.569,2.931
8/18/2023,,2.079,2.36,2.563,2.92
8/21/2023,,2.076,2.351,2.543,2.886
8/22/2023,,2.086,2.363,2.554,2.894
8/23/2023,,2.092,2.367,2.551,2.883
8/24/2023,,2.083,2.365,2.553,2.879
8/25/2023,,2.113,2.385,2.567,2.888
8/28/2023,,2.141,2.411,2.586,2.893
8/29/2023,,2.161,2.42,2.59,2.898
8/30/2023,,2.132,2.395,2.583,2.904
8/31/2023,,2.118,2.398,2.581,2.901
9/1/2023,,2.151,2.433,2.623,2.937
9/4/2023,,2.17,2.461,2.651,2.962
9/5/2023,,2.159,2.456,2.642,2.966
9/6/2023,,2.21,2.502,2.667,2.987
9/7/2023,,2.228,2.494,2.668,2.987
9/8/2023,,2.237,2.49,2.668,2.992
9/11/2023,,2.247,2.484,2.66,2.983
9/12/2023,,2.232,2.475,2.658,2.982
9/13/2023,,2.202,2.46,2.647,2.978
9/14/2023,,2.209,2.454,2.634,2.951
9/15/2023,,2.223,2.491,2.668,2.985
9/18/2023,1.848,2.258,2.509,2.674,2.986
9/19/2023,1.854,2.26,2.516,2.679,2.985
9/20/2023,,2.259,2.519,2.683,2.99
9/21/2023,,2.244,2.503,2.676,2.979
9/22/2023,,2.253,2.521,2.692,2.992
9/25/2023,,2.271,2.543,2.7,3.006
9/26/2023,,2.291,2.54,2.705,3.002
9/27/2023,,2.277,2.536,2.693,3.004
9/28/2023,,2.24,2.525,2.681,2.994
10/9/2023,,2.234,2.529,2.671,2.992
10/10/2023,,2.279,2.552,2.69,2.999
10/11/2023,,2.316,2.589,2.701,3.011
10/12/2023,,2.303,2.603,2.698,3.014
10/13/2023,,2.282,2.566,2.68,2.992
10/16/2023,,2.292,2.559,2.681,2.996
10/17/2023,,2.33,2.58,2.693,2.997
10/18/2023,,2.349,2.593,2.709,3.001
10/19/2023,,2.403,2.624,2.72,3.011
10/20/2023,2.352,2.375,2.625,2.706,3.002
10/23/2023,,2.415,2.593,2.706,2.996
10/24/2023,2.299,2.43,2.6,2.722,3.005
10/25/2023,,2.37,2.555,2.712,3.009
10/26/2023,,2.395,2.56,2.717,3.008
10/27/2023,2.314,2.388,2.567,2.72,3.015
10/30/2023,2.303,2.371,2.554,2.716,3.012
10/31/2023,2.313,2.356,2.538,2.693,2.999
11/1/2023,,2.375,2.539,2.689,2.995
11/2/2023,,2.354,2.522,2.66,2.978
11/3/2023,2.339,2.37,2.524,2.667,2.981
11/6/2023,2.267,2.37,2.528,2.656,2.972
11/7/2023,2.312,2.39,2.541,2.671,2.978
11/8/2023,,2.383,2.532,2.65,2.966
11/9/2023,2.323,2.386,2.525,2.652,2.965
11/10/2023,2.368,2.371,2.52,2.648,2.961
11/13/2023,,2.364,2.504,2.649,2.961
11/14/2023,2.316,2.362,2.52,2.664,2.97
11/15/2023,2.315,2.343,2.517,2.666,2.96
11/16/2023,2.317,2.334,2.51,2.658,2.949
11/17/2023,2.317,2.339,2.515,2.656,2.942
11/20/2023,,2.351,2.527,2.662,2.938
11/21/2023,,2.377,2.549,2.669,2.94
11/22/2023,,2.394,2.565,2.686,2.944
11/23/2023,,2.422,2.591,2.704,2.97
11/24/2023,2.399,2.458,2.59,2.708,2.965
11/27/2023,,2.474,2.602,2.71,2.979
11/28/2023,2.433,2.422,2.579,2.688,2.964
11/29/2023,,2.424,2.578,2.692,2.957
11/30/2023,,2.407,2.571,2.686,2.946
12/1/2023,2.399,2.402,2.564,2.683,2.958
12/4/2023,2.416,2.449,2.59,2.692,2.957
12/5/2023,2.427,2.434,2.583,2.691,2.953
12/6/2023,,2.452,2.596,2.696,2.949
12/7/2023,2.452,2.434,2.562,2.687,2.947
12/8/2023,2.425,2.419,2.558,2.685,2.945
12/11/2023,2.444,2.431,2.541,2.661,2.933
12/12/2023,2.422,2.419,2.534,2.657,2.932
12/13/2023,,2.386,2.529,2.645,2.921
12/14/2023,,2.368,2.524,2.653,2.926
12/15/2023,,2.345,2.507,2.636,2.907
12/18/2023,,2.333,2.485,2.629,2.896
12/19/2023,,2.353,2.516,2.633,2.894
12/20/2023,,2.36,2.525,2.637,2.889
12/21/2023,,2.351,2.484,2.62,2.855
12/22/2023,,2.326,2.475,2.617,2.843
12/25/2023,,2.269,2.421,2.573,2.813
12/26/2023,,2.274,2.389,2.582,2.832
12/27/2023,,2.213,2.386,2.565,2.823
12/28/2023,,2.205,2.401,2.572,2.831
12/29/2023,,2.197,2.394,2.561,2.834
1/2/2024,,2.245,2.432,2.566,2.837
1/3/2024,1.821,2.254,2.409,2.555,2.839
1/4/2024,1.845,2.25,2.399,2.542,2.821
1/5/2024,1.836,2.24,2.386,2.529,2.808
1/8/2024,,2.246,2.399,2.515,2.802
1/9/2024,,2.228,2.383,2.495,2.785
1/10/2024,,2.242,2.399,2.494,2.773
1/11/2024,,2.241,2.399,2.503,2.783
1/12/2024,,2.237,2.405,2.522,2.8
1/15/2024,,2.25,2.414,2.523,2.787
1/16/2024,,2.265,2.423,2.527,2.793
1/17/2024,,2.257,2.409,2.508,2.781
1/18/2024,,2.251,2.402,2.51,2.768
1/19/2024,,2.235,2.394,2.504,2.764
1/22/2024,,2.23,2.387,2.495,2.722
1/23/2024,,2.238,2.395,2.506,2.733
1/24/2024,,2.222,2.378,2.508,2.74
1/25/2024,,2.174,2.353,2.499,2.733
1/26/2024,,2.173,2.358,2.502,2.735
1/29/2024,,2.157,2.332,2.492,2.724
1/30/2024,,2.1,2.289,2.458,2.686
1/31/2024,,2.109,2.294,2.434,2.655
2/1/2024,,2.124,2.307,2.434,2.648
2/2/2024,,2.126,2.295,2.429,2.644
2/5/2024,,2.131,2.28,2.402,2.602
2/6/2024,,2.167,2.335,2.458,2.667
2/7/2024,,2.141,2.308,2.424,2.641
2/8/2024,,2.146,2.311,2.439,2.65
2/19/2024,,2.135,2.312,2.437,2.63
2/20/2024,,2.118,2.286,2.418,2.602
2/21/2024,,2.097,2.283,2.418,2.602
2/22/2024,,2.053,2.252,2.405,2.595
2/23/2024,,2.045,2.261,2.399,2.581
2/26/2024,,2.052,2.225,2.378,2.54
2/27/2024,,2.053,2.244,2.378,2.521
2/28/2024,,2.048,2.223,2.358,2.498
2/29/2024,,2.028,2.222,2.353,2.468
3/1/2024,,2.059,2.255,2.383,2.503
3/4/2024,,2.054,2.243,2.362,2.48
3/5/2024,,2.042,2.228,2.334,2.483
3/6/2024,1.606,2.032,2.188,2.281,2.443
3/7/2024,,2.028,2.205,2.294,2.444
3/8/2024,,2.036,2.205,2.293,2.448
3/11/2024,,2.047,2.228,2.312,2.477
3/12/2024,,2.07,2.265,2.354,2.551
3/13/2024,,2.067,2.256,2.339,2.536
3/14/2024,,2.068,2.257,2.351,2.544
3/15/2024,1.7,2.051,2.246,2.347,2.532
3/18/2024,1.687,2.028,2.215,2.328,2.484
3/19/2024,1.681,2.003,2.207,2.285,2.456
3/20/2024,,2.012,2.221,2.306,2.478
3/21/2024,,2,2.196,2.289,2.467
3/22/2024,,1.976,2.212,2.309,2.488
3/25/2024,,1.969,2.226,2.32,2.501
3/26/2024,,1.962,2.218,2.321,2.497
3/27/2024,,1.949,2.195,2.296,2.473
3/28/2024,,1.938,2.2,2.306,2.468
3/29/2024,,1.909,2.191,2.295,2.468
4/1/2024,,1.921,2.22,2.309,2.484
4/2/2024,1.628,1.893,2.188,2.296,2.478
4/3/2024,,1.888,2.177,2.292,2.472
4/8/2024,,1.873,2.175,2.289,2.469
4/9/2024,,1.864,2.154,2.289,2.466
4/10/2024,,1.858,2.149,2.298,2.489
4/11/2024,,1.861,2.131,2.294,2.495
4/12/2024,,1.85,2.105,2.284,2.487
4/15/2024,,1.881,2.121,2.281,2.486
4/16/2024,1.55,1.871,2.119,2.272,2.471
4/17/2024,1.552,1.868,2.118,2.264,2.457
4/18/2024,,1.849,2.111,2.257,2.448
4/19/2024,,1.843,2.097,2.256,2.44
4/22/2024,1.577,1.832,2.076,2.246,2.433
4/23/2024,1.588,1.82,2.068,2.226,2.415
4/24/2024,,1.844,2.1,2.273,2.475
4/25/2024,,1.813,2.086,2.264,2.476
4/26/2024,,1.873,2.134,2.306,2.497
4/29/2024,,1.957,2.205,2.357,2.571
4/30/2024,,1.909,2.179,2.314,2.538
5/6/2024,,1.892,2.126,2.309,2.546
5/7/2024,,1.88,2.11,2.289,2.535
5/8/2024,,1.875,2.127,2.298,2.542
5/9/2024,,1.87,2.146,2.316,2.564
5/10/2024,,1.868,2.147,2.32,2.579
5/13/2024,,1.837,2.102,2.293,2.557
5/14/2024,,1.825,2.111,2.292,2.548
5/15/2024,,1.816,2.128,2.301,2.552
5/16/2024,,1.819,2.134,2.315,2.564
5/17/2024,,1.809,2.124,2.317,2.573
5/20/2024,,1.814,2.113,2.309,2.581
5/21/2024,,1.82,2.122,2.313,2.577
5/22/2024,,1.816,2.114,2.312,2.576
5/23/2024,,1.804,2.11,2.306,2.564
5/24/2024,,1.816,2.114,2.314,2.569
5/27/2024,1.594,1.815,2.096,2.313,2.571
5/28/2024,1.595,1.81,2.084,2.3,2.554
5/29/2024,,1.802,2.083,2.296,2.54
5/30/2024,,1.802,2.08,2.306,2.548
5/31/2024,,1.776,2.081,2.319,2.569
6/3/2024,,1.76,2.068,2.311,2.558
6/4/2024,,1.765,2.066,2.31,2.555
6/5/2024,,1.754,2.055,2.307,2.551
6/6/2024,,1.753,2.059,2.307,2.548
6/7/2024,1.491,1.741,2.054,2.31,2.541
6/11/2024,1.517,1.735,2.053,2.305,2.535
6/12/2024,1.509,1.746,2.057,2.306,2.535
6/13/2024,1.51,1.753,2.057,2.3,2.525
6/14/2024,1.547,1.749,2.057,2.297,2.509
6/17/2024,,1.75,2.06,2.263,2.509
6/18/2024,1.537,1.747,2.054,2.255,2.494
6/19/2024,1.52,1.723,2.026,2.246,2.481
6/20/2024,1.52,1.71,2.022,2.247,2.476
6/21/2024,1.526,1.723,2.032,2.26,2.486
6/24/2024,,1.714,2.028,2.252,2.465
6/25/2024,1.506,1.687,2.01,2.233,2.444
6/26/2024,,1.666,2.006,2.226,2.443
6/27/2024,,1.65,1.981,2.21,2.425
6/28/2024,1.484,1.658,1.974,2.21,2.425
7/1/2024,1.475,1.67,2.006,2.253,2.483
7/2/2024,1.445,1.645,1.98,2.24,2.466
7/3/2024,1.487,1.629,1.974,2.243,2.461
7/4/2024,1.452,1.636,1.966,2.249,2.472
7/5/2024,1.494,1.647,1.991,2.273,2.494
7/8/2024,1.508,1.686,2.021,2.29,2.51
7/9/2024,1.506,1.644,1.996,2.276,2.494
7/10/2024,1.47,1.64,2.007,2.269,2.489
7/11/2024,1.471,1.636,1.995,2.264,2.488
7/12/2024,,1.627,1.99,2.259,2.473
7/15/2024,,1.634,1.97,2.25,2.465
7/16/2024,,1.625,1.975,2.261,2.467
7/17/2024,,1.619,1.967,2.259,2.465
7/18/2024,,1.613,1.972,2.265,2.473
7/19/2024,,1.611,1.959,2.259,2.468
7/22/2024,,1.576,1.919,2.242,2.455
7/23/2024,,1.537,1.889,2.229,2.45
7/24/2024,,1.529,1.895,2.23,2.452
7/25/2024,,1.522,1.898,2.209,2.423
7/26/2024,1.406,1.521,1.897,2.189,2.418
7/29/2024,,1.524,1.891,2.155,2.379
7/30/2024,,1.526,1.884,2.14,2.368
7/31/2024,,1.522,1.865,2.148,2.381
8/1/2024,,1.529,1.846,2.128,2.359
8/2/2024,1.4,1.513,1.832,2.124,2.345
8/5/2024,1.398,1.512,1.84,2.145,2.343
8/6/2024,1.405,1.517,1.847,2.151,2.338
8/7/2024,,1.519,1.832,2.141,2.363
8/8/2024,1.392,1.534,1.856,2.172,2.38
8/9/2024,1.392,1.55,1.879,2.206,2.396
8/12/2024,1.444,1.647,1.947,2.247,2.443
8/13/2024,1.487,1.635,1.913,2.215,2.423
8/14/2024,,1.642,1.894,2.187,2.395
8/15/2024,,1.672,1.901,2.201,2.404
8/16/2024,1.493,1.668,1.895,2.19,2.402
8/19/2024,1.5,1.651,1.89,2.175,2.397
8/20/2024,1.508,1.656,1.886,2.17,2.372
8/21/2024,,1.651,1.892,2.17,2.38
8/22/2024,,1.619,1.872,2.155,2.358
8/23/2024,1.536,1.589,1.851,2.155,2.357
8/26/2024,1.515,1.549,1.838,2.164,2.352
8/27/2024,1.524,1.56,1.866,2.188,2.39
8/28/2024,,1.546,1.856,2.181,2.378
8/29/2024,,1.536,1.859,2.174,2.373
8/30/2024,,1.534,1.858,2.178,2.385
9/2/2024,1.463,1.477,1.81,2.153,2.351
9/3/2024,1.444,1.459,1.779,2.149,2.346
9/4/2024,1.43,1.473,1.774,2.13,2.335
9/5/2024,1.429,1.458,1.771,2.146,2.324
9/6/2024,1.431,1.446,1.769,2.138,2.314
9/9/2024,,1.427,1.761,2.125,2.302
9/10/2024,,1.403,1.737,2.121,2.284
9/11/2024,,1.369,1.701,2.113,2.276
9/12/2024,,1.36,1.706,2.097,2.262
9/13/2024,1.398,1.373,1.706,2.073,2.237
9/18/2024,1.384,1.379,1.709,2.04,2.177
9/19/2024,1.391,1.399,1.724,2.045,2.179
9/20/2024,,1.394,1.711,2.041,2.169
9/23/2024,,1.407,1.71,2.037,2.143
9/24/2024,,1.442,1.745,2.063,2.197
9/25/2024,,1.395,1.706,2.038,2.17
9/26/2024,,1.396,1.741,2.081,2.254
9/27/2024,1.41,1.428,1.844,2.183,2.361
9/30/2024,,1.457,1.854,2.21,2.374
10/8/2024,1.403,1.466,1.885,2.209,2.406
10/9/2024,,1.472,1.884,2.186,2.361
10/10/2024,,1.459,1.84,2.157,2.308
10/11/2024,,1.462,1.825,2.147,2.314
10/14/2024,1.385,1.456,1.799,2.149,2.31
10/15/2024,1.385,1.439,1.808,2.146,2.309
10/16/2024,1.398,1.437,1.815,2.136,2.333
10/17/2024,,1.507,1.777,2.118,2.295
10/18/2024,,1.505,1.771,2.123,2.311
10/21/2024,,1.519,1.796,2.119,2.316
10/22/2024,1.431,1.533,1.839,2.141,2.366
10/23/2024,1.426,1.551,1.854,2.158,2.369
10/24/2024,1.416,1.545,1.853,2.161,2.369
10/25/2024,1.406,1.514,1.851,2.158,2.376
10/28/2024,,1.502,1.84,2.162,2.399
10/29/2024,1.429,1.492,1.855,2.159,2.372
10/30/2024,1.425,1.526,1.839,2.158,2.371
10/31/2024,1.417,1.482,1.82,2.152,2.359
