Date,Close
1/4/2000,6.375
1/5/2000,6.465
1/6/2000,6.403
1/7/2000,6.425
1/10/2000,6.525
1/11/2000,6.63
1/12/2000,6.59
1/13/2000,6.47
1/14/2000,6.56
1/17/2000,6.575
1/18/2000,6.63
1/19/2000,6.54
1/20/2000,6.84
1/21/2000,6.565
1/24/2000,6.565
1/25/2000,6.563
1/27/2000,6.82
1/28/2000,6.47
1/31/2000,6.505
2/1/2000,6.45
2/2/2000,6.62
2/3/2000,6.605
2/4/2000,6.625
2/7/2000,6.675
2/8/2000,6.575
2/9/2000,6.545
2/10/2000,6.5
2/11/2000,6.539
2/14/2000,6.493
2/15/2000,6.515
2/16/2000,6.563
2/17/2000,6.578
2/18/2000,6.535
2/21/2000,6.495
2/22/2000,6.31
2/23/2000,6.46
2/24/2000,6.343
2/25/2000,6.21
2/28/2000,6.285
2/29/2000,6.243
3/1/2000,6.108
3/2/2000,6.155
3/3/2000,6.115
3/6/2000,6.42
3/7/2000,6.43
3/8/2000,6.37
3/9/2000,6.39
3/10/2000,6.41
3/13/2000,6.34
3/14/2000,6.2
3/15/2000,6.183
3/16/2000,6.163
3/17/2000,6.215
3/20/2000,6.265
3/21/2000,6.105
3/22/2000,6.22
3/23/2000,6.3
3/24/2000,6.47
3/27/2000,6.453
3/28/2000,6.408
3/29/2000,6.43
3/30/2000,6.435
3/31/2000,6.268
4/3/2000,6.3
4/4/2000,6.308
4/5/2000,6.248
4/6/2000,6.213
4/7/2000,6.273
4/10/2000,6.23
4/11/2000,6.183
4/12/2000,6.198
4/13/2000,6.148
4/14/2000,6.05
4/17/2000,5.933
4/18/2000,6.013
4/19/2000,6.028
4/20/2000,6.08
4/26/2000,6.173
4/27/2000,6.25
4/28/2000,6.325
5/1/2000,6.435
5/2/2000,6.395
5/3/2000,6.385
5/4/2000,6.368
5/5/2000,6.333
5/8/2000,6.32
5/9/2000,6.365
5/10/2000,6.325
5/11/2000,6.25
5/12/2000,6.258
5/15/2000,6.33
5/16/2000,6.303
5/17/2000,6.378
5/18/2000,6.44
5/19/2000,6.423
5/22/2000,6.303
5/23/2000,6.227
5/24/2000,6.22
5/25/2000,6.243
5/26/2000,6.155
5/29/2000,6.068
5/30/2000,6.102
5/31/2000,6.098
6/1/2000,6
6/2/2000,5.977
6/5/2000,5.96
6/6/2000,5.935
6/7/2000,5.93
6/8/2000,5.975
6/9/2000,5.905
6/13/2000,5.84
6/14/2000,5.913
6/15/2000,5.945
6/16/2000,5.93
6/19/2000,5.89
6/20/2000,5.94
6/21/2000,5.995
6/22/2000,6.015
6/23/2000,5.975
6/26/2000,5.98
6/27/2000,5.945
6/28/2000,5.965
6/29/2000,5.928
6/30/2000,5.868
7/3/2000,5.905
7/4/2000,5.83
7/5/2000,5.82
7/6/2000,5.843
7/7/2000,5.88
7/10/2000,5.795
7/11/2000,5.86
7/12/2000,5.863
7/13/2000,5.925
7/14/2000,5.868
7/17/2000,5.945
7/18/2000,5.95
7/19/2000,5.975
7/20/2000,5.99
7/21/2000,5.883
7/24/2000,5.86
7/25/2000,5.915
7/26/2000,5.943
7/27/2000,6.04
7/28/2000,6.102
7/31/2000,6.155
8/1/2000,6.163
8/2/2000,6.28
8/3/2000,6.255
8/4/2000,6.235
8/8/2000,6.205
8/9/2000,6.188
8/10/2000,6.275
8/11/2000,6.295
8/14/2000,6.355
8/15/2000,6.355
8/16/2000,6.37
8/17/2000,6.435
8/18/2000,6.45
8/21/2000,6.41
8/22/2000,6.39
8/23/2000,6.45
8/24/2000,6.41
8/25/2000,6.42
8/28/2000,6.4
8/29/2000,6.415
8/30/2000,6.465
8/31/2000,6.435
9/1/2000,6.29
9/4/2000,6.178
9/5/2000,6.233
9/6/2000,6.268
9/7/2000,6.33
9/8/2000,6.333
9/11/2000,6.3
9/12/2000,6.315
9/13/2000,6.29
9/14/2000,6.295
9/15/2000,6.275
9/18/2000,6.295
9/19/2000,6.315
9/20/2000,6.32
9/21/2000,6.36
9/22/2000,6.248
9/25/2000,6.265
9/26/2000,6.265
9/27/2000,6.28
9/28/2000,6.243
9/29/2000,6.255
10/3/2000,6.185
10/4/2000,6.17
10/5/2000,6.14
10/6/2000,6.148
10/9/2000,6.025
10/10/2000,6.09
10/11/2000,6.075
10/12/2000,6.07
10/13/2000,6
10/16/2000,6.053
10/17/2000,6.065
10/18/2000,6.075
10/19/2000,6.04
10/20/2000,5.995
10/23/2000,5.968
10/24/2000,5.94
10/25/2000,5.935
10/26/2000,6.015
10/27/2000,6.038
10/30/2000,6.1
10/31/2000,6.095
11/1/2000,6.015
11/2/2000,6.045
11/3/2000,6.029
11/6/2000,6.08
11/7/2000,6.055
11/8/2000,6
11/9/2000,5.95
11/10/2000,5.948
11/13/2000,5.9
11/14/2000,5.9
11/15/2000,5.895
11/16/2000,5.915
11/17/2000,5.84
11/20/2000,5.875
11/21/2000,5.878
11/22/2000,5.823
11/23/2000,5.85
11/24/2000,5.87
11/27/2000,5.855
11/28/2000,5.805
11/29/2000,5.735
11/30/2000,5.685
12/1/2000,5.72
12/4/2000,5.665
12/5/2000,5.51
12/6/2000,5.498
12/7/2000,5.455
12/8/2000,5.425
12/11/2000,5.48
12/12/2000,5.463
12/13/2000,5.413
12/14/2000,5.31
12/15/2000,5.35
12/18/2000,5.315
12/19/2000,5.37
12/20/2000,5.268
12/21/2000,5.265
12/22/2000,5.26
12/27/2000,5.263
12/28/2000,5.325
12/29/2000,5.281
1/2/2001,5.09
1/3/2001,5.115
1/4/2001,5.06
1/5/2001,4.875
1/8/2001,4.975
1/9/2001,5.03
1/10/2001,5.04
1/11/2001,5
1/12/2001,4.97
1/15/2001,5.06
1/16/2001,5.07
1/17/2001,5.073
1/18/2001,4.965
1/19/2001,4.995
1/22/2001,5.035
1/23/2001,5.005
1/24/2001,4.93
1/25/2001,4.935
1/29/2001,4.9
1/30/2001,4.885
1/31/2001,4.755
2/1/2001,4.798
2/2/2001,4.885
2/5/2001,4.875
2/6/2001,4.893
2/7/2001,4.905
2/8/2001,4.98
2/9/2001,4.98
2/12/2001,4.865
2/13/2001,4.855
2/14/2001,5.03
2/15/2001,5.14
2/16/2001,5.06
2/19/2001,4.955
2/20/2001,4.94
2/21/2001,4.92
2/22/2001,4.92
2/23/2001,4.81
2/26/2001,4.785
2/27/2001,4.795
2/28/2001,4.805
3/1/2001,4.84
3/2/2001,4.82
3/5/2001,4.75
3/6/2001,4.735
3/7/2001,4.64
3/8/2001,4.655
3/9/2001,4.585
3/12/2001,4.573
3/13/2001,4.595
3/14/2001,4.508
3/15/2001,4.455
3/16/2001,4.435
3/19/2001,4.43
3/20/2001,4.37
3/21/2001,4.395
3/22/2001,4.48
3/23/2001,4.635
3/26/2001,4.69
3/27/2001,4.863
3/28/2001,4.81
3/29/2001,4.795
3/30/2001,4.73
4/2/2001,4.675
4/3/2001,4.77
4/4/2001,4.64
4/5/2001,4.76
4/6/2001,4.84
4/9/2001,4.745
4/10/2001,4.805
4/11/2001,4.93
4/12/2001,5.005
4/17/2001,4.98
4/18/2001,5.035
4/19/2001,4.825
4/20/2001,4.95
4/23/2001,4.94
4/24/2001,4.945
4/26/2001,5.02
4/27/2001,4.925
4/30/2001,5.015
5/1/2001,5.045
5/2/2001,5.035
5/3/2001,4.98
5/4/2001,4.955
5/7/2001,4.905
5/8/2001,4.845
5/9/2001,4.84
5/10/2001,4.81
5/11/2001,4.975
5/14/2001,5.16
5/15/2001,5.185
5/16/2001,5.18
5/17/2001,5.215
5/18/2001,5.235
5/21/2001,5.315
5/22/2001,5.265
5/23/2001,5.26
5/24/2001,5.23
5/25/2001,5.25
5/28/2001,5.24
5/29/2001,5.26
5/30/2001,5.29
5/31/2001,5.24
6/1/2001,5.21
6/4/2001,5.14
6/5/2001,5.17
6/6/2001,5.38
6/7/2001,5.385
6/8/2001,5.405
6/12/2001,5.37
6/13/2001,5.28
6/14/2001,5.21
6/15/2001,5.145
6/18/2001,5.125
6/19/2001,5.145
6/20/2001,5.15
6/21/2001,5.145
6/22/2001,5.135
6/25/2001,5.05
6/26/2001,5.07
6/27/2001,5.21
6/28/2001,5.31
6/29/2001,5.38
7/2/2001,5.41
7/3/2001,5.49
7/4/2001,5.53
7/5/2001,5.49
7/6/2001,5.51
7/9/2001,5.47
7/10/2001,5.49
7/11/2001,5.415
7/12/2001,5.53
7/13/2001,5.53
7/16/2001,5.5
7/17/2001,5.48
7/18/2001,5.45
7/19/2001,5.35
7/20/2001,5.315
7/23/2001,5.35
7/24/2001,5.375
7/25/2001,5.5
7/26/2001,5.523
7/27/2001,5.505
7/30/2001,5.475
7/31/2001,5.47
8/1/2001,5.4
8/2/2001,5.39
8/3/2001,5.42
8/7/2001,5.345
8/8/2001,5.365
8/9/2001,5.055
8/10/2001,5.06
8/13/2001,5.1
8/14/2001,5.1
8/15/2001,5.15
8/16/2001,5.165
8/17/2001,5.115
8/20/2001,5.055
8/21/2001,5.07
8/22/2001,5.008
8/23/2001,5.06
8/24/2001,5.05
8/27/2001,4.95
8/28/2001,4.905
8/29/2001,4.78
8/30/2001,4.795
8/31/2001,4.755
9/3/2001,4.77
9/4/2001,4.84
9/5/2001,5.04
9/6/2001,5.08
9/7/2001,4.98
9/10/2001,4.755
9/11/2001,4.78
9/12/2001,4.39
9/13/2001,4.44
9/14/2001,4.388
9/17/2001,4.235
9/18/2001,4.2
9/19/2001,4.305
9/20/2001,4.225
9/21/2001,4.265
9/24/2001,4.295
9/25/2001,4.315
9/26/2001,4.255
9/27/2001,4.23
9/28/2001,4.23
10/1/2001,4.24
10/2/2001,4.195
10/3/2001,4.23
10/4/2001,4.27
10/5/2001,4.21
10/8/2001,4.105
10/9/2001,4.12
10/10/2001,4.15
10/11/2001,4.245
10/12/2001,4.36
10/15/2001,4.3
10/16/2001,4.265
10/17/2001,4.275
10/18/2001,4.25
10/19/2001,4.245
10/22/2001,4.265
10/23/2001,4.378
10/24/2001,4.245
10/25/2001,4.13
10/26/2001,4.13
10/29/2001,4.065
10/30/2001,3.925
10/31/2001,3.947
11/1/2001,4.095
11/2/2001,4.015
11/5/2001,3.975
11/6/2001,3.958
11/7/2001,3.887
11/8/2001,3.813
11/9/2001,3.88
11/12/2001,4.03
11/13/2001,4.135
11/14/2001,4.325
11/15/2001,4.54
11/16/2001,4.545
11/19/2001,4.535
11/20/2001,4.413
11/21/2001,4.54
11/22/2001,4.67
11/23/2001,4.715
11/26/2001,4.66
11/27/2001,4.635
11/28/2001,4.5
11/29/2001,4.49
11/30/2001,4.385
12/3/2001,4.378
12/4/2001,4.473
12/5/2001,4.485
12/6/2001,4.688
12/7/2001,4.655
12/10/2001,4.585
12/11/2001,4.545
12/12/2001,4.543
12/13/2001,4.445
12/14/2001,4.48
12/17/2001,4.535
12/18/2001,4.528
12/19/2001,4.47
12/20/2001,4.475
12/21/2001,4.505
12/24/2001,4.47
12/27/2001,4.62
12/28/2001,4.57
12/31/2001,4.555
1/2/2002,4.6
1/3/2002,4.575
1/4/2002,4.605
1/7/2002,4.565
1/8/2002,4.475
1/9/2002,4.45
1/10/2002,4.448
1/11/2002,4.29
1/14/2002,4.295
1/15/2002,4.369
1/16/2002,4.39
1/17/2002,4.45
1/18/2002,4.48
1/21/2002,4.555
1/22/2002,4.574
1/23/2002,4.755
1/24/2002,4.71
1/25/2002,4.77
1/29/2002,4.805
1/30/2002,4.73
1/31/2002,4.84
2/1/2002,4.75
2/4/2002,4.79
2/5/2002,4.73
2/6/2002,4.69
2/7/2002,4.673
2/8/2002,4.698
2/11/2002,4.788
2/12/2002,4.855
2/13/2002,4.823
2/14/2002,4.96
2/15/2002,4.83
2/18/2002,4.91
2/19/2002,4.86
2/20/2002,4.873
2/21/2002,4.885
2/22/2002,4.82
2/25/2002,4.845
2/26/2002,4.85
2/27/2002,4.91
2/28/2002,4.85
3/1/2002,4.855
3/4/2002,5
3/5/2002,5.005
3/6/2002,4.875
3/7/2002,5.015
3/8/2002,5.123
3/11/2002,5.133
3/12/2002,5.12
3/13/2002,5.695
3/14/2002,5.133
3/15/2002,5.313
3/18/2002,5.29
3/19/2002,5.315
3/20/2002,5.305
3/21/2002,5.358
3/22/2002,5.345
3/25/2002,5.368
3/26/2002,5.405
3/27/2002,5.34
3/28/2002,5.325
4/2/2002,5.465
4/3/2002,5.38
4/4/2002,5.285
4/5/2002,5.255
4/8/2002,5.227
4/9/2002,5.273
4/10/2002,5.205
4/11/2002,5.308
4/12/2002,5.695
4/15/2002,5.65
4/16/2002,5.625
4/17/2002,5.68
4/18/2002,5.62
4/19/2002,5.65
4/22/2002,5.633
4/23/2002,5.638
4/24/2002,5.685
4/26/2002,5.55
4/29/2002,5.418
4/30/2002,5.42
5/1/2002,5.405
5/2/2002,5.4
5/3/2002,5.475
5/6/2002,5.468
5/7/2002,5.405
5/8/2002,5.519
5/9/2002,5.668
5/10/2002,5.675
5/13/2002,5.62
5/14/2002,5.66
5/15/2002,5.765
5/16/2002,5.775
5/17/2002,5.755
5/20/2002,5.81
5/21/2002,5.745
5/22/2002,5.693
5/23/2002,5.653
5/24/2002,5.685
5/27/2002,5.733
5/28/2002,5.785
5/29/2002,5.73
5/30/2002,5.72
5/31/2002,5.823
6/3/2002,5.98
6/4/2002,5.925
6/5/2002,5.913
6/6/2002,5.885
6/7/2002,5.745
6/11/2002,5.74
6/12/2002,5.654
6/13/2002,5.665
6/14/2002,5.52
6/17/2002,5.48
6/18/2002,5.513
6/19/2002,5.443
6/20/2002,5.43
6/21/2002,5.475
6/24/2002,5.538
6/25/2002,5.535
6/26/2002,5.32
6/27/2002,5.438
6/28/2002,5.503
7/1/2002,5.53
7/2/2002,5.485
7/3/2002,5.38
7/4/2002,5.428
7/5/2002,5.495
7/8/2002,5.54
7/9/2002,5.51
7/10/2002,5.395
7/11/2002,5.285
7/12/2002,5.32
7/15/2002,5.21
7/16/2002,5.273
7/17/2002,5.285
7/18/2002,5.275
7/19/2002,5.213
7/22/2002,5.123
7/23/2002,5.16
7/24/2002,5.045
7/25/2002,5.115
7/26/2002,5.025
7/29/2002,5.08
7/30/2002,5.195
7/31/2002,5.222
8/1/2002,5.17
8/2/2002,5.065
8/6/2002,4.883
8/7/2002,4.98
8/8/2002,4.88
8/9/2002,4.97
8/12/2002,4.978
8/13/2002,4.974
8/14/2002,4.868
8/15/2002,4.99
8/16/2002,5.045
8/19/2002,5.14
8/20/2002,5.145
8/21/2002,5.105
8/22/2002,5.15
8/23/2002,5.2
8/26/2002,5.18
8/27/2002,5.145
8/28/2002,5.23
8/29/2002,5.175
8/30/2002,5.113
9/2/2002,5.06
9/3/2002,4.938
9/4/2002,4.865
9/5/2002,4.89
9/6/2002,4.825
9/9/2002,4.943
9/10/2002,5.025
9/11/2002,5.06
9/12/2002,5.22
9/13/2002,5.078
9/16/2002,5.02
9/17/2002,5.14
9/18/2002,5.03
9/19/2002,5.003
9/20/2002,4.918
9/23/2002,4.875
9/24/2002,4.892
9/25/2002,4.843
9/26/2002,4.945
9/27/2002,4.973
9/30/2002,4.848
10/1/2002,4.833
10/2/2002,4.925
10/3/2002,4.87
10/4/2002,4.878
10/8/2002,4.875
10/9/2002,4.928
10/10/2002,4.843
10/11/2002,4.885
10/14/2002,4.955
10/15/2002,4.965
10/16/2002,5.09
10/17/2002,5.155
10/18/2002,5.128
10/21/2002,5.09
10/22/2002,5.213
10/23/2002,5.183
10/24/2002,5.13
10/25/2002,5.06
10/28/2002,4.95
10/29/2002,4.83
10/30/2002,4.868
10/31/2002,4.76
11/1/2002,4.725
11/4/2002,4.833
11/5/2002,4.85
11/6/2002,4.835
11/7/2002,4.79
11/8/2002,4.78
11/11/2002,4.615
11/12/2002,4.685
11/13/2002,4.625
11/14/2002,4.645
11/15/2002,4.773
11/18/2002,4.71
11/19/2002,4.705
11/20/2002,4.79
11/21/2002,4.805
11/22/2002,4.865
11/25/2002,4.88
11/26/2002,4.773
11/27/2002,4.893
11/28/2002,4.875
11/29/2002,4.88
12/2/2002,4.885
12/3/2002,4.88
12/4/2002,4.805
12/5/2002,4.765
12/6/2002,4.763
12/9/2002,4.648
12/10/2002,4.708
12/11/2002,4.665
12/12/2002,4.655
12/13/2002,4.633
12/16/2002,4.71
12/17/2002,4.67
12/18/2002,4.55
12/19/2002,4.545
12/20/2002,4.605
12/23/2002,4.603
12/24/2002,4.655
12/27/2002,4.57
12/30/2002,4.54
12/31/2002,4.6
1/2/2003,4.605
1/3/2003,4.765
1/6/2003,4.788
1/7/2003,4.72
1/8/2003,4.7
1/9/2003,4.748
1/10/2003,4.77
1/13/2003,4.778
1/14/2003,4.725
1/15/2003,4.713
1/16/2003,4.745
1/17/2003,4.713
1/20/2003,4.628
1/21/2003,4.643
1/22/2003,4.59
1/23/2003,4.618
1/24/2003,4.58
1/28/2003,4.643
1/29/2003,4.595
1/30/2003,4.615
1/31/2003,4.645
2/3/2003,4.645
2/4/2003,4.573
2/5/2003,4.585
2/6/2003,4.465
2/7/2003,4.515
2/10/2003,4.575
2/11/2003,4.53
2/12/2003,4.468
2/13/2003,4.49
2/14/2003,4.49
2/17/2003,4.56
2/18/2003,4.54
2/19/2003,4.508
2/20/2003,4.47
2/21/2003,4.473
2/24/2003,4.473
2/25/2003,4.448
2/26/2003,4.41
2/27/2003,4.38
2/28/2003,4.398
3/3/2003,4.358
3/4/2003,4.35
3/5/2003,4.378
3/6/2003,4.423
3/7/2003,4.43
3/10/2003,4.303
3/11/2003,4.343
3/12/2003,4.39
3/13/2003,4.515
3/14/2003,4.585
3/17/2003,4.68
3/18/2003,4.605
3/19/2003,4.768
3/20/2003,4.74
3/21/2003,4.77
3/24/2003,4.685
3/25/2003,4.705
3/26/2003,4.66
3/27/2003,4.633
3/28/2003,4.635
3/31/2003,4.548
4/1/2003,4.548
4/2/2003,4.618
4/3/2003,4.628
4/4/2003,4.64
4/7/2003,4.733
4/8/2003,4.658
4/9/2003,4.585
4/10/2003,4.49
4/11/2003,4.538
4/14/2003,4.605
4/15/2003,4.675
4/16/2003,4.69
4/17/2003,4.613
4/22/2003,4.653
4/23/2003,4.703
4/24/2003,4.615
4/28/2003,4.498
4/29/2003,4.585
4/30/2003,4.578
5/1/2003,4.515
5/2/2003,4.52
5/5/2003,4.613
5/6/2003,4.58
5/7/2003,4.52
5/8/2003,4.48
5/9/2003,4.555
5/12/2003,4.525
5/13/2003,4.548
5/14/2003,4.588
5/15/2003,4.543
5/16/2003,4.6
5/19/2003,4.498
5/20/2003,4.523
5/21/2003,4.485
5/22/2003,4.518
5/23/2003,4.475
5/26/2003,4.453
5/27/2003,4.43
5/28/2003,4.455
5/29/2003,4.435
5/30/2003,4.413
6/2/2003,4.485
6/3/2003,4.485
6/4/2003,4.39
6/5/2003,4.408
6/6/2003,4.228
6/10/2003,4.155
6/11/2003,4.088
6/12/2003,4.1
6/13/2003,4.043
6/16/2003,4.048
6/17/2003,4.128
6/18/2003,4.195
6/19/2003,4.143
6/20/2003,4.18
6/23/2003,4.183
6/24/2003,4.123
6/25/2003,4.123
6/26/2003,4.36
6/27/2003,4.395
6/30/2003,4.395
7/1/2003,4.425
7/2/2003,4.5
7/3/2003,4.455
7/4/2003,4.478
7/7/2003,4.457
7/8/2003,4.503
7/9/2003,4.497
7/10/2003,4.42
7/11/2003,4.42
7/14/2003,4.408
7/15/2003,4.467
7/16/2003,4.655
7/17/2003,4.628
7/18/2003,4.602
7/21/2003,4.617
7/22/2003,4.658
7/23/2003,4.583
7/24/2003,4.553
7/25/2003,4.632
7/28/2003,4.67
7/29/2003,4.692
7/30/2003,4.728
7/31/2003,4.692
8/1/2003,4.784
8/5/2003,4.751
8/6/2003,4.811
8/7/2003,4.736
8/8/2003,4.736
8/11/2003,4.865
8/12/2003,4.877
8/13/2003,4.905
8/14/2003,4.922
8/15/2003,4.909
8/18/2003,4.908
8/19/2003,4.916
8/20/2003,4.856
8/21/2003,4.883
8/22/2003,4.939
8/25/2003,4.943
8/26/2003,4.984
8/27/2003,4.956
8/28/2003,4.974
8/29/2003,4.948
9/1/2003,4.975
9/2/2003,5.05
9/3/2003,5.11
9/4/2003,5.116
9/5/2003,5.091
9/8/2003,5.007
9/9/2003,5.078
9/10/2003,5.04
9/11/2003,5.145
9/12/2003,5.154
9/15/2003,5.084
9/16/2003,5.075
9/17/2003,5.09
9/18/2003,5.061
9/19/2003,5.073
9/22/2003,5.02
9/23/2003,4.98
9/24/2003,4.97
9/25/2003,4.904
9/26/2003,4.907
9/29/2003,4.882
9/30/2003,4.935
10/1/2003,4.839
10/2/2003,4.854
10/3/2003,4.876
10/7/2003,5.072
10/8/2003,5.115
10/9/2003,5.155
10/10/2003,5.176
10/13/2003,5.197
10/14/2003,5.23
10/15/2003,5.231
10/16/2003,5.263
10/17/2003,5.326
10/20/2003,5.346
10/21/2003,5.317
10/22/2003,5.274
10/23/2003,5.211
10/24/2003,5.246
10/27/2003,5.27
10/28/2003,5.29
10/29/2003,5.223
10/30/2003,5.275
10/31/2003,5.33
11/3/2003,5.391
11/4/2003,5.398
11/5/2003,5.522
11/6/2003,5.579
11/7/2003,5.617
11/10/2003,5.635
11/11/2003,5.612
11/12/2003,5.618
11/13/2003,5.656
11/14/2003,5.658
11/17/2003,5.611
11/18/2003,5.633
11/19/2003,5.571
11/20/2003,5.614
11/21/2003,5.579
11/24/2003,5.592
11/25/2003,5.644
11/26/2003,5.622
11/27/2003,5.689
11/28/2003,5.698
12/1/2003,5.728
12/2/2003,5.691
12/3/2003,5.69
12/4/2003,5.696
12/5/2003,5.631
12/8/2003,5.52
12/9/2003,5.532
12/10/2003,5.566
12/11/2003,5.542
12/12/2003,5.476
12/15/2003,5.478
12/16/2003,5.435
12/17/2003,5.341
12/18/2003,5.342
12/19/2003,5.32
12/22/2003,5.307
12/23/2003,5.301
12/24/2003,5.336
12/29/2003,5.293
12/30/2003,5.283
12/31/2003,5.296
1/2/2004,5.367
1/5/2004,5.435
1/6/2004,5.468
1/7/2004,5.433
1/8/2004,5.459
1/9/2004,5.448
1/12/2004,5.298
1/13/2004,5.292
1/14/2004,5.246
1/15/2004,5.263
1/16/2004,5.283
1/19/2004,5.322
1/20/2004,5.345
1/21/2004,5.31
1/22/2004,5.301
1/23/2004,5.248
1/27/2004,5.376
1/28/2004,5.331
1/29/2004,5.425
1/30/2004,5.448
2/2/2004,5.385
2/3/2004,5.357
2/4/2004,5.282
2/5/2004,5.272
2/6/2004,5.296
2/9/2004,5.256
2/10/2004,5.247
2/11/2004,5.277
2/12/2004,5.229
2/13/2004,5.244
2/16/2004,5.235
2/17/2004,5.293
2/18/2004,5.274
2/19/2004,5.303
2/20/2004,5.296
2/23/2004,5.388
2/24/2004,5.377
2/25/2004,5.351
2/26/2004,5.299
2/27/2004,5.269
3/1/2004,5.219
3/2/2004,5.229
3/3/2004,5.278
3/4/2004,5.279
3/5/2004,5.285
3/8/2004,5.181
3/9/2004,5.178
3/10/2004,5.175
3/11/2004,5.129
3/12/2004,5.069
3/15/2004,5.085
3/16/2004,5.096
3/17/2004,5.078
3/18/2004,5.093
3/19/2004,5.108
3/22/2004,5.092
3/23/2004,5.08
3/24/2004,4.987
3/25/2004,5.014
3/26/2004,5.033
3/29/2004,5.113
3/30/2004,5.153
3/31/2004,5.151
4/1/2004,5.096
4/2/2004,5.142
4/5/2004,5.332
4/6/2004,5.31
4/7/2004,5.258
4/8/2004,5.29
4/13/2004,5.345
4/14/2004,5.393
4/15/2004,5.382
4/16/2004,5.338
4/19/2004,5.317
4/20/2004,5.34
4/21/2004,5.374
4/22/2004,5.352
4/23/2004,5.307
4/27/2004,5.353
4/28/2004,5.372
4/29/2004,5.445
4/30/2004,5.47
5/3/2004,5.462
5/4/2004,5.467
5/5/2004,5.441
5/6/2004,5.46
5/7/2004,5.427
5/10/2004,5.468
5/11/2004,5.499
5/12/2004,5.455
5/13/2004,5.475
5/14/2004,5.504
5/17/2004,5.414
5/18/2004,5.394
5/19/2004,5.416
5/20/2004,5.426
5/21/2004,5.397
5/24/2004,5.439
5/25/2004,5.417
5/26/2004,5.394
5/27/2004,5.344
5/28/2004,5.306
5/31/2004,5.315
6/1/2004,5.315
6/2/2004,5.247
6/3/2004,5.167
6/4/2004,5.181
6/7/2004,5.23
6/8/2004,5.222
6/9/2004,5.248
6/10/2004,5.275
6/11/2004,5.322
6/15/2004,5.344
6/16/2004,5.248
6/17/2004,5.238
6/18/2004,5.21
6/21/2004,5.226
6/22/2004,5.201
6/23/2004,5.242
6/24/2004,5.24
6/25/2004,5.227
6/28/2004,5.235
6/29/2004,5.293
6/30/2004,5.362
7/1/2004,5.371
7/2/2004,5.392
7/5/2004,5.346
7/6/2004,5.329
7/7/2004,5.311
7/8/2004,5.245
7/9/2004,5.244
7/12/2004,5.211
7/13/2004,5.207
7/14/2004,5.233
7/15/2004,5.27
7/16/2004,5.278
7/19/2004,5.229
7/20/2004,5.224
7/21/2004,5.286
7/22/2004,5.27
7/23/2004,5.275
7/26/2004,5.259
7/27/2004,5.275
7/28/2004,5.33
7/29/2004,5.357
7/30/2004,5.391
8/3/2004,5.34
8/4/2004,5.266
8/5/2004,5.255
8/6/2004,5.225
8/9/2004,5.199
8/10/2004,5.204
8/11/2004,5.232
8/12/2004,5.22
8/13/2004,5.193
8/16/2004,5.192
8/17/2004,5.23
8/18/2004,5.189
8/19/2004,5.208
8/20/2004,5.174
8/23/2004,5.2
8/24/2004,5.247
8/25/2004,5.225
8/26/2004,5.212
8/27/2004,5.164
8/30/2004,5.209
8/31/2004,5.211
9/1/2004,5.14
9/2/2004,5.102
9/3/2004,5.131
9/6/2004,5.267
9/7/2004,5.257
9/8/2004,5.237
9/9/2004,5.116
9/10/2004,5.107
9/13/2004,5.111
9/14/2004,5.067
9/15/2004,5.026
9/16/2004,5.05
9/17/2004,5.034
9/20/2004,5.064
9/21/2004,5.029
9/22/2004,5.048
9/23/2004,5.032
9/24/2004,5.076
9/27/2004,5.117
9/28/2004,5.078
9/29/2004,5.119
9/30/2004,5.142
10/1/2004,5.102
10/5/2004,5.121
10/6/2004,5.131
10/7/2004,5.165
10/8/2004,5.174
10/11/2004,5.11
10/12/2004,5.099
10/13/2004,5.097
10/14/2004,5.049
10/15/2004,5.01
10/18/2004,5.017
10/19/2004,5.018
10/20/2004,4.995
10/21/2004,4.996
10/22/2004,5.043
10/25/2004,4.993
10/26/2004,5.035
10/27/2004,5.007
10/28/2004,5.064
10/29/2004,5.084
11/1/2004,5.043
11/2/2004,5.074
11/3/2004,5.093
11/4/2004,5.084
11/5/2004,5.063
11/8/2004,5.133
11/9/2004,5.141
11/10/2004,5.16
11/11/2004,5.208
11/12/2004,5.23
11/15/2004,5.198
11/16/2004,5.209
11/17/2004,5.201
11/18/2004,5.132
11/19/2004,5.068
11/22/2004,5.088
11/23/2004,5.08
11/24/2004,5.024
11/25/2004,4.969
11/26/2004,4.973
11/29/2004,4.941
11/30/2004,4.899
12/1/2004,4.87
12/2/2004,4.891
12/3/2004,4.908
12/6/2004,4.872
12/7/2004,4.856
12/8/2004,4.849
12/9/2004,4.882
12/10/2004,4.933
12/13/2004,4.925
12/14/2004,4.935
12/15/2004,4.9
12/16/2004,4.864
12/17/2004,4.896
12/20/2004,4.967
12/21/2004,5.021
12/22/2004,5.011
12/23/2004,4.993
12/24/2004,4.972
12/29/2004,5.04
12/30/2004,5.069
12/31/2004,5.05
1/4/2005,5.166
1/5/2005,5.183
1/6/2005,5.152
1/7/2005,5.104
1/10/2005,5.114
1/11/2005,5.059
1/12/2005,5.015
1/13/2005,5.02
1/14/2005,4.995
1/17/2005,5.011
1/18/2005,5.056
1/19/2005,5.1
1/20/2005,5.071
1/21/2005,5.095
1/24/2005,5.087
1/25/2005,5.164
1/27/2005,5.222
1/28/2005,5.249
1/31/2005,5.285
2/1/2005,5.245
2/2/2005,5.229
2/3/2005,5.263
2/4/2005,5.248
2/7/2005,5.342
2/8/2005,5.355
2/9/2005,5.349
2/10/2005,5.425
2/11/2005,5.455
2/14/2005,5.444
2/15/2005,5.438
2/16/2005,5.427
2/17/2005,5.452
2/18/2005,5.428
2/21/2005,5.483
2/22/2005,5.469
2/23/2005,5.462
2/24/2005,5.458
2/25/2005,5.497
2/28/2005,5.515
3/1/2005,5.518
3/2/2005,5.485
3/3/2005,5.49
3/4/2005,5.5
3/7/2005,5.497
3/8/2005,5.494
3/9/2005,5.499
3/10/2005,5.562
3/11/2005,5.562
3/14/2005,5.561
3/15/2005,5.549
3/16/2005,5.585
3/17/2005,5.551
3/18/2005,5.563
3/21/2005,5.601
3/22/2005,5.634
3/23/2005,5.66
3/24/2005,5.625
3/29/2005,5.64
3/30/2005,5.631
3/31/2005,5.59
4/1/2005,5.531
4/4/2005,5.554
4/5/2005,5.523
4/6/2005,5.414
4/7/2005,5.471
4/8/2005,5.473
4/11/2005,5.473
4/12/2005,5.463
4/13/2005,5.407
4/14/2005,5.349
4/15/2005,5.311
4/18/2005,5.269
4/19/2005,5.293
4/20/2005,5.273
4/21/2005,5.276
4/22/2005,5.331
4/26/2005,5.272
4/27/2005,5.254
4/28/2005,5.227
4/29/2005,5.236
5/2/2005,5.233
5/3/2005,5.211
5/4/2005,5.176
5/5/2005,5.185
5/6/2005,5.151
5/9/2005,5.236
5/10/2005,5.239
5/11/2005,5.201
5/12/2005,5.211
5/13/2005,5.178
5/16/2005,5.157
5/17/2005,5.173
5/18/2005,5.198
5/19/2005,5.217
5/20/2005,5.259
5/23/2005,5.306
5/24/2005,5.251
5/25/2005,5.212
5/26/2005,5.227
5/27/2005,5.205
5/30/2005,5.177
5/31/2005,5.14
6/1/2005,5.132
6/2/2005,5.126
6/3/2005,5.109
6/6/2005,5.12
6/7/2005,5.09
6/8/2005,5.099
6/9/2005,5.134
6/10/2005,5.184
6/14/2005,5.249
6/15/2005,5.277
6/16/2005,5.284
6/17/2005,5.259
6/20/2005,5.248
6/21/2005,5.286
6/22/2005,5.248
6/23/2005,5.163
6/24/2005,5.126
6/27/2005,5.084
6/28/2005,5.106
6/29/2005,5.143
6/30/2005,5.135
7/1/2005,5.113
7/4/2005,5.209
7/5/2005,5.184
7/6/2005,5.165
7/7/2005,5.222
7/8/2005,5.145
7/11/2005,5.183
7/12/2005,5.222
7/13/2005,5.247
7/14/2005,5.23
7/15/2005,5.198
7/18/2005,5.232
7/19/2005,5.242
7/20/2005,5.212
7/21/2005,5.208
7/22/2005,5.276
7/25/2005,5.21
7/26/2005,5.197
7/27/2005,5.166
7/28/2005,5.173
7/29/2005,5.129
8/2/2005,5.238
8/3/2005,5.245
8/4/2005,5.232
8/5/2005,5.257
8/8/2005,5.286
8/9/2005,5.229
8/10/2005,5.197
8/11/2005,5.246
8/12/2005,5.173
8/15/2005,5.119
8/16/2005,5.108
8/17/2005,5.068
8/18/2005,5.087
8/19/2005,5.061
8/22/2005,5.076
8/23/2005,5.089
8/24/2005,5.074
8/25/2005,5.092
8/26/2005,5.053
8/29/2005,5.013
8/30/2005,5.051
8/31/2005,5.011
9/1/2005,4.99
9/2/2005,4.936
9/5/2005,4.959
9/6/2005,4.992
9/7/2005,5.068
9/8/2005,5.109
9/9/2005,5.112
9/12/2005,5.122
9/13/2005,5.157
9/14/2005,5.106
9/15/2005,5.112
9/16/2005,5.11
9/19/2005,5.187
9/20/2005,5.162
9/21/2005,5.149
9/22/2005,5.101
9/23/2005,5.128
9/26/2005,5.22
9/27/2005,5.26
9/28/2005,5.299
9/29/2005,5.264
9/30/2005,5.284
10/4/2005,5.352
10/5/2005,5.294
10/6/2005,5.252
10/7/2005,5.284
10/10/2005,5.285
10/11/2005,5.279
10/12/2005,5.331
10/13/2005,5.33
10/14/2005,5.362
10/17/2005,5.364
10/18/2005,5.353
10/19/2005,5.298
10/20/2005,5.31
10/21/2005,5.271
10/24/2005,5.274
10/25/2005,5.332
10/26/2005,5.355
10/27/2005,5.343
10/28/2005,5.305
10/31/2005,5.341
11/1/2005,5.342
11/2/2005,5.319
11/3/2005,5.353
11/4/2005,5.398
11/7/2005,5.405
11/8/2005,5.392
11/9/2005,5.39
11/10/2005,5.366
11/11/2005,5.304
11/14/2005,5.262
11/15/2005,5.316
11/16/2005,5.292
11/17/2005,5.245
11/18/2005,5.256
11/21/2005,5.288
11/22/2005,5.267
11/23/2005,5.235
11/24/2005,5.279
11/25/2005,5.275
11/28/2005,5.26
11/29/2005,5.25
11/30/2005,5.27
12/1/2005,5.285
12/2/2005,5.265
12/5/2005,5.325
12/6/2005,5.372
12/7/2005,5.328
12/8/2005,5.378
12/9/2005,5.334
12/12/2005,5.369
12/13/2005,5.404
12/14/2005,5.38
12/15/2005,5.33
12/16/2005,5.293
12/19/2005,5.31
12/20/2005,5.305
12/21/2005,5.3
12/22/2005,5.3
12/23/2005,5.255
12/28/2005,5.248
12/29/2005,5.23
12/30/2005,5.22
1/3/2006,5.26
1/4/2006,5.205
1/5/2006,5.185
1/6/2006,5.18
1/9/2006,5.175
1/10/2006,5.183
1/11/2006,5.21
1/12/2006,5.21
1/13/2006,5.17
1/16/2006,5.155
1/17/2006,5.17
1/18/2006,5.13
1/19/2006,5.16
1/20/2006,5.2
1/23/2006,5.155
1/24/2006,5.17
1/25/2006,5.248
1/27/2006,5.298
1/30/2006,5.288
1/31/2006,5.263
2/1/2006,5.268
2/2/2006,5.305
2/3/2006,5.28
2/6/2006,5.248
2/7/2006,5.275
2/8/2006,5.245
2/9/2006,5.21
2/10/2006,5.195
2/13/2006,5.243
2/14/2006,5.24
2/15/2006,5.228
2/16/2006,5.228
2/17/2006,5.215
2/20/2006,5.185
2/21/2006,5.205
2/22/2006,5.225
2/23/2006,5.205
2/24/2006,5.215
2/27/2006,5.25
2/28/2006,5.253
3/1/2006,5.223
3/2/2006,5.24
3/3/2006,5.265
3/6/2006,5.305
3/7/2006,5.29
3/8/2006,5.285
3/9/2006,5.31
3/10/2006,5.302
3/13/2006,5.355
3/14/2006,5.345
3/15/2006,5.285
3/16/2006,5.285
3/17/2006,5.23
3/20/2006,5.233
3/21/2006,5.245
3/22/2006,5.285
3/23/2006,5.27
3/24/2006,5.29
3/27/2006,5.25
3/28/2006,5.247
3/29/2006,5.295
3/30/2006,5.3
3/31/2006,5.323
4/3/2006,5.32
4/4/2006,5.36
4/5/2006,5.39
4/6/2006,5.48
4/7/2006,5.49
4/10/2006,5.508
4/11/2006,5.535
4/12/2006,5.505
4/13/2006,5.545
4/18/2006,5.538
4/19/2006,5.518
4/20/2006,5.55
4/21/2006,5.57
4/24/2006,5.545
4/26/2006,5.62
4/27/2006,5.64
4/28/2006,5.615
5/1/2006,5.615
5/2/2006,5.643
5/3/2006,5.683
5/4/2006,5.705
5/5/2006,5.703
5/8/2006,5.675
5/9/2006,5.705
5/10/2006,5.75
5/11/2006,5.745
5/12/2006,5.738
5/15/2006,5.745
5/16/2006,5.7
5/17/2006,5.692
5/18/2006,5.73
5/19/2006,5.67
5/22/2006,5.64
5/23/2006,5.62
5/24/2006,5.635
5/25/2006,5.645
5/26/2006,5.675
5/29/2006,5.673
5/30/2006,5.7
5/31/2006,5.67
6/1/2006,5.703
6/2/2006,5.683
6/5/2006,5.58
6/6/2006,5.623
6/7/2006,5.618
6/8/2006,5.7
6/9/2006,5.696
6/13/2006,5.694
6/14/2006,5.653
6/15/2006,5.718
6/16/2006,5.758
6/19/2006,5.791
6/20/2006,5.788
6/21/2006,5.788
6/22/2006,5.808
6/23/2006,5.844
6/26/2006,5.855
6/27/2006,5.858
6/28/2006,5.84
6/29/2006,5.87
6/30/2006,5.79
7/3/2006,5.755
7/4/2006,5.805
7/5/2006,5.808
7/6/2006,5.863
7/7/2006,5.866
7/10/2006,5.823
7/11/2006,5.856
7/12/2006,5.878
7/13/2006,5.956
7/14/2006,5.927
7/17/2006,5.924
7/18/2006,5.956
7/19/2006,5.956
7/20/2006,5.919
7/21/2006,5.891
7/24/2006,5.952
7/25/2006,5.968
7/26/2006,6.024
7/27/2006,6.003
7/28/2006,6.021
7/31/2006,5.984
8/1/2006,5.968
8/2/2006,5.966
8/3/2006,5.926
8/4/2006,5.957
8/8/2006,5.889
8/9/2006,5.89
8/10/2006,5.968
8/11/2006,5.981
8/14/2006,6.034
8/15/2006,6.048
8/16/2006,6.005
8/17/2006,5.932
8/18/2006,5.898
8/21/2006,5.879
8/22/2006,5.884
8/23/2006,5.901
8/24/2006,5.905
8/25/2006,5.877
8/28/2006,5.88
8/29/2006,5.895
8/30/2006,5.868
8/31/2006,5.844
9/1/2006,5.826
9/4/2006,5.861
9/5/2006,5.894
9/6/2006,5.899
9/7/2006,5.902
9/8/2006,5.895
9/11/2006,5.901
9/12/2006,5.907
9/13/2006,5.877
9/14/2006,5.915
9/15/2006,5.965
9/18/2006,5.99
9/19/2006,6.003
9/20/2006,5.954
9/21/2006,5.96
9/22/2006,5.88
9/25/2006,5.829
9/26/2006,5.821
9/27/2006,5.844
9/28/2006,5.857
9/29/2006,5.854
10/3/2006,5.831
10/4/2006,5.841
10/5/2006,5.826
10/6/2006,5.837
10/9/2006,5.908
10/10/2006,5.942
10/11/2006,5.938
10/12/2006,6.03
10/13/2006,6.05
10/16/2006,6.079
10/17/2006,6.066
10/18/2006,6.073
10/19/2006,6.077
10/20/2006,6.092
10/23/2006,6.116
10/24/2006,6.145
10/25/2006,6.161
10/26/2006,6.126
10/27/2006,6.106
10/30/2006,6.111
10/31/2006,6.114
11/1/2006,6.109
11/2/2006,6.084
11/3/2006,6.084
11/6/2006,6.149
11/7/2006,6.154
11/8/2006,6.097
11/9/2006,6.027
11/10/2006,6.034
11/13/2006,6
11/14/2006,6.029
11/15/2006,5.996
11/16/2006,6.026
11/17/2006,6.052
11/20/2006,6.011
11/21/2006,6.032
11/22/2006,6.013
11/23/2006,6.007
11/24/2006,6.006
11/27/2006,6.007
11/28/2006,5.997
11/29/2006,6.005
11/30/2006,6.056
12/1/2006,6.013
12/4/2006,5.934
12/5/2006,5.93
12/6/2006,5.942
12/7/2006,6.009
12/8/2006,6.018
12/11/2006,6.076
12/12/2006,6.081
12/13/2006,6.083
12/14/2006,6.143
12/15/2006,6.158
12/18/2006,6.18
12/19/2006,6.146
12/20/2006,6.156
12/21/2006,6.175
12/22/2006,6.162
12/27/2006,6.181
12/28/2006,6.229
12/29/2006,6.213
1/2/2007,6.242
1/3/2007,6.216
1/4/2007,6.181
1/5/2007,6.165
1/8/2007,6.211
1/9/2007,6.219
1/10/2007,6.223
1/11/2007,6.249
1/12/2007,6.258
1/15/2007,6.27
1/16/2007,6.258
1/17/2007,6.24
1/18/2007,6.266
1/19/2007,6.264
1/22/2007,6.273
1/23/2007,6.263
1/24/2007,6.112
1/25/2007,6.109
1/29/2007,6.17
1/30/2007,6.176
1/31/2007,6.183
2/1/2007,6.162
2/2/2007,6.199
2/5/2007,6.153
2/6/2007,6.119
2/7/2007,6.113
2/8/2007,6.143
2/9/2007,6.111
2/12/2007,6.117
2/13/2007,6.136
2/14/2007,6.141
2/15/2007,6.113
2/16/2007,6.11
2/19/2007,6.11
2/20/2007,6.11
2/21/2007,6.128
2/22/2007,6.139
2/23/2007,6.161
2/26/2007,6.129
2/27/2007,6.093
2/28/2007,6.059
3/1/2007,6.051
3/2/2007,6.062
3/5/2007,6.012
3/6/2007,6.037
3/7/2007,6.058
3/8/2007,6.061
3/9/2007,6.071
3/12/2007,6.113
3/13/2007,6.1
3/14/2007,6.061
3/15/2007,6.109
3/16/2007,6.196
3/19/2007,6.236
3/20/2007,6.268
3/21/2007,6.289
3/22/2007,6.274
3/23/2007,6.292
3/26/2007,6.307
3/27/2007,6.297
3/28/2007,6.28
3/29/2007,6.297
3/30/2007,6.294
4/2/2007,6.339
4/3/2007,6.339
4/4/2007,6.285
4/5/2007,6.273
4/10/2007,6.298
4/11/2007,6.301
4/12/2007,6.331
4/13/2007,6.339
4/16/2007,6.34
4/17/2007,6.336
4/18/2007,6.33
4/19/2007,6.291
4/20/2007,6.285
4/23/2007,6.255
4/24/2007,6.122
4/26/2007,6.14
4/27/2007,6.144
4/30/2007,6.13
5/1/2007,6.09
5/2/2007,6.108
5/3/2007,6.101
5/4/2007,6.098
5/7/2007,6.113
5/8/2007,6.151
5/9/2007,6.136
5/10/2007,6.224
5/11/2007,6.199
5/14/2007,6.216
5/15/2007,6.226
5/16/2007,6.19
5/17/2007,6.194
5/18/2007,6.22
5/21/2007,6.236
5/22/2007,6.228
5/23/2007,6.245
5/24/2007,6.24
5/25/2007,6.205
5/28/2007,6.225
5/29/2007,6.258
5/30/2007,6.256
5/31/2007,6.257
6/1/2007,6.28
6/4/2007,6.31
6/5/2007,6.328
6/6/2007,6.394
6/7/2007,6.455
6/8/2007,6.503
6/12/2007,6.497
6/13/2007,6.533
6/14/2007,6.443
6/15/2007,6.462
6/18/2007,6.441
6/19/2007,6.436
6/20/2007,6.405
6/21/2007,6.443
6/22/2007,6.424
6/25/2007,6.419
6/26/2007,6.413
6/27/2007,6.383
6/28/2007,6.429
6/29/2007,6.457
7/2/2007,6.424
7/3/2007,6.368
7/4/2007,6.383
7/5/2007,6.41
7/6/2007,6.437
7/9/2007,6.47
7/10/2007,6.456
7/11/2007,6.371
7/12/2007,6.392
7/13/2007,6.405
7/16/2007,6.385
7/17/2007,6.38
7/18/2007,6.346
7/19/2007,6.352
7/20/2007,6.336
7/23/2007,6.31
7/24/2007,6.329
7/25/2007,6.449
7/26/2007,6.473
7/27/2007,6.345
7/30/2007,6.372
7/31/2007,6.427
8/1/2007,6.336
8/2/2007,6.362
8/3/2007,6.371
8/7/2007,6.378
8/8/2007,6.408
8/9/2007,6.417
8/10/2007,6.295
8/13/2007,6.391
8/14/2007,6.4
8/15/2007,6.328
8/16/2007,6.262
8/17/2007,6.144
8/20/2007,6.195
8/21/2007,6.147
8/22/2007,6.148
8/23/2007,6.261
8/24/2007,6.23
8/27/2007,6.303
8/28/2007,6.251
8/29/2007,6.189
8/30/2007,6.226
8/31/2007,6.25
9/3/2007,6.273
9/4/2007,6.327
9/5/2007,6.346
9/6/2007,6.319
9/10/2007,6.22
9/11/2007,6.243
9/12/2007,6.253
9/13/2007,6.245
9/14/2007,6.261
9/17/2007,6.248
9/18/2007,6.269
9/19/2007,6.274
9/20/2007,6.352
9/21/2007,6.41
9/24/2007,6.451
9/25/2007,6.429
9/26/2007,6.417
9/27/2007,6.431
9/28/2007,6.433
10/2/2007,6.472
10/3/2007,6.505
10/4/2007,6.51
10/5/2007,6.516
10/8/2007,6.579
10/9/2007,6.587
10/10/2007,6.59
10/11/2007,6.59
10/12/2007,6.587
10/15/2007,6.62
10/16/2007,6.636
10/17/2007,6.596
10/18/2007,6.569
10/19/2007,6.516
10/22/2007,6.528
10/23/2007,6.577
10/24/2007,6.637
10/25/2007,6.606
10/26/2007,6.622
10/29/2007,6.654
10/30/2007,6.673
10/31/2007,6.72
11/1/2007,6.827
11/2/2007,6.777
11/5/2007,6.841
11/6/2007,6.809
11/7/2007,6.823
11/8/2007,6.744
11/9/2007,6.765
11/12/2007,6.685
11/13/2007,6.717
11/14/2007,6.799
11/15/2007,6.794
11/16/2007,6.711
11/19/2007,6.706
11/20/2007,6.628
11/21/2007,6.57
11/22/2007,6.482
11/23/2007,6.49
11/26/2007,6.576
11/27/2007,6.529
11/28/2007,6.56
11/29/2007,6.576
11/30/2007,6.584
12/3/2007,6.571
12/4/2007,6.548
12/5/2007,6.473
12/6/2007,6.505
12/7/2007,6.533
12/10/2007,6.626
12/11/2007,6.722
12/12/2007,6.669
12/13/2007,6.749
12/14/2007,6.791
12/17/2007,6.804
12/18/2007,6.801
12/19/2007,6.839
12/20/2007,6.819
12/21/2007,6.838
12/24/2007,6.892
12/27/2007,6.902
12/28/2007,6.891
12/31/2007,6.852
1/2/2008,6.845
1/3/2008,6.68
1/4/2008,6.657
1/7/2008,6.565
1/8/2008,6.643
1/9/2008,6.65
1/10/2008,6.662
1/11/2008,6.613
1/14/2008,6.54
1/15/2008,6.531
1/16/2008,6.528
1/17/2008,6.562
1/18/2008,6.552
1/21/2008,6.565
1/22/2008,6.393
1/23/2008,6.4408
1/24/2008,6.554
1/25/2008,6.695
1/29/2008,6.631
1/30/2008,6.62
1/31/2008,6.645
2/1/2008,6.688
2/4/2008,6.764
2/5/2008,6.665
2/6/2008,6.641
2/7/2008,6.643
2/8/2008,6.684
2/11/2008,6.782
2/12/2008,6.807
2/13/2008,6.806
2/14/2008,6.92
2/15/2008,6.898
2/18/2008,6.938
2/19/2008,7.08
2/20/2008,6.945
2/21/2008,6.939
2/22/2008,6.894
2/25/2008,6.962
2/26/2008,6.949
2/27/2008,6.944
2/28/2008,6.913
2/29/2008,6.72
3/3/2008,6.676
3/4/2008,6.556
3/5/2008,6.528
3/6/2008,6.548
3/7/2008,6.385
3/10/2008,6.275
3/11/2008,6.365
3/12/2008,6.325
3/13/2008,6.334
3/14/2008,6.314
3/17/2008,5.993
3/18/2008,6.109
3/19/2008,6.189
3/20/2008,6.1
3/25/2008,6.238
3/26/2008,6.192
3/27/2008,6.171
3/28/2008,6.272
3/31/2008,6.201
4/1/2008,6.102
4/2/2008,6.272
4/3/2008,6.276
4/4/2008,6.293
4/7/2008,6.231
4/8/2008,6.287
4/9/2008,6.262
4/10/2008,6.183
4/11/2008,6.241
4/14/2008,6.115
4/15/2008,6.133
4/16/2008,6.168
4/17/2008,6.229
4/18/2008,6.28
4/21/2008,6.442
4/22/2008,6.427
4/23/2008,6.53
4/24/2008,6.527
4/28/2008,6.517
4/29/2008,6.513
4/30/2008,6.471
5/1/2008,6.393
5/2/2008,6.436
5/5/2008,6.537
5/6/2008,6.514
5/7/2008,6.513
5/8/2008,6.443
5/9/2008,6.362
5/12/2008,6.355
5/13/2008,6.386
5/14/2008,6.447
5/15/2008,6.479
5/16/2008,6.472
5/19/2008,6.451
5/20/2008,6.59
5/21/2008,6.585
5/22/2008,6.728
5/23/2008,6.825
5/26/2008,6.779
5/27/2008,6.849
5/28/2008,6.865
5/29/2008,6.918
5/30/2008,6.842
6/2/2008,6.808
6/3/2008,6.748
6/4/2008,6.875
6/5/2008,6.87
6/6/2008,6.9808
6/10/2008,7.1704
6/11/2008,7.1555
6/12/2008,7.0067
6/13/2008,7.1459
6/16/2008,7.1308
6/17/2008,6.977
6/18/2008,6.9123
6/19/2008,6.9405
6/20/2008,7.0171
6/23/2008,6.9642
6/24/2008,6.9747
6/25/2008,6.9042
6/26/2008,6.8999
6/27/2008,6.8201
6/30/2008,6.8058
7/1/2008,6.8491
7/2/2008,6.9201
7/3/2008,6.8714
7/4/2008,6.8159
7/7/2008,6.7557
7/8/2008,6.7005
7/9/2008,6.6858
7/10/2008,6.657
7/11/2008,6.693
7/14/2008,6.6973
7/15/2008,6.6036
7/16/2008,6.5374
7/17/2008,6.5564
7/18/2008,6.5804
7/21/2008,6.6226
7/22/2008,6.6615
7/23/2008,6.6415
7/24/2008,6.5689
7/25/2008,6.4412
7/28/2008,6.4179
7/29/2008,6.4125
7/30/2008,6.3625
7/31/2008,6.3127
8/1/2008,6.2066
8/5/2008,6.0012
8/6/2008,5.9891
8/7/2008,5.9583
8/8/2008,5.9186
8/11/2008,5.9236
8/12/2008,5.8482
8/13/2008,5.8194
8/14/2008,5.8114
8/15/2008,5.7789
8/18/2008,5.7662
8/19/2008,5.7681
8/20/2008,5.8105
8/21/2008,5.7223
8/22/2008,5.753
8/25/2008,5.754
8/26/2008,5.6924
8/27/2008,5.6804
8/28/2008,5.7374
8/29/2008,5.7101
9/1/2008,5.691
9/2/2008,5.6837
9/3/2008,5.6599
9/4/2008,5.6849
9/5/2008,5.5701
9/8/2008,5.6867
9/9/2008,5.5784
9/10/2008,5.5607
9/11/2008,5.5916
9/12/2008,5.6429
9/15/2008,5.448
9/16/2008,5.3642
9/17/2008,5.4935
9/18/2008,5.3394
9/19/2008,5.4148
9/22/2008,5.6073
9/23/2008,5.5438
9/24/2008,5.5209
9/25/2008,5.5009
9/26/2008,5.3609
9/29/2008,5.3623
9/30/2008,5.106
10/1/2008,5.1393
10/2/2008,5.0383
10/3/2008,4.9009
10/7/2008,4.3415
10/8/2008,4.1054
10/9/2008,4.1671
10/10/2008,3.9824
10/13/2008,4.3411
10/14/2008,4.4707
10/15/2008,4.3303
10/16/2008,4.145
10/17/2008,4.1387
10/20/2008,4.1936
10/21/2008,4.2467
10/22/2008,4.1515
10/23/2008,4.1436
10/24/2008,4.0257
10/27/2008,4.0348
10/28/2008,4.1898
10/29/2008,4.1723
10/30/2008,4.2567
10/31/2008,4.2914
11/3/2008,4.3088
11/4/2008,3.9727
11/5/2008,4.003
11/6/2008,3.8279
11/7/2008,3.7916
11/10/2008,3.8337
11/11/2008,3.6391
11/12/2008,3.5885
11/13/2008,3.4322
11/14/2008,3.4926
11/17/2008,3.4383
11/18/2008,3.393
11/19/2008,3.3906
11/20/2008,3.3172
11/21/2008,3.1641
11/24/2008,3.1549
11/25/2008,3.2231
11/26/2008,3.2068
11/27/2008,3.2546
11/28/2008,3.1929
12/1/2008,3.1443
12/2/2008,3.0618
12/3/2008,3.0814
12/4/2008,3.0363
12/5/2008,3.0729
12/8/2008,3.119
12/9/2008,3.0881
12/10/2008,3.0882
12/11/2008,2.85
12/12/2008,2.7371
12/15/2008,2.9222
12/16/2008,2.785
12/17/2008,2.815
12/18/2008,2.7974
12/19/2008,2.7754
12/22/2008,2.8604
12/23/2008,2.847
12/24/2008,2.8695
12/29/2008,2.787
12/30/2008,2.8249
12/31/2008,2.7426
1/2/2009,2.725
1/5/2009,2.972
1/6/2009,2.972
1/7/2009,3.005
1/8/2009,2.8876
1/9/2009,2.8696
1/12/2009,2.7536
1/13/2009,2.6346
1/14/2009,2.535
1/15/2009,2.5046
1/16/2009,2.6287
1/19/2009,2.6933
1/20/2009,2.522
1/21/2009,2.67
1/22/2009,2.6862
1/23/2009,2.5518
1/27/2009,2.5542
1/28/2009,2.5166
1/29/2009,2.4618
1/30/2009,2.4141
2/2/2009,2.388
2/3/2009,2.4995
2/4/2009,2.5657
2/5/2009,2.6825
2/6/2009,2.8781
2/9/2009,2.8427
2/10/2009,2.7992
2/11/2009,2.6401
2/12/2009,2.5936
2/13/2009,2.702
2/16/2009,2.8549
2/17/2009,2.6899
2/18/2009,2.5741
2/19/2009,2.6991
2/20/2009,2.702
2/23/2009,2.6824
2/24/2009,2.6713
2/25/2009,2.7824
2/26/2009,2.7655
2/27/2009,2.785
3/2/2009,2.7288
3/3/2009,2.7985
3/4/2009,2.7295
3/5/2009,2.725
3/6/2009,2.615
3/9/2009,2.515
3/10/2009,2.5868
3/11/2009,2.6412
3/12/2009,2.5621
3/13/2009,2.6257
3/16/2009,2.6676
3/17/2009,2.7199
3/18/2009,2.6885
3/19/2009,2.5386
3/20/2009,2.6145
3/23/2009,2.7138
3/24/2009,2.81
3/25/2009,2.8788
3/26/2009,2.9922
3/27/2009,2.9875
3/30/2009,2.897
3/31/2009,2.8374
4/1/2009,2.8066
4/2/2009,2.833
4/3/2009,2.9417
4/6/2009,2.9703
4/7/2009,3.0007
4/8/2009,2.9485
4/9/2009,2.9105
4/14/2009,2.925
4/15/2009,2.888
4/16/2009,2.8444
4/17/2009,2.88
4/20/2009,3.3671
4/21/2009,3.2026
4/22/2009,3.2479
4/23/2009,3.2496
4/24/2009,3.2171
4/27/2009,3.1426
4/28/2009,3.0464
4/29/2009,3.1543
4/30/2009,3.1419
5/1/2009,3.1972
5/4/2009,3.25
5/5/2009,3.3653
5/6/2009,3.3529
5/7/2009,3.5503
5/8/2009,3.5535
5/11/2009,3.5065
5/12/2009,3.4746
5/13/2009,3.497
5/14/2009,3.4353
5/15/2009,3.4415
5/18/2009,3.4296
5/19/2009,3.5753
5/20/2009,3.6728
5/21/2009,3.6675
5/22/2009,3.706
5/25/2009,3.6757
5/26/2009,3.6022
5/27/2009,3.6369
5/28/2009,3.629
5/29/2009,3.5034
6/1/2009,3.5971
6/2/2009,3.694
6/3/2009,3.6896
6/4/2009,3.6132
6/5/2009,3.7286
6/9/2009,3.9112
6/10/2009,3.9334
6/11/2009,4.0554
6/12/2009,3.9525
6/15/2009,3.8409
6/16/2009,3.7563
6/17/2009,3.7937
6/18/2009,3.8816
6/19/2009,4.1183
6/22/2009,4.0939
6/23/2009,3.9738
6/24/2009,4.0329
6/25/2009,4.1626
6/26/2009,4.1054
6/29/2009,3.9799
6/30/2009,4.0114
7/1/2009,3.9536
7/2/2009,3.8535
7/3/2009,3.8082
7/6/2009,3.8068
7/7/2009,3.8332
7/8/2009,3.7111
7/9/2009,3.6668
7/10/2009,3.6917
7/13/2009,3.6521
7/14/2009,3.7943
7/15/2009,3.9408
7/16/2009,3.9764
7/17/2009,3.9107
7/20/2009,4.0388
7/21/2009,4.0132
7/22/2009,4.152
7/23/2009,4.1501
7/24/2009,4.1947
7/27/2009,4.2297
7/28/2009,4.3123
7/29/2009,4.2469
7/30/2009,4.2916
7/31/2009,4.2557
8/4/2009,4.3653
8/5/2009,4.405
8/6/2009,4.4886
8/7/2009,4.4678
8/10/2009,4.6082
8/11/2009,4.6222
8/12/2009,4.4728
8/13/2009,4.5232
8/14/2009,4.5532
8/17/2009,4.4401
8/18/2009,4.405
8/19/2009,4.3325
8/20/2009,4.4137
8/21/2009,4.3733
8/24/2009,4.5433
8/25/2009,4.452
8/26/2009,4.3958
8/27/2009,4.3004
8/28/2009,4.575
8/31/2009,4.5567
9/1/2009,4.425
9/2/2009,4.4675
9/3/2009,4.4376
9/4/2009,4.48
9/7/2009,4.5573
9/8/2009,4.4745
9/9/2009,4.3711
9/10/2009,4.2525
9/11/2009,4.1917
9/14/2009,4.1607
9/15/2009,4.1114
9/16/2009,4.1422
9/17/2009,4.2369
9/18/2009,4.2023
9/21/2009,4.2186
9/22/2009,4.2089
9/23/2009,4.2282
9/24/2009,4.2027
9/25/2009,4.154
9/28/2009,4.1567
9/29/2009,4.2999
9/30/2009,4.4092
10/1/2009,4.3742
10/2/2009,4.2051
10/6/2009,4.3857
10/7/2009,4.4117
10/8/2009,4.5411
10/9/2009,4.5197
10/12/2009,4.6151
10/13/2009,4.5674
10/14/2009,4.6025
10/15/2009,4.7759
10/16/2009,4.8144
10/19/2009,4.8221
10/20/2009,4.855
10/21/2009,4.8164
10/22/2009,4.8928
10/23/2009,4.92
10/26/2009,4.9311
10/27/2009,4.8886
10/28/2009,4.8643
10/29/2009,4.7086
10/30/2009,4.689
11/2/2009,4.6808
11/3/2009,4.5428
11/4/2009,4.5561
11/5/2009,4.606
11/6/2009,4.6714
11/9/2009,4.6857
11/10/2009,4.676
11/11/2009,4.6539
11/12/2009,4.7019
11/13/2009,4.6654
11/16/2009,4.637
11/17/2009,4.5344
11/18/2009,4.5671
11/19/2009,4.5006
11/20/2009,4.4435
11/23/2009,4.4538
11/24/2009,4.4443
11/25/2009,4.481
11/26/2009,4.4093
11/27/2009,4.3014
11/30/2009,4.3182
12/1/2009,4.2464
12/2/2009,4.2867
12/3/2009,4.3311
12/4/2009,4.3579
12/7/2009,4.4659
12/8/2009,4.4522
12/9/2009,4.3795
12/10/2009,4.4708
12/11/2009,4.5501
12/14/2009,4.534
12/15/2009,4.4416
12/16/2009,4.3023
12/17/2009,4.304
12/18/2009,4.2371
12/21/2009,4.289
12/22/2009,4.3287
12/23/2009,4.3566
12/24/2009,4.3259
12/29/2009,4.4909
12/30/2009,4.452
12/31/2009,4.4017
1/4/2010,4.5118
1/5/2010,4.445
1/6/2010,4.4479
1/7/2010,4.4905
1/8/2010,4.5013
1/11/2010,4.5344
1/12/2010,4.4988
1/13/2010,4.429
1/14/2010,4.5493
1/15/2010,4.5026
1/18/2010,4.4549
1/19/2010,4.4374
1/20/2010,4.4414
1/21/2010,4.4406
1/22/2010,4.3485
1/25/2010,4.3422
1/27/2010,4.325
1/28/2010,4.3587
1/29/2010,4.2074
2/1/2010,4.1892
2/2/2010,4.0402
2/3/2010,4.0826
2/4/2010,4.136
2/5/2010,4.0825
2/8/2010,4.0808
2/9/2010,4.1076
2/10/2010,4.1726
2/11/2010,4.2334
2/12/2010,4.2459
2/15/2010,4.1961
2/16/2010,4.1879
2/17/2010,4.2374
2/18/2010,4.253
2/19/2010,4.292
2/22/2010,4.313
2/23/2010,4.3
2/24/2010,4.6034
2/25/2010,4.5825
2/26/2010,4.5545
3/1/2010,4.5868
3/2/2010,4.5908
3/3/2010,4.5963
3/4/2010,4.5813
3/5/2010,4.5948
3/8/2010,4.7051
3/9/2010,4.7293
3/10/2010,4.7762
3/11/2010,4.8726
3/12/2010,4.8839
3/15/2010,4.8876
3/16/2010,4.8584
3/17/2010,4.8591
3/18/2010,4.8579
3/19/2010,4.8782
3/22/2010,4.8958
3/23/2010,4.892
3/24/2010,4.9434
3/25/2010,4.985
3/26/2010,4.9483
3/29/2010,4.977
3/30/2010,5.0117
3/31/2010,4.9891
4/1/2010,4.9458
4/6/2010,5.0488
4/7/2010,5.0292
4/8/2010,4.9698
4/9/2010,4.995
4/12/2010,4.9962
4/13/2010,4.9454
4/14/2010,4.983
4/15/2010,5.0215
4/16/2010,4.9749
4/19/2010,4.8964
4/20/2010,4.9585
4/21/2010,5.036
4/22/2010,5.0156
4/23/2010,4.994
4/27/2010,4.978
4/28/2010,4.9135
4/29/2010,4.944
4/30/2010,4.9459
5/3/2010,5.0255
5/4/2010,4.9844
5/5/2010,4.911
5/6/2010,4.818
5/7/2010,4.682
5/10/2010,4.8389
5/11/2010,4.7301
5/12/2010,4.7089
5/13/2010,4.778
5/14/2010,4.7305
5/17/2010,4.6221
5/18/2010,4.634
5/19/2010,4.514
5/20/2010,4.481
5/21/2010,4.4251
5/24/2010,4.4265
5/25/2010,4.301
5/26/2010,4.3604
5/27/2010,4.4471
5/28/2010,4.4869
5/31/2010,4.4241
6/1/2010,4.4036
6/2/2010,4.3765
6/3/2010,4.4966
6/4/2010,4.5092
6/7/2010,4.3909
6/8/2010,4.4388
6/9/2010,4.4756
6/10/2010,4.55
6/11/2010,4.5926
6/15/2010,4.5296
6/16/2010,4.6342
6/17/2010,4.5862
6/18/2010,4.6162
6/21/2010,4.7104
6/22/2010,4.6537
6/23/2010,4.5884
6/24/2010,4.6117
6/25/2010,4.5366
6/28/2010,4.5058
6/29/2010,4.4562
6/30/2010,4.4376
7/1/2010,4.4214
7/2/2010,4.4339
7/5/2010,4.4269
7/6/2010,4.4338
7/7/2010,4.4273
7/8/2010,4.545
7/9/2010,4.53
7/12/2010,4.5194
7/13/2010,4.481
7/14/2010,4.559
7/15/2010,4.5088
7/16/2010,4.532
7/19/2010,4.5185
7/20/2010,4.6376
7/21/2010,4.6225
7/22/2010,4.6215
7/23/2010,4.6821
7/26/2010,4.7119
7/27/2010,4.718
7/28/2010,4.6194
7/29/2010,4.637
7/30/2010,4.5609
8/3/2010,4.5554
8/4/2010,4.5491
8/5/2010,4.5735
8/6/2010,4.5999
8/9/2010,4.58
8/10/2010,4.5749
8/11/2010,4.5163
8/12/2010,4.5012
8/13/2010,4.53
8/16/2010,4.4832
8/17/2010,4.472
8/18/2010,4.4572
8/19/2010,4.4265
8/20/2010,4.4092
8/23/2010,4.4265
8/24/2010,4.3791
8/25/2010,4.3055
8/26/2010,4.3085
8/27/2010,4.3199
8/30/2010,4.3387
8/31/2010,4.2358
9/1/2010,4.3208
9/2/2010,4.3379
9/3/2010,4.3672
9/6/2010,4.4685
9/7/2010,4.4575
9/8/2010,4.4356
9/9/2010,4.5372
9/10/2010,4.5678
9/13/2010,4.643
9/14/2010,4.647
9/15/2010,4.6793
9/16/2010,4.6544
9/17/2010,4.7276
9/20/2010,4.793
9/21/2010,4.8214
9/22/2010,4.8376
9/23/2010,4.8312
9/24/2010,4.8082
9/27/2010,4.8468
9/28/2010,4.7972
9/29/2010,4.8359
9/30/2010,4.7661
10/1/2010,4.8218
10/5/2010,4.7136
10/6/2010,4.7514
10/7/2010,4.8843
10/8/2010,4.8197
10/11/2010,4.8354
10/12/2010,4.7962
10/13/2010,4.7837
10/14/2010,4.7721
10/15/2010,4.8019
10/18/2010,4.8063
10/19/2010,4.8221
10/20/2010,4.7906
10/21/2010,4.8061
10/22/2010,4.8347
10/25/2010,4.9272
10/26/2010,4.9092
10/27/2010,4.7974
10/28/2010,4.8154
10/29/2010,4.814
11/1/2010,4.8153
11/2/2010,4.9499
11/3/2010,4.9325
11/4/2010,4.9612
11/5/2010,4.9898
11/8/2010,5.0259
11/9/2010,5.0104
11/10/2010,5.0361
11/11/2010,5.0004
11/12/2010,4.9607
11/15/2010,4.9617
11/16/2010,4.9293
11/17/2010,4.9289
11/18/2010,4.9746
11/19/2010,4.9772
11/22/2010,5.0164
11/23/2010,4.9763
11/24/2010,4.9722
11/25/2010,4.9892
11/26/2010,4.9325
11/29/2010,4.9141
11/30/2010,4.8099
12/1/2010,4.7594
12/2/2010,4.7637
12/3/2010,4.8137
12/6/2010,4.8118
12/7/2010,4.7858
12/8/2010,4.8506
12/9/2010,4.9653
12/10/2010,4.9531
12/13/2010,5.0211
12/14/2010,4.9815
12/15/2010,4.9673
12/16/2010,4.9923
12/17/2010,4.9768
12/20/2010,4.9408
12/21/2010,4.9782
12/22/2010,5.0172
12/23/2010,5.0376
12/24/2010,5.2575
12/29/2010,5.2745
12/30/2010,5.198
12/31/2010,5.1653
1/4/2011,5.1507
1/5/2011,5.0617
1/6/2011,5.085
1/7/2011,5.0789
1/10/2011,5.0051
1/11/2011,4.858
1/12/2011,4.9008
1/13/2011,5.0047
1/14/2011,5.0192
1/17/2011,5.006
1/18/2011,4.9975
1/19/2011,5.0627
1/20/2011,5.008
1/21/2011,5.0735
1/24/2011,5.0712
1/25/2011,4.9917
1/27/2011,4.9523
1/28/2011,4.875
1/31/2011,4.9028
2/1/2011,4.9227
2/2/2011,4.9297
2/3/2011,4.9907
2/4/2011,5.165
2/7/2011,5.189
2/8/2011,5.197
2/9/2011,5.207
2/10/2011,5.164
2/11/2011,5.1038
2/14/2011,5.1255
2/15/2011,5.1153
2/16/2011,5.115
2/17/2011,5.106
2/18/2011,5.0765
2/21/2011,5.076
2/22/2011,5.009
2/23/2011,4.9915
2/24/2011,5.042
2/25/2011,5.002
2/28/2011,4.9662
3/1/2011,4.984
3/2/2011,4.9453
3/3/2011,4.9703
3/4/2011,5.0225
3/7/2011,4.967
3/8/2011,4.9775
3/9/2011,4.9763
3/10/2011,4.921
3/11/2011,4.8993
3/14/2011,4.828
3/15/2011,4.723
3/16/2011,4.7625
3/17/2011,4.7165
3/18/2011,4.786
3/21/2011,4.848
3/22/2011,4.8348
3/23/2011,4.8535
3/24/2011,4.8273
3/25/2011,4.855
3/28/2011,4.924
3/29/2011,4.9045
3/30/2011,4.9425
3/31/2011,4.9155
4/1/2011,4.948
4/4/2011,4.942
4/5/2011,4.892
4/6/2011,4.9225
4/7/2011,5.0075
4/8/2011,5.0465
4/11/2011,5.0677
4/12/2011,5.0177
4/13/2011,5.04
4/14/2011,5.037
4/15/2011,5.0245
4/18/2011,5.0145
4/19/2011,4.9115
4/20/2011,4.951
4/21/2011,4.9627
4/27/2011,4.976
4/28/2011,4.9732
4/29/2011,4.959
5/2/2011,4.9815
5/3/2011,4.9435
5/4/2011,4.97
5/5/2011,4.9315
5/6/2011,5.033
5/9/2011,5.063
5/10/2011,5.016
5/11/2011,5.0503
5/12/2011,4.9602
5/13/2011,4.9605
5/16/2011,4.939
5/17/2011,4.971
5/18/2011,4.9205
5/19/2011,4.9363
5/20/2011,4.9297
5/23/2011,4.8455
5/24/2011,4.852
5/25/2011,4.836
5/26/2011,4.886
5/27/2011,4.8542
5/30/2011,4.8005
5/31/2011,4.7965
6/1/2011,4.8927
6/2/2011,4.8585
6/3/2011,4.87
6/6/2011,4.8825
6/7/2011,4.839
6/8/2011,4.8565
6/9/2011,4.789
6/10/2011,4.7605
6/14/2011,4.7735
6/15/2011,4.8225
6/16/2011,4.6813
6/17/2011,4.7017
6/20/2011,4.6648
6/21/2011,4.6655
6/22/2011,4.701
6/23/2011,4.6735
6/24/2011,4.6592
6/27/2011,4.531
6/28/2011,4.585
6/29/2011,4.697
6/30/2011,4.7372
7/1/2011,4.8125
7/4/2011,4.755
7/5/2011,4.7015
7/6/2011,4.6975
7/7/2011,4.6885
7/8/2011,4.7025
7/11/2011,4.5662
7/12/2011,4.4165
7/13/2011,4.4468
7/14/2011,4.4092
7/15/2011,4.3335
7/18/2011,4.2785
7/19/2011,4.2915
7/20/2011,4.3657
7/21/2011,4.3735
7/22/2011,4.4183
7/25/2011,4.3397
7/26/2011,4.3715
7/27/2011,4.4965
7/28/2011,4.4967
7/29/2011,4.3958
8/2/2011,4.2895
8/3/2011,4.0903
8/4/2011,4.197
8/5/2011,3.6548
8/8/2011,3.7505
8/9/2011,3.6797
8/10/2011,3.7827
8/11/2011,3.6528
8/12/2011,3.6453
8/15/2011,3.7685
8/16/2011,3.7395
8/17/2011,3.7452
8/18/2011,3.6358
8/19/2011,3.5395
8/22/2011,3.5765
8/23/2011,3.7215
8/24/2011,3.6548
8/25/2011,3.7435
8/26/2011,3.768
8/29/2011,3.8043
8/30/2011,3.7843
8/31/2011,3.7492
9/1/2011,3.8307
9/2/2011,3.7852
9/5/2011,3.6395
9/6/2011,3.617
9/7/2011,3.7627
9/8/2011,3.6483
9/9/2011,3.684
9/12/2011,3.506
9/13/2011,3.5292
9/14/2011,3.4427
9/15/2011,3.51
9/16/2011,3.6253
9/19/2011,3.5148
9/20/2011,3.522
9/21/2011,3.584
9/22/2011,3.4908
9/23/2011,3.509
9/26/2011,3.4827
9/27/2011,3.6393
9/28/2011,3.6972
9/29/2011,3.6835
9/30/2011,3.6667
10/4/2011,3.4618
10/5/2011,3.4983
10/6/2011,3.59
10/7/2011,3.6607
10/10/2011,3.7257
10/11/2011,3.7822
10/12/2011,3.7517
10/13/2011,3.9262
10/14/2011,3.8668
10/17/2011,3.9887
10/18/2011,3.8907
10/19/2011,3.9042
10/20/2011,3.8872
10/21/2011,3.9537
10/24/2011,4.0037
10/25/2011,4.0215
10/26/2011,3.8368
10/27/2011,3.9808
10/28/2011,4.0452
10/31/2011,3.9897
11/1/2011,3.9132
11/2/2011,3.824
11/3/2011,3.7892
11/4/2011,3.8758
11/7/2011,3.8265
11/8/2011,3.7613
11/9/2011,3.7595
11/10/2011,3.566
11/11/2011,3.5885
11/14/2011,3.6455
11/15/2011,3.506
11/16/2011,3.3845
11/17/2011,3.399
11/18/2011,3.299
11/21/2011,3.2865
11/22/2011,3.2287
11/23/2011,3.1705
11/24/2011,3.168
11/25/2011,3.1298
11/28/2011,3.163
11/29/2011,3.2322
11/30/2011,3.2148
12/1/2011,3.313
12/2/2011,3.3098
12/5/2011,3.295
12/6/2011,3.168
12/7/2011,3.2605
12/8/2011,3.224
12/9/2011,3.1493
12/12/2011,3.2205
12/13/2011,3.177
12/14/2011,3.2325
12/15/2011,3.1458
12/16/2011,3.1953
12/19/2011,3.134
12/20/2011,3.1577
12/21/2011,3.254
12/22/2011,3.2578
12/23/2011,3.28
12/28/2011,3.3515
12/29/2011,3.3115
12/30/2011,3.2803
1/3/2012,3.2885
1/4/2012,3.276
1/5/2012,3.2473
1/6/2012,3.22
1/9/2012,3.165
1/10/2012,3.2048
1/11/2012,3.2145
1/12/2012,3.198
1/13/2012,3.3117
1/16/2012,3.1435
1/17/2012,3.256
1/18/2012,3.2335
1/19/2012,3.2015
1/20/2012,3.2705
1/23/2012,3.2975
1/24/2012,3.284
1/25/2012,3.408
1/27/2012,3.2805
1/30/2012,3.2125
1/31/2012,3.1737
2/1/2012,3.1445
2/2/2012,3.2175
2/3/2012,3.2185
2/6/2012,3.342
2/7/2012,3.4927
2/8/2012,3.5352
2/9/2012,3.6125
2/10/2012,3.535
2/13/2012,3.5565
2/14/2012,3.528
2/15/2012,3.594
2/16/2012,3.534
2/17/2012,3.643
2/20/2012,3.7192
2/21/2012,3.6867
2/22/2012,3.6927
2/23/2012,3.6545
2/24/2012,3.7132
2/27/2012,3.673
2/28/2012,3.628
2/29/2012,3.62
3/1/2012,3.7105
3/2/2012,3.768
3/5/2012,3.7065
3/6/2012,3.639
3/7/2012,3.5515
3/8/2012,3.5625
3/9/2012,3.6265
3/12/2012,3.5552
3/13/2012,3.565
3/14/2012,3.655
3/15/2012,3.8095
3/16/2012,3.794
3/19/2012,3.8022
3/20/2012,3.769
3/21/2012,3.7582
3/22/2012,3.706
3/23/2012,3.6793
3/26/2012,3.6778
3/27/2012,3.6878
3/28/2012,3.6028
3/29/2012,3.508
3/30/2012,3.4692
4/2/2012,3.516
4/3/2012,3.441
4/4/2012,3.4475
4/5/2012,3.4385
4/10/2012,3.277
4/11/2012,3.2605
4/12/2012,3.3475
4/13/2012,3.2645
4/16/2012,3.208
4/17/2012,3.1978
4/18/2012,3.2617
4/19/2012,3.2408
4/20/2012,3.2422
4/23/2012,3.1727
4/24/2012,3.0552
4/26/2012,3.0935
4/27/2012,3.007
4/30/2012,3.0062
5/1/2012,2.8122
5/2/2012,2.9132
5/3/2012,2.862
5/4/2012,2.858
5/7/2012,2.702
5/8/2012,2.744
5/9/2012,2.6885
5/10/2012,2.733
5/11/2012,2.6915
5/14/2012,2.662
5/15/2012,2.657
5/16/2012,2.6195
5/17/2012,2.6688
5/18/2012,2.4488
5/21/2012,2.4875
5/22/2012,2.529
5/23/2012,2.4358
5/24/2012,2.416
5/25/2012,2.447
5/28/2012,2.4992
5/29/2012,2.4437
5/30/2012,2.3558
5/31/2012,2.2155
6/1/2012,2.131
6/4/2012,2.054
6/5/2012,2.28
6/6/2012,2.3715
6/7/2012,2.483
6/8/2012,2.414
6/12/2012,2.3935
6/13/2012,2.4767
6/14/2012,2.3725
6/15/2012,2.3983
6/18/2012,2.4925
6/19/2012,2.3923
6/20/2012,2.5457
6/21/2012,2.5938
6/22/2012,2.4878
6/25/2012,2.4465
6/26/2012,2.4048
6/27/2012,2.4272
6/28/2012,2.4045
6/29/2012,2.4605
7/2/2012,2.5303
7/3/2012,2.5427
7/4/2012,2.6
7/5/2012,2.506
7/6/2012,2.5127
7/9/2012,2.3905
7/10/2012,2.3877
7/11/2012,2.4083
7/12/2012,2.279
7/13/2012,2.2865
7/16/2012,2.319
7/17/2012,2.3412
7/18/2012,2.343
7/19/2012,2.4125
7/20/2012,2.4
7/23/2012,2.277
7/24/2012,2.3225
7/25/2012,2.3035
7/26/2012,2.4023
7/27/2012,2.5935
7/30/2012,2.711
7/31/2012,2.7005
8/1/2012,2.7392
8/2/2012,2.775
8/3/2012,2.7345
8/7/2012,2.9018
8/8/2012,2.9072
8/9/2012,2.9423
8/10/2012,2.8265
8/13/2012,2.8303
8/14/2012,2.8765
8/15/2012,2.9265
8/16/2012,2.9727
8/17/2012,2.9637
8/20/2012,2.9502
8/21/2012,2.9708
8/22/2012,2.8902
8/23/2012,2.8033
8/24/2012,2.7873
8/27/2012,2.7678
8/28/2012,2.7692
8/29/2012,2.7643
8/30/2012,2.6925
8/31/2012,2.6502
9/3/2012,2.6093
9/4/2012,2.6212
9/5/2012,2.5575
9/6/2012,2.6182
9/7/2012,2.7213
9/10/2012,2.6483
9/11/2012,2.6567
9/12/2012,2.752
9/13/2012,2.7703
9/14/2012,2.848
9/17/2012,2.9375
9/18/2012,2.8065
9/19/2012,2.8228
9/20/2012,2.6907
9/21/2012,2.706
9/24/2012,2.6155
9/25/2012,2.5838
9/26/2012,2.514
9/27/2012,2.4702
9/28/2012,2.465
10/2/2012,2.4032
10/3/2012,2.3645
10/4/2012,2.4162
10/5/2012,2.4615
10/8/2012,2.4472
10/9/2012,2.4372
10/10/2012,2.4435
10/11/2012,2.4237
10/12/2012,2.4427
10/15/2012,2.4158
10/16/2012,2.4315
10/17/2012,2.515
10/18/2012,2.5968
10/19/2012,2.563
10/22/2012,2.519
10/23/2012,2.5638
10/24/2012,2.6085
10/25/2012,2.661
10/26/2012,2.6205
10/29/2012,2.5845
10/30/2012,2.5495
10/31/2012,2.5677
11/1/2012,2.5603
11/2/2012,2.6218
11/5/2012,2.6215
11/6/2012,2.693
11/7/2012,2.6953
11/8/2012,2.6878
11/9/2012,2.6815
11/12/2012,2.6615
11/13/2012,2.6388
11/14/2012,2.6615
11/15/2012,2.6047
11/16/2012,2.6095
11/19/2012,2.6623
11/20/2012,2.681
11/21/2012,2.697
11/22/2012,2.7435
11/23/2012,2.7775
11/26/2012,2.7603
11/27/2012,2.781
11/28/2012,2.7255
11/29/2012,2.7285
11/30/2012,2.671
12/3/2012,2.6285
12/4/2012,2.6495
12/5/2012,2.653
12/6/2012,2.635
12/7/2012,2.64
12/10/2012,2.6645
12/11/2012,2.638
12/12/2012,2.7078
12/13/2012,2.7418
12/14/2012,2.7903
12/17/2012,2.7603
12/18/2012,2.7578
12/19/2012,2.739
12/20/2012,2.714
12/21/2012,2.6872
12/24/2012,2.7025
12/27/2012,2.694
12/28/2012,2.6715
12/31/2012,2.6372
1/2/2013,2.7847
1/3/2013,2.7418
1/4/2013,2.8177
1/7/2013,2.7968
1/8/2013,2.795
1/9/2013,2.7535
1/10/2013,2.798
1/11/2013,2.8187
1/14/2013,2.7985
1/15/2013,2.77
1/16/2013,2.7262
1/17/2013,2.6645
1/18/2013,2.7682
1/21/2013,2.7213
1/22/2013,2.726
1/23/2013,2.6753
1/24/2013,2.6358
1/25/2013,2.6667
1/29/2013,2.8038
1/30/2013,2.8145
1/31/2013,2.7627
2/1/2013,2.8165
2/4/2013,2.8818
2/5/2013,2.7952
2/6/2013,2.783
2/7/2013,2.7495
2/8/2013,2.773
2/11/2013,2.724
2/12/2013,2.7315
2/13/2013,2.7875
2/14/2013,2.8537
2/15/2013,2.8005
2/18/2013,2.8275
2/19/2013,2.8295
2/20/2013,2.827
2/21/2013,2.777
2/22/2013,2.8052
2/25/2013,2.774
2/26/2013,2.6595
2/27/2013,2.629
2/28/2013,2.6705
3/1/2013,2.669
3/4/2013,2.635
3/5/2013,2.722
3/6/2013,2.7768
3/7/2013,2.807
3/8/2013,2.871
3/11/2013,2.904
3/12/2013,2.9432
3/13/2013,2.92
3/14/2013,3.0752
3/15/2013,3.033
3/18/2013,2.8905
3/19/2013,2.962
3/20/2013,2.908
3/21/2013,2.979
3/22/2013,2.94
3/25/2013,3.018
3/26/2013,2.9778
3/27/2013,2.909
3/28/2013,2.8245
4/2/2013,2.8428
4/3/2013,2.8788
4/4/2013,2.8575
4/5/2013,2.8255
4/8/2013,2.7915
4/9/2013,2.7968
4/10/2013,2.8275
4/11/2013,2.802
4/12/2013,2.807
4/15/2013,2.7305
4/16/2013,2.724
4/17/2013,2.7505
4/18/2013,2.694
4/19/2013,2.7002
4/22/2013,2.7202
4/23/2013,2.6515
4/24/2013,2.608
4/26/2013,2.608
4/29/2013,2.5903
4/30/2013,2.577
5/1/2013,2.5717
5/2/2013,2.514
5/3/2013,2.5005
5/6/2013,2.5352
5/7/2013,2.4475
5/8/2013,2.45
5/9/2013,2.506
5/10/2013,2.5745
5/13/2013,2.5298
5/14/2013,2.5152
5/15/2013,2.5278
5/16/2013,2.4918
5/17/2013,2.4502
5/20/2013,2.477
5/21/2013,2.5225
5/22/2013,2.5325
5/23/2013,2.5227
5/24/2013,2.5343
5/27/2013,2.5048
5/28/2013,2.5427
5/29/2013,2.592
5/30/2013,2.5505
5/31/2013,2.538
6/3/2013,2.561
6/4/2013,2.581
6/5/2013,2.5292
6/6/2013,2.4597
6/7/2013,2.414
6/11/2013,2.4845
6/12/2013,2.5408
6/13/2013,2.4797
6/14/2013,2.4787
6/17/2013,2.494
6/18/2013,2.4745
6/19/2013,2.493
6/20/2013,2.619
6/21/2013,2.6978
6/24/2013,2.8138
6/25/2013,2.692
6/26/2013,2.6615
6/27/2013,2.5847
6/28/2013,2.529
7/1/2013,2.591
7/2/2013,2.5577
7/3/2013,2.5087
7/4/2013,2.5758
7/5/2013,2.6098
7/8/2013,2.62
7/9/2013,2.565
7/10/2013,2.5075
7/11/2013,2.4692
7/12/2013,2.4673
7/15/2013,2.4545
7/16/2013,2.5295
7/17/2013,2.536
7/18/2013,2.4978
7/19/2013,2.482
7/22/2013,2.432
7/23/2013,2.4283
7/24/2013,2.458
7/25/2013,2.4883
7/26/2013,2.4802
7/29/2013,2.4177
7/30/2013,2.3277
7/31/2013,2.3255
8/1/2013,2.2985
8/2/2013,2.348
8/6/2013,2.3052
8/7/2013,2.2785
8/8/2013,2.2935
8/9/2013,2.3335
8/12/2013,2.3425
8/13/2013,2.3758
8/14/2013,2.4395
8/15/2013,2.4648
8/16/2013,2.501
8/19/2013,2.518
8/20/2013,2.472
8/21/2013,2.473
8/22/2013,2.5317
8/23/2013,2.5145
8/26/2013,2.5103
8/27/2013,2.4597
8/28/2013,2.4437
8/29/2013,2.4545
8/30/2013,2.4358
9/2/2013,2.4895
9/3/2013,2.5417
9/4/2013,2.5955
9/5/2013,2.6265
9/6/2013,2.6525
9/9/2013,2.6037
9/10/2013,2.6645
9/11/2013,2.6502
9/12/2013,2.5538
9/13/2013,2.597
9/16/2013,2.5605
9/17/2013,2.6045
9/18/2013,2.6085
9/19/2013,2.4995
9/20/2013,2.5315
9/23/2013,2.5505
9/24/2013,2.508
9/25/2013,2.478
9/26/2013,2.492
9/27/2013,2.4832
9/30/2013,2.4535
10/1/2013,2.6523
10/2/2013,2.6512
10/3/2013,2.6497
10/4/2013,2.7008
10/8/2013,2.7267
10/9/2013,2.7455
10/10/2013,2.8095
10/11/2013,2.796
10/14/2013,2.7678
10/15/2013,2.823
10/16/2013,2.8277
10/17/2013,2.737
10/18/2013,2.7285
10/21/2013,2.716
10/22/2013,2.738
10/23/2013,2.6785
10/24/2013,2.679
10/25/2013,2.674
10/28/2013,2.6832
10/29/2013,2.6467
10/30/2013,2.6145
10/31/2013,2.677
11/1/2013,2.7178
11/4/2013,2.7955
11/5/2013,2.7903
11/6/2013,2.815
11/7/2013,2.7643
11/8/2013,2.7422
11/11/2013,2.7857
11/12/2013,2.8212
11/13/2013,2.785
11/14/2013,2.7452
11/15/2013,2.7295
11/18/2013,2.729
11/19/2013,2.7462
11/20/2013,2.7643
11/21/2013,2.7855
11/22/2013,2.7573
11/25/2013,2.745
11/26/2013,2.7118
11/27/2013,2.6935
11/28/2013,2.7322
11/29/2013,2.7083
12/2/2013,2.7592
12/3/2013,2.7752
12/4/2013,2.7335
12/5/2013,2.754
12/6/2013,2.771
12/9/2013,2.7275
12/10/2013,2.7335
12/11/2013,2.6825
12/12/2013,2.6583
12/13/2013,2.643
12/16/2013,2.6028
12/17/2013,2.6065
12/18/2013,2.598
12/19/2013,2.6358
12/20/2013,2.6342
12/23/2013,2.6377
12/24/2013,2.6298
12/27/2013,2.6697
12/30/2013,2.658
12/31/2013,2.6475
1/2/2014,2.833
1/3/2014,2.8307
1/6/2014,2.8458
1/7/2014,2.8112
1/8/2014,2.8033
1/9/2014,2.865
1/10/2014,2.84
1/13/2014,2.8115
1/14/2014,2.787
1/15/2014,2.81
1/16/2014,2.7278
1/17/2014,2.6653
1/20/2014,2.6597
1/21/2014,2.6967
1/22/2014,2.8203
1/23/2014,2.7903
1/24/2014,2.6523
1/28/2014,2.642
1/29/2014,2.73
1/30/2014,2.6558
1/31/2014,2.6648
2/3/2014,2.679
2/4/2014,2.7185
2/5/2014,2.7355
2/6/2014,2.783
2/7/2014,2.826
2/10/2014,2.8157
2/11/2014,2.8507
2/12/2014,2.8712
2/13/2014,2.8098
2/14/2014,2.7787
2/17/2014,2.8185
2/18/2014,2.84
2/19/2014,2.804
2/20/2014,2.794
2/21/2014,2.8472
2/24/2014,2.8028
2/25/2014,2.802
2/26/2014,2.771
2/27/2014,2.6848
2/28/2014,2.6655
3/3/2014,2.62
3/4/2014,2.669
3/5/2014,2.725
3/6/2014,2.7755
3/7/2014,2.8063
3/10/2014,2.8157
3/11/2014,2.7895
3/12/2014,2.776
3/13/2014,2.8377
3/14/2014,2.7302
3/17/2014,2.7625
3/18/2014,2.8005
3/19/2014,2.7878
3/20/2014,2.8328
3/21/2014,2.8582
3/24/2014,2.86
3/25/2014,2.822
3/26/2014,2.8407
3/27/2014,2.8307
3/28/2014,2.8128
3/31/2014,2.8323
4/1/2014,2.8642
4/2/2014,2.8823
4/3/2014,2.894
4/4/2014,2.8663
4/7/2014,2.8125
4/8/2014,2.815
4/9/2014,2.8082
4/10/2014,2.836
4/11/2014,2.804
4/14/2014,2.7735
4/15/2014,2.7927
4/16/2014,2.788
4/17/2014,2.7715
4/22/2014,2.8075
4/23/2014,2.7575
4/24/2014,2.7413
4/28/2014,2.7227
4/29/2014,2.7332
4/30/2014,2.7555
5/1/2014,2.7473
5/2/2014,2.7422
5/5/2014,2.728
5/6/2014,2.717
5/7/2014,2.695
5/8/2014,2.7183
5/9/2014,2.701
5/12/2014,2.7095
5/13/2014,2.7205
5/14/2014,2.701
5/15/2014,2.6885
5/16/2014,2.678
5/19/2014,2.6685
5/20/2014,2.68
5/21/2014,2.61
5/22/2014,2.6532
5/23/2014,2.6672
5/26/2014,2.6472
5/27/2014,2.6688
5/28/2014,2.6618
5/29/2014,2.6242
5/30/2014,2.632
6/2/2014,2.634
6/3/2014,2.6505
6/4/2014,2.6995
6/5/2014,2.6875
6/6/2014,2.6927
6/10/2014,2.6995
6/11/2014,2.7312
6/12/2014,2.6943
6/13/2014,2.691
6/16/2014,2.6742
6/17/2014,2.6177
6/18/2014,2.6315
6/19/2014,2.5805
6/20/2014,2.5887
6/23/2014,2.6052
6/24/2014,2.5598
6/25/2014,2.5305
6/26/2014,2.531
6/27/2014,2.5135
6/30/2014,2.5315
7/1/2014,2.5665
7/2/2014,2.541
7/3/2014,2.5003
7/4/2014,2.531
7/7/2014,2.5443
7/8/2014,2.5592
7/9/2014,2.5343
7/10/2014,2.4892
7/11/2014,2.458
7/14/2014,2.4875
7/15/2014,2.4717
7/16/2014,2.461
7/17/2014,2.475
7/18/2014,2.4718
7/21/2014,2.5195
7/22/2014,2.5298
7/23/2014,2.5698
7/24/2014,2.58
7/25/2014,2.576
7/28/2014,2.565
7/29/2014,2.5893
7/30/2014,2.563
7/31/2014,2.5955
8/1/2014,2.6137
8/5/2014,2.596
8/6/2014,2.6262
8/7/2014,2.5287
8/8/2014,2.4405
8/11/2014,2.5198
8/12/2014,2.5403
8/13/2014,2.5557
8/14/2014,2.5017
8/15/2014,2.52
8/18/2014,2.4977
8/19/2014,2.52
8/20/2014,2.5438
8/21/2014,2.5763
8/22/2014,2.5928
8/25/2014,2.5823
8/26/2014,2.5375
8/27/2014,2.5198
8/28/2014,2.5398
8/29/2014,2.531
9/1/2014,2.5408
9/2/2014,2.5707
9/3/2014,2.5975
9/4/2014,2.5912
9/5/2014,2.6153
9/8/2014,2.6082
9/9/2014,2.665
9/10/2014,2.6607
9/11/2014,2.6923
9/12/2014,2.676
9/15/2014,2.676
9/16/2014,2.666
9/17/2014,2.678
9/18/2014,2.7205
9/19/2014,2.7273
9/22/2014,2.6722
9/23/2014,2.6058
9/24/2014,2.6512
9/25/2014,2.6282
9/26/2014,2.594
9/29/2014,2.5925
9/30/2014,2.583
10/1/2014,2.6267
10/2/2014,2.59
10/3/2014,2.628
10/7/2014,2.5982
10/8/2014,2.586
10/9/2014,2.571
10/10/2014,2.5538
10/13/2014,2.5275
10/14/2014,2.5262
10/15/2014,2.579
10/16/2014,2.4825
10/17/2014,2.516
10/20/2014,2.5465
10/21/2014,2.4608
10/22/2014,2.5045
10/23/2014,2.5037
10/24/2014,2.5127
10/27/2014,2.538
10/28/2014,2.4822
10/29/2014,2.5385
10/30/2014,2.5542
10/31/2014,2.5265
11/3/2014,2.4773
11/4/2014,2.5165
11/5/2014,2.49
11/6/2014,2.4913
11/7/2014,2.5498
11/10/2014,2.5087
11/11/2014,2.547
11/12/2014,2.5655
11/13/2014,2.576
11/14/2014,2.571
11/17/2014,2.5357
11/18/2014,2.5398
11/19/2014,2.5178
11/20/2014,2.5225
11/21/2014,2.5233
11/24/2014,2.5195
11/25/2014,2.494
11/26/2014,2.4405
11/27/2014,2.4565
11/28/2014,2.4105
12/1/2014,2.3637
12/2/2014,2.439
12/3/2014,2.3865
12/4/2014,2.375
12/5/2014,2.3185
12/8/2014,2.354
12/9/2014,2.314
12/10/2014,2.275
12/11/2014,2.2405
12/12/2014,2.306
12/15/2014,2.275
12/16/2014,2.2827
12/17/2014,2.2355
12/18/2014,2.261
12/19/2014,2.328
12/22/2014,2.272
12/23/2014,2.2655
12/24/2014,2.2768
12/29/2014,2.2548
12/30/2014,2.1995
12/31/2014,2.17
1/2/2015,2.2132
1/5/2015,2.184
1/6/2015,2.1853
1/7/2015,2.1465
1/8/2015,2.1957
1/9/2015,2.1918
1/12/2015,2.185
1/13/2015,2.143
1/14/2015,2.1358
1/15/2015,2.208
1/16/2015,2.1247
1/19/2015,2.159
1/20/2015,2.1805
1/21/2015,2.143
1/22/2015,2.1058
1/23/2015,2.1172
1/27/2015,2.0903
1/28/2015,2.153
1/29/2015,1.9875
1/30/2015,1.9642
2/2/2015,1.9882
2/3/2015,1.8312
2/4/2015,1.949
2/5/2015,1.9072
2/6/2015,1.9423
2/9/2015,1.9755
2/10/2015,1.9703
2/11/2015,1.9695
2/12/2015,1.879
2/13/2015,1.867
2/16/2015,1.8832
2/17/2015,1.8772
2/18/2015,1.901
2/19/2015,1.851
2/20/2015,1.872
2/23/2015,1.884
2/24/2015,1.876
2/25/2015,1.8675
2/26/2015,1.806
2/27/2015,1.7925
3/2/2015,1.8112
3/3/2015,1.8707
3/4/2015,1.9125
3/5/2015,1.9243
3/6/2015,1.9147
3/9/2015,1.9607
3/10/2015,1.9338
3/11/2015,1.8675
3/12/2015,1.8257
3/13/2015,1.878
3/16/2015,1.8297
3/17/2015,1.8587
3/18/2015,1.851
3/19/2015,1.786
3/20/2015,1.7675
3/23/2015,1.7812
3/24/2015,1.7787
3/25/2015,1.7543
3/26/2015,1.7572
3/27/2015,1.7982
3/30/2015,1.7502
3/31/2015,1.7302
4/1/2015,1.719
4/2/2015,1.6788
4/7/2015,1.7502
4/8/2015,1.7382
4/9/2015,1.7392
4/10/2015,1.7697
4/13/2015,1.7292
4/14/2015,1.6988
4/15/2015,1.6792
4/16/2015,1.802
4/17/2015,1.8053
4/20/2015,1.8433
4/21/2015,1.8327
4/22/2015,1.8942
4/23/2015,1.9275
4/24/2015,1.9345
4/27/2015,1.8907
4/28/2015,1.9485
4/29/2015,1.9545
4/30/2015,1.9507
5/1/2015,1.9232
5/4/2015,1.9115
5/5/2015,2.0027
5/6/2015,2.081
5/7/2015,2.0915
5/8/2015,2.0395
5/11/2015,2.051
5/12/2015,2.1485
5/13/2015,2.0833
5/14/2015,2.069
5/15/2015,2.0055
5/18/2015,2.0097
5/19/2015,2.0367
5/20/2015,2.0417
5/21/2015,2.0087
5/22/2015,2.004
5/25/2015,2.0022
5/26/2015,2.0125
5/27/2015,1.9957
5/28/2015,1.938
5/29/2015,1.8795
6/1/2015,1.863
6/2/2015,1.9277
6/3/2015,2.0092
6/4/2015,2.044
6/5/2015,2.0508
6/9/2015,2.0122
6/10/2015,2.0438
6/11/2015,2.1058
6/12/2015,2.0515
6/15/2015,2.0345
6/16/2015,2.0095
6/17/2015,1.9925
6/18/2015,1.9017
6/19/2015,1.8845
6/22/2015,1.9507
6/23/2015,2.0395
6/24/2015,2.029
6/25/2015,2.0385
6/26/2015,2.045
6/29/2015,1.9902
6/30/2015,2.0155
7/1/2015,1.9757
7/2/2015,2.0195
7/3/2015,1.964
7/6/2015,1.8865
7/7/2015,1.885
7/8/2015,1.8225
7/9/2015,1.8765
7/10/2015,1.9272
7/13/2015,1.9495
7/14/2015,1.9742
7/15/2015,1.9842
7/16/2015,1.9475
7/17/2015,1.952
7/20/2015,1.9588
7/21/2015,1.9562
7/22/2015,1.9267
7/23/2015,1.9082
7/24/2015,1.8677
7/27/2015,1.8352
7/28/2015,1.8652
7/29/2015,1.8702
7/30/2015,1.9077
7/31/2015,1.8757
8/4/2015,1.9013
8/5/2015,1.9485
8/6/2015,1.9535
8/7/2015,1.9622
8/10/2015,1.9607
8/11/2015,1.949
8/12/2015,1.8975
8/13/2015,1.938
8/14/2015,1.9562
8/17/2015,1.9537
8/18/2015,1.927
8/19/2015,1.925
8/20/2015,1.8877
8/21/2015,1.8375
8/24/2015,1.756
8/25/2015,1.7828
8/26/2015,1.799
8/27/2015,1.7977
8/28/2015,1.8227
8/31/2015,1.7785
9/1/2015,1.78
9/2/2015,1.8097
9/3/2015,1.789
9/4/2015,1.756
9/7/2015,1.789
9/8/2015,1.816
9/9/2015,1.867
9/10/2015,1.883
9/11/2015,1.901
9/14/2015,1.887
9/15/2015,1.885
9/16/2015,1.936
9/17/2015,1.965
9/18/2015,1.922
9/21/2015,1.916
9/22/2015,1.928
9/23/2015,1.895
9/24/2015,1.874
9/25/2015,1.904
9/28/2015,1.901
9/29/2015,1.816
9/30/2015,1.826
10/1/2015,1.844
10/2/2015,1.85
10/6/2015,1.835
10/7/2015,1.852
10/8/2015,1.831
10/9/2015,1.878
10/12/2015,1.884
10/13/2015,1.851
10/14/2015,1.791
10/15/2015,1.795
10/16/2015,1.781
10/19/2015,1.765
10/20/2015,1.776
10/21/2015,1.801
10/22/2015,1.801
10/23/2015,1.781
10/26/2015,1.807
10/27/2015,1.797
10/28/2015,1.736
10/29/2015,1.748
10/30/2015,1.741
11/2/2015,1.75
11/3/2015,1.819
11/4/2015,1.837
11/5/2015,1.888
11/6/2015,1.903
11/9/2015,1.977
11/10/2015,1.963
11/11/2015,1.95
11/12/2015,2.044
11/13/2015,2.048
11/16/2015,2.002
11/17/2015,2.036
11/18/2015,2.016
11/19/2015,2.031
11/20/2015,2.044
11/23/2015,2.066
11/24/2015,2.04
11/25/2015,2.013
11/26/2015,1.98
11/27/2015,2.002
11/30/2015,2.011
12/1/2015,2.023
12/2/2015,2.018
12/3/2015,2.047
12/4/2015,2.09
12/7/2015,2.09
12/8/2015,2.04
12/9/2015,2.031
12/10/2015,2.093
12/11/2015,2.076
12/14/2015,2.049
12/15/2015,2.048
12/16/2015,2.077
12/17/2015,2.048
12/18/2015,2.003
12/21/2015,2.01
12/22/2015,2.013
12/23/2015,2.03
12/24/2015,2.031
12/29/2015,1.982
12/30/2015,1.985
12/31/2015,2.016
1/4/2016,1.981
1/5/2016,1.987
1/6/2016,1.988
1/7/2016,1.949
1/8/2016,2.003
1/11/2016,1.979
1/12/2016,2.002
1/13/2016,2
1/14/2016,1.949
1/15/2016,1.953
1/18/2016,1.924
1/19/2016,1.935
1/20/2016,1.906
1/21/2016,1.933
1/22/2016,1.955
1/25/2016,1.953
1/27/2016,1.942
1/28/2016,1.938
1/29/2016,1.893
2/1/2016,1.881
2/2/2016,1.878
2/3/2016,1.818
2/4/2016,1.857
2/5/2016,1.849
2/8/2016,1.868
2/9/2016,1.749
2/10/2016,1.765
2/11/2016,1.756
2/12/2016,1.8
2/15/2016,1.864
2/16/2016,1.884
2/17/2016,1.861
2/18/2016,1.88
2/19/2016,1.811
2/22/2016,1.837
2/23/2016,1.807
2/24/2016,1.797
2/25/2016,1.781
2/26/2016,1.763
2/29/2016,1.769
3/1/2016,1.733
3/2/2016,1.851
3/3/2016,1.91
3/4/2016,1.928
3/7/2016,1.953
3/8/2016,1.955
3/9/2016,1.972
3/10/2016,1.967
3/11/2016,2.023
3/14/2016,2.054
3/15/2016,2.021
3/16/2016,2.006
3/17/2016,1.94
3/18/2016,1.938
3/21/2016,1.933
3/22/2016,1.969
3/23/2016,2
3/24/2016,1.96
3/29/2016,1.959
3/30/2016,1.905
3/31/2016,1.897
4/1/2016,1.938
4/4/2016,1.868
4/5/2016,1.865
4/6/2016,1.859
4/7/2016,1.858
4/8/2016,1.824
4/11/2016,1.828
4/12/2016,1.876
4/13/2016,1.91
4/14/2016,1.953
4/15/2016,1.989
4/18/2016,1.943
4/19/2016,1.999
4/20/2016,1.976
4/21/2016,2.019
4/22/2016,2.044
4/26/2016,2.056
4/27/2016,1.936
4/28/2016,1.869
4/29/2016,1.86
5/2/2016,1.87
5/3/2016,1.738
5/4/2016,1.719
5/5/2016,1.686
5/6/2016,1.577
5/9/2016,1.57
5/10/2016,1.584
5/11/2016,1.595
5/12/2016,1.577
5/13/2016,1.578
5/16/2016,1.56
5/17/2016,1.628
5/18/2016,1.619
5/19/2016,1.643
5/20/2016,1.625
5/23/2016,1.634
5/24/2016,1.624
5/25/2016,1.637
5/26/2016,1.617
5/27/2016,1.618
5/30/2016,1.638
5/31/2016,1.668
6/1/2016,1.666
6/2/2016,1.638
6/3/2016,1.618
6/6/2016,1.562
6/7/2016,1.639
6/8/2016,1.607
6/9/2016,1.6
6/10/2016,1.625
6/14/2016,1.598
6/15/2016,1.606
6/16/2016,1.563
6/17/2016,1.607
6/20/2016,1.631
6/21/2016,1.668
6/22/2016,1.717
6/23/2016,1.739
6/24/2016,1.545
6/27/2016,1.587
6/28/2016,1.561
6/29/2016,1.588
6/30/2016,1.586
7/1/2016,1.563
7/4/2016,1.616
7/5/2016,1.591
7/6/2016,1.555
7/7/2016,1.558
7/8/2016,1.579
7/11/2016,1.6
7/12/2016,1.625
7/13/2016,1.63
7/14/2016,1.619
7/15/2016,1.623
7/18/2016,1.611
7/19/2016,1.553
7/20/2016,1.545
7/21/2016,1.527
7/22/2016,1.519
7/25/2016,1.527
7/26/2016,1.549
7/27/2016,1.576
7/28/2016,1.524
7/29/2016,1.509
8/2/2016,1.425
8/3/2016,1.471
8/4/2016,1.476
8/5/2016,1.466
8/8/2016,1.491
8/9/2016,1.47
8/10/2016,1.432
8/11/2016,1.43
8/12/2016,1.455
8/15/2016,1.434
8/16/2016,1.421
8/17/2016,1.438
8/18/2016,1.426
8/19/2016,1.414
8/22/2016,1.447
8/23/2016,1.416
8/24/2016,1.413
8/25/2016,1.427
8/26/2016,1.437
8/29/2016,1.466
8/30/2016,1.449
8/31/2016,1.437
9/1/2016,1.459
9/2/2016,1.48
9/5/2016,1.493
9/6/2016,1.503
9/7/2016,1.469
9/8/2016,1.503
9/9/2016,1.547
9/12/2016,1.593
9/13/2016,1.581
9/14/2016,1.584
9/15/2016,1.592
9/16/2016,1.573
9/19/2016,1.616
9/20/2016,1.627
9/21/2016,1.621
9/22/2016,1.592
9/23/2016,1.605
9/26/2016,1.597
9/27/2016,1.606
9/28/2016,1.576
9/29/2016,1.585
9/30/2016,1.547
10/4/2016,1.605
10/5/2016,1.636
10/6/2016,1.654
10/7/2016,1.672
10/10/2016,1.684
10/11/2016,1.711
10/12/2016,1.748
10/13/2016,1.713
10/14/2016,1.738
10/17/2016,1.736
10/18/2016,1.73
10/19/2016,1.707
10/20/2016,1.657
10/21/2016,1.664
10/24/2016,1.64
10/25/2016,1.66
10/26/2016,1.686
10/27/2016,1.698
10/28/2016,1.683
10/31/2016,1.642
11/1/2016,1.674
11/2/2016,1.643
11/3/2016,1.631
11/4/2016,1.646
11/7/2016,1.656
11/8/2016,1.656
11/9/2016,1.571
11/10/2016,1.678
11/11/2016,1.705
11/14/2016,1.755
11/15/2016,1.767
11/16/2016,1.748
11/17/2016,1.708
11/18/2016,1.738
11/21/2016,1.728
11/22/2016,1.725
11/23/2016,1.738
11/24/2016,1.767
11/25/2016,1.762
11/28/2016,1.736
11/29/2016,1.757
11/30/2016,1.761
12/1/2016,1.793
12/2/2016,1.809
12/5/2016,1.776
12/6/2016,1.779
12/7/2016,1.74
12/8/2016,1.739
12/9/2016,1.772
12/12/2016,1.796
12/13/2016,1.774
12/14/2016,1.76
12/15/2016,1.821
12/16/2016,1.804
12/19/2016,1.847
12/20/2016,1.866
12/21/2016,1.874
12/22/2016,1.886
12/23/2016,1.906
12/28/2016,1.906
12/29/2016,1.857
12/30/2016,1.828
1/3/2017,1.898
1/4/2017,1.922
1/5/2017,1.889
1/6/2017,1.845
1/9/2017,1.901
1/10/2017,1.861
1/11/2017,1.862
1/12/2017,1.82
1/13/2017,1.852
1/16/2017,1.848
1/17/2017,1.857
1/18/2017,1.857
1/19/2017,1.889
1/20/2017,1.894
1/23/2017,1.878
1/24/2017,1.837
1/25/2017,1.839
1/27/2017,1.844
1/30/2017,1.812
1/31/2017,1.777
2/1/2017,1.799
2/2/2017,1.818
2/3/2017,1.85
2/6/2017,1.828
2/7/2017,1.805
2/8/2017,1.797
2/9/2017,1.785
2/10/2017,1.818
2/13/2017,1.803
2/14/2017,1.833
2/15/2017,1.865
2/16/2017,1.855
2/17/2017,1.855
2/20/2017,1.834
2/21/2017,1.843
2/22/2017,1.861
2/23/2017,1.826
2/24/2017,1.793
2/27/2017,1.794
2/28/2017,1.805
3/1/2017,1.839
3/2/2017,1.819
3/3/2017,1.827
3/6/2017,1.831
3/7/2017,1.853
3/8/2017,1.875
3/9/2017,1.902
3/10/2017,1.922
3/13/2017,1.892
3/14/2017,1.879
3/15/2017,1.879
3/16/2017,1.823
3/17/2017,1.827
3/20/2017,1.795
3/21/2017,1.792
3/22/2017,1.78
3/23/2017,1.773
3/24/2017,1.756
3/27/2017,1.738
3/28/2017,1.737
3/29/2017,1.752
3/30/2017,1.756
3/31/2017,1.749
4/3/2017,1.735
4/4/2017,1.707
4/5/2017,1.7
4/6/2017,1.683
4/7/2017,1.652
4/10/2017,1.657
4/11/2017,1.651
4/12/2017,1.636
4/13/2017,1.629
4/18/2017,1.624
4/19/2017,1.617
4/20/2017,1.636
4/21/2017,1.65
4/24/2017,1.656
4/26/2017,1.689
4/27/2017,1.676
4/28/2017,1.652
5/1/2017,1.656
5/2/2017,1.667
5/3/2017,1.666
5/4/2017,1.711
5/5/2017,1.707
5/8/2017,1.721
5/9/2017,1.721
5/10/2017,1.692
5/11/2017,1.68
5/12/2017,1.668
5/15/2017,1.646
5/16/2017,1.64
5/17/2017,1.612
5/18/2017,1.625
5/19/2017,1.609
5/22/2017,1.612
5/23/2017,1.601
5/24/2017,1.605
5/25/2017,1.587
5/26/2017,1.571
5/29/2017,1.579
5/30/2017,1.565
5/31/2017,1.546
6/1/2017,1.558
6/2/2017,1.573
6/5/2017,1.576
6/6/2017,1.558
6/7/2017,1.596
6/8/2017,1.599
6/9/2017,1.61
6/13/2017,1.605
6/14/2017,1.623
6/15/2017,1.638
6/16/2017,1.667
6/19/2017,1.678
6/20/2017,1.689
6/21/2017,1.668
6/22/2017,1.656
6/23/2017,1.658
6/26/2017,1.656
6/27/2017,1.643
6/28/2017,1.675
6/29/2017,1.683
6/30/2017,1.729
7/3/2017,1.824
7/4/2017,1.772
7/5/2017,1.786
7/6/2017,1.801
7/7/2017,1.855
7/10/2017,1.854
7/11/2017,1.874
7/12/2017,1.858
7/13/2017,1.822
7/14/2017,1.832
7/17/2017,1.844
7/18/2017,1.898
7/19/2017,1.897
7/20/2017,1.907
7/21/2017,1.838
7/24/2017,1.83
7/25/2017,1.84
7/26/2017,1.841
7/27/2017,1.809
7/28/2017,1.81
7/31/2017,1.791
8/1/2017,1.808
8/2/2017,1.799
8/3/2017,1.783
8/4/2017,1.775
8/8/2017,1.785
8/9/2017,1.801
8/10/2017,1.811
8/11/2017,1.768
8/14/2017,1.786
8/15/2017,1.801
8/16/2017,1.823
8/17/2017,1.813
8/18/2017,1.797
8/21/2017,1.814
8/22/2017,1.827
8/23/2017,1.845
8/24/2017,1.824
8/25/2017,1.833
8/28/2017,1.861
8/29/2017,1.838
8/30/2017,1.877
8/31/2017,1.885
9/1/2017,1.857
9/4/2017,1.832
9/5/2017,1.881
9/6/2017,1.836
9/7/2017,1.874
9/8/2017,1.855
9/11/2017,1.861
9/12/2017,1.867
9/13/2017,1.889
9/14/2017,1.912
9/15/2017,1.94
9/18/2017,1.979
9/19/2017,1.996
9/20/2017,2
9/21/2017,1.982
9/22/2017,1.962
9/25/2017,1.962
9/26/2017,1.944
9/27/2017,1.947
9/28/2017,1.974
9/29/2017,1.954
10/3/2017,1.955
10/4/2017,1.94
10/5/2017,1.904
10/6/2017,1.924
10/9/2017,1.914
10/10/2017,1.94
10/11/2017,1.943
10/12/2017,1.937
10/13/2017,1.927
10/16/2017,1.902
10/17/2017,1.91
10/18/2017,1.894
10/19/2017,1.932
10/20/2017,1.939
10/23/2017,1.947
10/24/2017,1.93
10/25/2017,1.882
10/26/2017,1.862
10/27/2017,1.871
10/30/2017,1.846
10/31/2017,1.821
11/1/2017,1.834
11/2/2017,1.818
11/3/2017,1.768
11/6/2017,1.773
11/7/2017,1.781
11/8/2017,1.792
11/9/2017,1.796
11/10/2017,1.795
11/13/2017,1.791
11/14/2017,1.832
11/15/2017,1.781
11/16/2017,1.788
11/17/2017,1.777
11/20/2017,1.769
11/21/2017,1.769
11/22/2017,1.775
11/23/2017,1.761
11/24/2017,1.764
11/27/2017,1.764
11/28/2017,1.742
11/29/2017,1.719
11/30/2017,1.735
12/1/2017,1.765
12/4/2017,1.779
12/5/2017,1.835
12/6/2017,1.776
12/7/2017,1.778
12/8/2017,1.799
12/11/2017,1.825
12/12/2017,1.823
12/13/2017,1.842
12/14/2017,1.902
12/15/2017,1.884
12/18/2017,1.901
12/19/2017,1.921
12/20/2017,1.94
12/21/2017,1.968
12/22/2017,1.992
12/27/2017,2.002
12/28/2017,2.006
12/29/2017,1.968
1/2/2018,2.053
1/3/2018,2.047
1/4/2018,2.015
1/5/2018,1.971
1/8/2018,1.979
1/9/2018,2
1/10/2018,2.01
1/11/2018,2.031
1/12/2018,2.027
1/15/2018,2.043
1/16/2018,2.06
1/17/2018,2.074
1/18/2018,2.073
1/19/2018,2.107
1/22/2018,2.1
1/23/2018,2.083
1/24/2018,2.079
1/25/2018,2.07
1/29/2018,2.078
1/30/2018,2.085
1/31/2018,2.026
2/1/2018,1.998
2/2/2018,2.005
2/5/2018,2.055
2/6/2018,2.01
2/7/2018,1.981
2/8/2018,2.011
2/9/2018,1.975
2/12/2018,1.994
2/13/2018,1.983
2/14/2018,1.982
2/15/2018,2.005
2/16/2018,2.019
2/19/2018,2.018
2/20/2018,2.039
2/21/2018,2.009
2/22/2018,2.002
2/23/2018,1.974
2/26/2018,1.954
2/27/2018,1.952
2/28/2018,1.996
3/1/2018,1.979
3/2/2018,1.963
3/5/2018,1.967
3/6/2018,2.007
3/7/2018,1.988
3/8/2018,1.991
3/9/2018,2.002
3/12/2018,2.031
3/13/2018,2.028
3/14/2018,1.984
3/15/2018,1.958
3/16/2018,1.961
3/19/2018,1.971
3/20/2018,1.99
3/21/2018,2.016
3/22/2018,2.057
3/23/2018,2.026
3/26/2018,2.037
3/27/2018,2.032
3/28/2018,1.977
3/29/2018,2.013
4/3/2018,2.039
4/4/2018,2.06
4/5/2018,2.043
4/6/2018,2.027
4/9/2018,2.023
4/10/2018,2.035
4/11/2018,2.031
4/12/2018,2.029
4/13/2018,2.077
4/16/2018,2.094
4/17/2018,2.118
4/18/2018,2.114
4/19/2018,2.11
4/20/2018,2.098
4/23/2018,2.129
4/24/2018,2.103
4/26/2018,2.106
4/27/2018,2.08
4/30/2018,2.042
5/1/2018,2.042
5/2/2018,2.047
5/3/2018,2.045
5/4/2018,2.023
5/7/2018,2.014
5/8/2018,2.013
5/9/2018,2.016
5/10/2018,2.012
5/11/2018,2.008
5/14/2018,1.993
5/15/2018,2.031
5/16/2018,2.05
5/17/2018,2.05
5/18/2018,2.045
5/21/2018,2.034
5/22/2018,2.034
5/23/2018,2.032
5/24/2018,2.021
5/25/2018,2.005
5/28/2018,1.992
5/29/2018,1.981
5/30/2018,1.967
5/31/2018,1.981
6/1/2018,2.011
6/4/2018,2.054
6/5/2018,2.041
6/6/2018,2.073
6/7/2018,2.095
6/8/2018,2.051
6/12/2018,2.068
6/13/2018,2.055
6/14/2018,2.031
6/15/2018,2.016
6/18/2018,2.007
6/19/2018,2.01
6/20/2018,2.048
6/21/2018,2.053
6/22/2018,2.027
6/25/2018,2.029
6/26/2018,2.025
6/27/2018,2.012
6/28/2018,1.99
6/29/2018,1.985
7/2/2018,1.996
7/3/2018,2.015
7/4/2018,2.01
7/5/2018,2.012
7/6/2018,2.032
7/9/2018,2.019
7/10/2018,2.046
7/11/2018,2.016
7/12/2018,2.027
7/13/2018,2.037
7/16/2018,2.039
7/17/2018,2.067
7/18/2018,2.066
7/19/2018,2.101
7/20/2018,2.074
7/23/2018,2.099
7/24/2018,2.121
7/25/2018,2.092
7/26/2018,2.071
7/27/2018,2.048
7/30/2018,2.059
7/31/2018,2.069
8/1/2018,2.082
8/2/2018,2.096
8/3/2018,2.101
8/7/2018,2.06
8/8/2018,2.069
8/9/2018,2.041
8/10/2018,1.996
8/13/2018,2.001
8/14/2018,1.998
8/15/2018,1.994
8/16/2018,1.992
8/17/2018,1.987
8/20/2018,1.986
8/21/2018,2.004
8/22/2018,2.001
8/23/2018,1.98
8/24/2018,1.992
8/27/2018,2.002
8/28/2018,2.007
8/29/2018,1.979
8/30/2018,1.992
8/31/2018,1.966
9/3/2018,1.964
9/4/2018,1.979
9/5/2018,1.997
9/6/2018,1.989
9/7/2018,1.979
9/10/2018,1.999
9/11/2018,2.004
9/12/2018,2.003
9/13/2018,2.032
9/14/2018,2.023
9/17/2018,2.027
9/18/2018,2.067
9/19/2018,2.12
9/20/2018,2.12
9/21/2018,2.093
9/24/2018,2.088
9/25/2018,2.109
9/26/2018,2.085
9/27/2018,2.051
9/28/2018,2.034
10/2/2018,2.007
10/3/2018,1.97
10/4/2018,1.994
10/5/2018,1.987
10/8/2018,2.021
10/9/2018,2.037
10/10/2018,2.037
10/11/2018,2.027
10/12/2018,2.047
10/15/2018,2.034
10/16/2018,2.037
10/17/2018,2.026
10/18/2018,2.048
10/19/2018,2.026
10/22/2018,2.032
10/23/2018,2.015
10/24/2018,2.005
10/25/2018,1.986
10/26/2018,1.987
10/29/2018,1.968
10/30/2018,1.9645
10/31/2018,1.9738
11/1/2018,2
11/2/2018,2.0215
11/5/2018,2.0492
11/6/2018,2.044
11/7/2018,2.0435
11/8/2018,2.073
11/9/2018,2.0825
11/12/2018,2.0758
11/13/2018,2.0658
11/14/2018,2.0518
11/15/2018,2.0763
11/16/2018,2.0515
11/19/2018,2.0418
11/20/2018,2.057
11/21/2018,2.048
11/22/2018,2.0405
11/23/2018,2.0323
11/26/2018,2.021
11/27/2018,2.0228
11/28/2018,2.018
11/29/2018,2.0048
11/30/2018,1.9938
12/3/2018,1.9998
12/4/2018,1.9745
12/5/2018,1.9608
12/6/2018,1.9243
12/7/2018,1.915
12/10/2018,1.9223
12/11/2018,1.9448
12/12/2018,1.949
12/13/2018,1.9888
12/14/2018,1.9833
12/17/2018,1.9708
12/18/2018,1.9513
12/19/2018,1.9453
12/20/2018,1.931
12/21/2018,1.9728
12/24/2018,1.947
12/27/2018,1.9533
12/28/2018,1.9345
12/31/2018,1.8998
1/2/2019,1.8178
1/3/2019,1.7518
1/4/2019,1.7948
1/7/2019,1.811
1/8/2019,1.8368
1/9/2019,1.855
1/10/2019,1.8475
1/11/2019,1.84
1/14/2019,1.8095
1/15/2019,1.8263
1/16/2019,1.8155
1/17/2019,1.8195
1/18/2019,1.8443
1/21/2019,1.8418
1/22/2019,1.8443
1/23/2019,1.8235
1/24/2019,1.8005
1/25/2019,1.751
1/29/2019,1.7608
1/30/2019,1.7933
1/31/2019,1.7955
2/1/2019,1.7763
2/4/2019,1.7898
2/5/2019,1.806
2/6/2019,1.7145
2/7/2019,1.7025
2/8/2019,1.6713
2/11/2019,1.677
2/12/2019,1.713
2/13/2019,1.7413
2/14/2019,1.7488
2/15/2019,1.7203
2/18/2019,1.748
2/19/2019,1.7448
2/20/2019,1.7108
2/21/2019,1.657
2/22/2019,1.6973
2/25/2019,1.7118
2/26/2019,1.7133
2/27/2019,1.6963
2/28/2019,1.6925
3/1/2019,1.7318
3/4/2019,1.7468
3/5/2019,1.7235
3/6/2019,1.6588
3/7/2019,1.6773
3/8/2019,1.6518
3/11/2019,1.6593
3/12/2019,1.6638
3/13/2019,1.5983
3/14/2019,1.5853
3/15/2019,1.5953
3/18/2019,1.6038
3/19/2019,1.5623
3/20/2019,1.5478
3/21/2019,1.5298
3/22/2019,1.4968
3/25/2019,1.47
3/26/2019,1.5143
3/27/2019,1.48
3/28/2019,1.4535
3/29/2019,1.4617
4/1/2019,1.4788
4/2/2019,1.4438
4/3/2019,1.4603
4/4/2019,1.492
4/5/2019,1.503
4/8/2019,1.4743
4/9/2019,1.4828
4/10/2019,1.4857
4/11/2019,1.4808
4/12/2019,1.4888
4/15/2019,1.5223
4/16/2019,1.496
4/17/2019,1.5053
4/18/2019,1.509
4/23/2019,1.4693
4/24/2019,1.317
4/26/2019,1.3345
4/29/2019,1.3395
4/30/2019,1.3218
5/1/2019,1.3163
5/2/2019,1.319
5/3/2019,1.316
5/6/2019,1.2845
5/7/2019,1.3635
5/8/2019,1.3283
5/9/2019,1.3103
5/10/2019,1.3145
5/13/2019,1.306
5/14/2019,1.2825
5/15/2019,1.279
5/16/2019,1.225
5/17/2019,1.2117
5/20/2019,1.256
5/21/2019,1.201
5/22/2019,1.1968
5/23/2019,1.1532
5/24/2019,1.1067
5/27/2019,1.1372
5/28/2019,1.1278
5/29/2019,1.1075
5/30/2019,1.1418
5/31/2019,1.1147
6/3/2019,1.1298
6/4/2019,1.1215
6/5/2019,1.0843
6/6/2019,1.0633
6/7/2019,1.0793
6/11/2019,1.064
6/12/2019,1.0448
6/13/2019,1.01
6/14/2019,0.9993
6/17/2019,1.0328
6/18/2019,1.0133
6/19/2019,0.979
6/20/2019,0.935
6/21/2019,0.9075
6/24/2019,0.9148
6/25/2019,0.9073
6/26/2019,0.9495
6/27/2019,0.9863
6/28/2019,0.9775
7/1/2019,0.9828
7/2/2019,0.9678
7/3/2019,0.929
7/4/2019,0.9413
7/5/2019,0.9413
7/8/2019,0.9633
7/9/2019,0.9588
7/10/2019,0.9833
7/11/2019,0.9453
7/12/2019,0.9915
7/15/2019,0.997
7/16/2019,0.964
7/17/2019,0.948
7/18/2019,0.9468
7/19/2019,0.956
7/22/2019,0.9498
7/23/2019,0.9468
7/24/2019,0.9138
7/25/2019,0.8733
7/26/2019,0.88
7/29/2019,0.8613
7/30/2019,0.85
7/31/2019,0.8408
8/1/2019,0.8698
8/2/2019,0.7913
8/6/2019,0.7588
8/7/2019,0.714
8/8/2019,0.7415
8/9/2019,0.7268
8/12/2019,0.723
8/13/2019,0.717
8/14/2019,0.7235
8/15/2019,0.7243
8/16/2019,0.729
8/19/2019,0.7378
8/20/2019,0.737
8/21/2019,0.7318
8/22/2019,0.7288
8/23/2019,0.75
8/26/2019,0.7045
8/27/2019,0.732
8/28/2019,0.727
8/29/2019,0.721
8/30/2019,0.7215
9/2/2019,0.735
9/3/2019,0.7468
9/4/2019,0.7695
9/5/2019,0.801
9/6/2019,0.8635
9/9/2019,0.8555
9/10/2019,0.875
9/11/2019,0.9018
9/12/2019,0.9043
9/13/2019,0.907
9/16/2019,0.9213
9/17/2019,0.8718
9/18/2019,0.8765
9/19/2019,0.7933
9/20/2019,0.761
9/23/2019,0.76
9/24/2019,0.7443
9/25/2019,0.7375
9/26/2019,0.7303
9/27/2019,0.731
9/30/2019,0.7703
10/1/2019,0.6775
10/2/2019,0.6478
10/3/2019,0.626
10/4/2019,0.6125
10/8/2019,0.6188
10/9/2019,0.615
10/10/2019,0.614
10/11/2019,0.6885
10/14/2019,0.7035
10/15/2019,0.691
10/16/2019,0.7095
10/17/2019,0.7545
10/18/2019,0.7663
10/21/2019,0.7845
10/22/2019,0.7895
10/23/2019,0.7555
10/24/2019,0.74
10/25/2019,0.7263
10/28/2019,0.7493
10/29/2019,0.8195
10/30/2019,0.7943
10/31/2019,0.821
11/1/2019,0.8013
11/4/2019,0.8423
11/5/2019,0.8708
11/6/2019,0.894
11/7/2019,0.8578
11/8/2019,0.8858
11/11/2019,0.8713
11/12/2019,0.8518
11/13/2019,0.8348
11/14/2019,0.7625
11/15/2019,0.7725
11/18/2019,0.774
11/19/2019,0.7485
11/20/2019,0.7415
11/21/2019,0.7533
11/22/2019,0.7615
11/25/2019,0.7623
11/26/2019,0.7633
11/27/2019,0.683
11/28/2019,0.6547
11/29/2019,0.6765
12/2/2019,0.7098
12/3/2019,0.7868
12/4/2019,0.7085
12/5/2019,0.7145
12/6/2019,0.7308
12/9/2019,0.747
12/10/2019,0.7258
12/11/2019,0.7593
12/12/2019,0.748
12/13/2019,0.8162
12/16/2019,0.7723
12/17/2019,0.7493
12/18/2019,0.7817
12/19/2019,0.842
12/20/2019,0.877
12/23/2019,0.8895
12/24/2019,0.9035
12/27/2019,0.913
12/30/2019,0.9038
12/31/2019,0.9208
1/2/2020,0.881
1/3/2020,0.8263
1/6/2020,0.7985
1/7/2020,0.7978
1/8/2020,0.7763
1/9/2020,0.8058
1/10/2020,0.8198
1/13/2020,0.8048
1/14/2020,0.823
1/15/2020,0.8095
1/16/2020,0.7873
1/17/2020,0.7757
1/20/2020,0.7653
1/21/2020,0.7565
1/22/2020,0.7235
1/23/2020,0.7525
1/24/2020,0.7577
1/28/2020,0.6703
1/29/2020,0.7068
1/30/2020,0.661
1/31/2020,0.6545
2/3/2020,0.6295
2/4/2020,0.6555
2/5/2020,0.7483
2/6/2020,0.7897
2/7/2020,0.7505
2/10/2020,0.736
2/11/2020,0.742
2/12/2020,0.772
2/13/2020,0.7665
2/14/2020,0.7573
2/17/2020,0.7625
2/18/2020,0.7523
2/19/2020,0.7483
2/20/2020,0.7112
2/21/2020,0.6718
2/24/2020,0.6525
2/25/2020,0.6635
2/26/2020,0.6427
2/27/2020,0.6045
2/28/2020,0.5463
3/2/2020,0.4725
3/3/2020,0.4625
3/4/2020,0.3905
3/5/2020,0.4215
3/6/2020,0.3973
3/9/2020,0.425
3/10/2020,0.4958
3/11/2020,0.4233
3/12/2020,0.4435
3/13/2020,0.5708
3/16/2020,0.5037
3/17/2020,0.5243
3/18/2020,0.5478
3/19/2020,0.3395
3/20/2020,0.2713
3/23/2020,0.274
3/24/2020,0.2925
3/25/2020,0.2735
3/26/2020,0.273
3/27/2020,0.2393
3/30/2020,0.2585
3/31/2020,0.2498
4/1/2020,0.2058
4/2/2020,0.2218
4/3/2020,0.214
4/6/2020,0.2185
4/7/2020,0.2248
4/8/2020,0.2218
4/9/2020,0.2323
4/14/2020,0.232
4/15/2020,0.2368
4/16/2020,0.223
4/17/2020,0.2255
4/20/2020,0.226
4/21/2020,0.23
4/22/2020,0.2248
4/23/2020,0.235
4/24/2020,0.2323
4/27/2020,0.234
4/28/2020,0.2288
4/29/2020,0.2228
4/30/2020,0.2178
5/1/2020,0.2128
5/4/2020,0.2115
5/5/2020,0.2125
5/6/2020,0.2268
5/7/2020,0.2278
5/8/2020,0.213
5/11/2020,0.2148
5/12/2020,0.2255
5/13/2020,0.2343
5/14/2020,0.2505
5/15/2020,0.2528
5/18/2020,0.2528
5/19/2020,0.2653
5/20/2020,0.2613
5/21/2020,0.2542
5/22/2020,0.256
5/25/2020,0.261
5/26/2020,0.2663
5/27/2020,0.26
5/28/2020,0.264
5/29/2020,0.2663
6/1/2020,0.2663
6/2/2020,0.2665
6/3/2020,0.2725
6/4/2020,0.2838
6/5/2020,0.2865
6/9/2020,0.2793
6/10/2020,0.2805
6/11/2020,0.2725
6/12/2020,0.269
6/15/2020,0.265
6/16/2020,0.267
6/17/2020,0.2665
6/18/2020,0.2565
6/19/2020,0.261
6/22/2020,0.2605
6/23/2020,0.26
6/24/2020,0.2525
6/25/2020,0.251
6/26/2020,0.248
6/29/2020,0.252
6/30/2020,0.249
7/1/2020,0.2548
7/2/2020,0.251
7/3/2020,0.2512
7/6/2020,0.2502
7/7/2020,0.2508
7/8/2020,0.249
7/9/2020,0.2522
7/10/2020,0.2478
7/13/2020,0.2573
7/14/2020,0.263
7/15/2020,0.2585
7/16/2020,0.259
7/17/2020,0.2603
7/20/2020,0.2635
7/21/2020,0.2625
7/22/2020,0.269
7/23/2020,0.2645
7/24/2020,0.2645
7/27/2020,0.2695
7/28/2020,0.2703
7/29/2020,0.2675
7/30/2020,0.2655
7/31/2020,0.266
8/4/2020,0.2565
8/5/2020,0.257
8/6/2020,0.2645
8/7/2020,0.2575
8/10/2020,0.2603
8/11/2020,0.261
8/12/2020,0.261
8/13/2020,0.2618
8/14/2020,0.2625
8/17/2020,0.2655
8/18/2020,0.2668
8/19/2020,0.267
8/20/2020,0.263
8/21/2020,0.2625
8/24/2020,0.2605
8/25/2020,0.2468
8/26/2020,0.2502
8/27/2020,0.248
8/28/2020,0.2535
8/31/2020,0.2522
9/1/2020,0.243
9/2/2020,0.2458
9/3/2020,0.2453
9/4/2020,0.2428
9/7/2020,0.243
9/8/2020,0.2455
9/9/2020,0.239
9/10/2020,0.2203
9/11/2020,0.2173
9/14/2020,0.2022
9/15/2020,0.1933
9/16/2020,0.1855
9/17/2020,0.175
9/18/2020,0.1788
9/21/2020,0.1685
9/22/2020,0.1615
9/23/2020,0.1488
9/24/2020,0.1445
9/25/2020,0.148
9/28/2020,0.149
9/29/2020,0.1533
9/30/2020,0.155
10/1/2020,0.1795
10/2/2020,0.179
10/6/2020,0.1765
10/7/2020,0.147
10/8/2020,0.1523
10/9/2020,0.15
10/12/2020,0.1475
10/13/2020,0.1495
10/14/2020,0.152
10/15/2020,0.1443
10/16/2020,0.1392
10/19/2020,0.143
10/20/2020,0.129
10/21/2020,0.1268
10/22/2020,0.1258
10/23/2020,0.128
10/26/2020,0.1145
10/27/2020,0.1138
10/28/2020,0.1133
10/29/2020,0.1143
10/30/2020,0.1125
11/2/2020,0.1135
11/3/2020,0.0965
11/4/2020,0.1028
11/5/2020,0.1013
11/6/2020,0.1
11/9/2020,0.0968
11/10/2020,0.1025
11/11/2020,0.1048
11/12/2020,0.1003
11/13/2020,0.1063
11/16/2020,0.0998
11/17/2020,0.1008
11/18/2020,0.0978
11/19/2020,0.0988
11/20/2020,0.0968
11/23/2020,0.0908
11/24/2020,0.0918
11/25/2020,0.0948
11/26/2020,0.0945
11/27/2020,0.0895
11/30/2020,0.091
12/1/2020,0.0955
12/2/2020,0.0973
12/3/2020,0.1018
12/4/2020,0.0998
12/7/2020,0.0975
12/8/2020,0.0938
12/9/2020,0.0935
12/10/2020,0.0878
12/11/2020,0.0872
12/14/2020,0.0945
12/15/2020,0.0938
12/16/2020,0.0968
12/17/2020,0.1065
12/18/2020,0.106
12/21/2020,0.0898
12/22/2020,0.0842
12/23/2020,0.0865
12/24/2020,0.081
12/29/2020,0.0775
12/30/2020,0.0765
12/31/2020,0.0733
1/4/2021,0.0998
1/5/2021,0.101
1/6/2021,0.1045
1/7/2021,0.103
1/8/2021,0.1015
1/11/2021,0.1
1/12/2021,0.101
1/13/2021,0.1005
1/14/2021,0.0998
1/15/2021,0.0988
1/18/2021,0.098
1/19/2021,0.1
1/20/2021,0.0993
1/21/2021,0.0998
1/22/2021,0.1028
1/25/2021,0.1
1/27/2021,0.1028
1/28/2021,0.1023
1/29/2021,0.105
2/1/2021,0.1063
2/2/2021,0.1105
2/3/2021,0.1068
2/4/2021,0.1107
2/5/2021,0.1078
2/8/2021,0.1038
2/9/2021,0.102
2/10/2021,0.0993
2/11/2021,0.0983
2/12/2021,0.1
2/15/2021,0.1023
2/16/2021,0.1038
2/17/2021,0.1155
2/18/2021,0.1163
2/19/2021,0.1225
2/22/2021,0.1248
2/23/2021,0.1218
2/24/2021,0.1223
2/25/2021,0.1275
2/26/2021,0.1195
3/1/2021,0.1153
3/2/2021,0.118
3/3/2021,0.113
3/4/2021,0.1298
3/5/2021,0.127
3/8/2021,0.13
3/9/2021,0.1135
3/10/2021,0.1023
3/11/2021,0.101
3/12/2021,0.09
3/15/2021,0.0872
3/16/2021,0.0878
3/17/2021,0.0847
3/18/2021,0.0973
3/19/2021,0.0943
3/22/2021,0.0878
3/23/2021,0.086
3/24/2021,0.0838
3/25/2021,0.0818
3/26/2021,0.0775
3/29/2021,0.072
3/30/2021,0.0788
3/31/2021,0.0845
4/1/2021,0.0788
4/6/2021,0.0763
4/7/2021,0.0773
4/8/2021,0.0775
4/9/2021,0.0763
4/12/2021,0.0765
4/13/2021,0.0765
4/14/2021,0.0748
4/15/2021,0.0778
4/16/2021,0.0763
4/19/2021,0.0758
4/20/2021,0.0778
4/21/2021,0.0712
4/22/2021,0.0753
4/23/2021,0.0753
4/26/2021,0.077
4/27/2021,0.0783
4/28/2021,0.0785
4/29/2021,0.0788
4/30/2021,0.0788
5/3/2021,0.0815
5/4/2021,0.0845
5/5/2021,0.0865
5/6/2021,0.089
5/7/2021,0.087
5/10/2021,0.0808
5/11/2021,0.0765
5/12/2021,0.0823
5/13/2021,0.0763
5/14/2021,0.0765
5/17/2021,0.0763
5/18/2021,0.0758
5/19/2021,0.0713
5/20/2021,0.0708
5/21/2021,0.0718
5/24/2021,0.069
5/25/2021,0.0643
5/26/2021,0.0618
5/27/2021,0.0553
5/28/2021,0.0615
5/31/2021,0.0548
6/1/2021,0.0485
6/2/2021,0.0498
6/3/2021,0.0375
6/4/2021,0.0443
6/7/2021,0.0425
6/8/2021,0.0508
6/9/2021,0.0313
6/10/2021,0.0185
6/11/2021,0.0148
6/15/2021,0.0133
6/16/2021,0.016
6/17/2021,0.0212
6/18/2021,0.0573
6/21/2021,0.0783
6/22/2021,0.0725
6/23/2021,0.0683
6/24/2021,0.0633
6/25/2021,0.068
6/28/2021,0.0698
6/29/2021,0.0653
6/30/2021,0.0628
7/1/2021,0.0948
7/2/2021,0.0903
7/5/2021,0.0893
7/6/2021,0.1108
7/7/2021,0.1075
7/8/2021,0.0993
7/9/2021,0.0955
7/12/2021,0.0828
7/13/2021,0.0852
7/14/2021,0.0603
7/15/2021,0.059
7/16/2021,0.0508
7/19/2021,0.0478
7/20/2021,0.039
7/21/2021,0.0375
7/22/2021,0.0385
7/23/2021,0.0365
7/26/2021,0.043
7/27/2021,0.0385
7/28/2021,0.039
7/29/2021,0.032
7/30/2021,0.0368
8/3/2021,0.0432
8/4/2021,0.0428
8/5/2021,0.0438
8/6/2021,0.045
8/9/2021,0.0453
8/10/2021,0.0518
8/11/2021,0.051
8/12/2021,0.0485
8/13/2021,0.051
8/16/2021,0.0388
8/17/2021,0.0338
8/18/2021,0.0288
8/19/2021,0.0305
8/20/2021,0.0228
8/23/2021,0.0245
8/24/2021,0.0233
8/25/2021,0.0225
8/26/2021,0.0225
8/27/2021,0.0212
8/30/2021,0.0138
8/31/2021,0.01
9/1/2021,0.0088
9/2/2021,0.01
9/3/2021,0.0075
9/6/2021,0.01
9/7/2021,0.01
9/8/2021,0.0125
9/9/2021,0.01
9/10/2021,0.01
9/13/2021,0.0075
9/14/2021,0.01
9/15/2021,0.01
9/16/2021,0.01
9/17/2021,0.01
9/20/2021,0.0125
9/21/2021,0.01
9/22/2021,0.0125
9/23/2021,0.01
9/24/2021,0.0225
9/27/2021,0.025
9/28/2021,0.0325
9/29/2021,0.035
9/30/2021,0.0425
10/1/2021,0.05
10/5/2021,0.0775
10/6/2021,0.09
10/7/2021,0.095
10/8/2021,0.0975
10/11/2021,0.0975
10/12/2021,0.105
10/13/2021,0.105
10/14/2021,0.11
10/15/2021,0.1125
10/18/2021,0.145
10/19/2021,0.1525
10/20/2021,0.1525
10/21/2021,0.1675
10/22/2021,0.115
10/25/2021,0.125
10/26/2021,0.1525
10/27/2021,0.2075
10/28/2021,0.535
10/29/2021,0.775
11/1/2021,0.7075
11/2/2021,0.7175
11/3/2021,0.6525
11/4/2021,0.6775
11/5/2021,0.6425
11/8/2021,0.5975
11/9/2021,0.61
11/10/2021,0.6125
11/11/2021,0.7075
11/12/2021,0.7175
11/15/2021,0.6875
11/16/2021,0.71
11/17/2021,0.6925
11/18/2021,0.675
11/19/2021,0.6775
11/22/2021,0.675
11/23/2021,0.7175
11/24/2021,0.665
11/25/2021,0.68
11/26/2021,0.6625
11/29/2021,0.6525
11/30/2021,0.6375
12/1/2021,0.66
12/2/2021,0.6775
12/3/2021,0.665
12/6/2021,0.64
12/7/2021,0.675
12/8/2021,0.68
12/9/2021,0.6625
12/10/2021,0.645
12/13/2021,0.6313
12/14/2021,0.6138
12/15/2021,0.6275
12/16/2021,0.6713
12/17/2021,0.6613
12/20/2021,0.615
12/21/2021,0.6075
12/22/2021,0.5525
12/23/2021,0.565
12/24/2021,0.5762
12/29/2021,0.5525
12/30/2021,0.5813
12/31/2021,0.5888
1/4/2022,0.6488
1/5/2022,0.6525
1/6/2022,0.705
1/7/2022,0.68
1/10/2022,0.69
1/11/2022,0.6875
1/12/2022,0.675
1/13/2022,0.695
1/14/2022,0.715
1/17/2022,0.7725
1/18/2022,0.8325
1/19/2022,0.865
1/20/2022,0.89
1/21/2022,0.85
1/24/2022,0.865
1/25/2022,0.9225
1/27/2022,0.9925
1/28/2022,0.9475
1/31/2022,0.8775
2/1/2022,0.8775
2/2/2022,0.8725
2/3/2022,0.865
2/4/2022,0.94
2/7/2022,1.005
2/8/2022,1.0725
2/9/2022,1.0675
2/10/2022,1.055
2/11/2022,1.19
2/14/2022,1.1325
2/15/2022,1.2
2/16/2022,1.2225
2/17/2022,1.175
2/18/2022,1.195
2/21/2022,1.1775
2/22/2022,1.1825
2/23/2022,1.245
2/24/2022,1.16
2/25/2022,1.205
2/28/2022,1.095
3/1/2022,1.095
3/2/2022,1.01
3/3/2022,1.0875
3/4/2022,1.1225
3/7/2022,1.1225
3/8/2022,1.2025
3/9/2022,1.2575
3/10/2022,1.2775
3/11/2022,1.305
3/14/2022,1.3325
3/15/2022,1.335
3/16/2022,1.2925
3/17/2022,1.3375
3/18/2022,1.3875
3/21/2022,1.3925
3/22/2022,1.5625
3/23/2022,1.56
3/24/2022,1.505
3/25/2022,1.58
3/28/2022,1.795
3/29/2022,1.9125
3/30/2022,1.825
3/31/2022,1.8075
4/1/2022,1.8375
4/4/2022,1.8475
4/5/2022,1.9575
4/6/2022,2.1175
4/7/2022,2.1125
4/8/2022,2.1338
4/11/2022,2.1363
4/12/2022,2.17
4/13/2022,2.1225
4/14/2022,2.03
4/19/2022,2.125
4/20/2022,2.1975
4/21/2022,2.2525
4/22/2022,2.38
4/26/2022,2.35
4/27/2022,2.3825
4/28/2022,2.4
4/29/2022,2.45
5/2/2022,2.555
5/3/2022,2.755
5/4/2022,2.8925
5/5/2022,2.7175
5/6/2022,2.7525
5/9/2022,2.7575
5/10/2022,2.6975
5/11/2022,2.6625
5/12/2022,2.6175
5/13/2022,2.55
5/16/2022,2.56
5/17/2022,2.5875
5/18/2022,2.6025
5/19/2022,2.5425
5/20/2022,2.4875
5/23/2022,2.5025
5/24/2022,2.5
5/25/2022,2.39
5/26/2022,2.38
5/27/2022,2.415
5/30/2022,2.395
5/31/2022,2.47
6/1/2022,2.53
6/2/2022,2.635
6/3/2022,2.605
6/6/2022,2.62
6/7/2022,2.795
6/8/2022,2.7375
6/9/2022,2.735
6/10/2022,2.7475
6/14/2022,3.08
6/15/2022,3.3125
6/16/2022,3.1825
6/17/2022,3.315
6/20/2022,3.275
6/21/2022,3.15
6/22/2022,3.005
6/23/2022,2.895
6/24/2022,2.7475
6/27/2022,2.805
6/28/2022,2.78
6/29/2022,2.7175
6/30/2022,2.63
7/1/2022,2.4925
7/4/2022,2.46
7/5/2022,2.485
7/6/2022,2.445
7/7/2022,2.5125
7/8/2022,2.57
7/11/2022,2.6075
7/12/2022,2.515
7/13/2022,2.495
7/14/2022,2.595
7/15/2022,2.5825
7/18/2022,2.665
7/19/2022,2.7575
7/20/2022,2.815
7/21/2022,2.8225
7/22/2022,2.7425
7/25/2022,2.6825
7/26/2022,2.7125
7/27/2022,2.61
7/28/2022,2.5775
7/29/2022,2.43
8/2/2022,2.47
8/3/2022,2.5975
8/4/2022,2.665
8/5/2022,2.625
8/8/2022,2.6975
8/9/2022,2.72
8/10/2022,2.785
8/11/2022,2.805
8/12/2022,2.88
8/15/2022,2.8475
8/16/2022,2.7275
8/17/2022,2.78
8/18/2022,2.8275
8/19/2022,2.8775
8/22/2022,2.9775
8/23/2022,3.0525
8/24/2022,3.0275
8/25/2022,3.0525
8/26/2022,2.9725
8/29/2022,3.095
8/30/2022,3.0075
8/31/2022,2.985
9/1/2022,3.055
9/2/2022,3.025
9/5/2022,3.025
9/6/2022,3.02
9/7/2022,3.0575
9/8/2022,2.9125
9/9/2022,2.935
9/12/2022,2.9975
9/13/2022,2.9525
9/14/2022,3.05
9/15/2022,3.1275
9/16/2022,3.2
9/19/2022,3.16
9/20/2022,3.13
9/21/2022,3.135
9/23/2022,3.3825
9/26/2022,3.4975
9/27/2022,3.465
9/28/2022,3.44
9/29/2022,3.36
9/30/2022,3.31
10/4/2022,3.145
10/5/2022,3.1025
10/6/2022,3.22
10/7/2022,3.2737
10/10/2022,3.27
10/11/2022,3.3788
10/12/2022,3.3038
10/13/2022,3.2975
10/14/2022,3.3875
10/17/2022,3.3875
10/18/2022,3.3275
10/19/2022,3.3925
10/20/2022,3.5175
10/21/2022,3.6475
10/24/2022,3.51
10/25/2022,3.4625
10/26/2022,3.3825
10/27/2022,3.2925
10/28/2022,3.21
10/31/2022,3.23
11/1/2022,3.1925
11/2/2022,3.275
11/3/2022,3.38
11/4/2022,3.27
11/7/2022,3.28
11/8/2022,3.4075
11/9/2022,3.305
11/10/2022,3.165
11/11/2022,3.0838
11/14/2022,3.1725
11/15/2022,3.1925
11/16/2022,3.165
11/17/2022,3.1075
11/18/2022,3.12
11/21/2022,3.1075
11/22/2022,3.1325
11/23/2022,3.1725
11/24/2022,3.155
11/25/2022,3.19
11/28/2022,3.13
11/29/2022,3.1725
11/30/2022,3.1075
12/1/2022,3.0525
12/2/2022,2.995
12/5/2022,2.9825
12/6/2022,3.07
12/7/2022,3.07
12/8/2022,3.0875
12/9/2022,3.04
12/12/2022,3.0775
12/13/2022,3.1075
12/14/2022,3.0775
12/15/2022,3.1475
12/16/2022,3.1338
12/19/2022,3.18
12/20/2022,3.2713
12/21/2022,3.1887
12/22/2022,3.2325
12/23/2022,3.27
12/28/2022,3.415
12/29/2022,3.3975
12/30/2022,3.4
1/3/2023,3.4275
1/4/2023,3.38
1/5/2023,3.38
1/6/2023,3.405
1/9/2023,3.29
1/10/2023,3.2825
1/11/2023,3.2825
1/12/2023,3.1575
1/13/2023,3.155
1/16/2023,3.1538
1/17/2023,3.1438
1/18/2023,3.0988
1/19/2023,2.8863
1/20/2023,2.9325
1/23/2023,2.97
1/24/2023,2.98
1/25/2023,3.0825
1/27/2023,3.15
1/30/2023,3.1262
1/31/2023,3.1188
2/1/2023,3.1413
2/2/2023,3.0975
2/3/2023,2.99
2/6/2023,3.0725
2/7/2023,3.225
2/8/2023,3.2488
2/9/2023,3.3188
2/10/2023,3.3975
2/13/2023,3.4475
2/14/2023,3.4388
2/15/2023,3.4488
2/16/2023,3.4388
2/17/2023,3.49
2/20/2023,3.53
2/21/2023,3.555
2/22/2023,3.5675
2/23/2023,3.5888
2/24/2023,3.5613
2/27/2023,3.6288
2/28/2023,3.5913
3/1/2023,3.5113
3/2/2023,3.5688
3/3/2023,3.5988
3/6/2023,3.5113
3/7/2023,3.3788
3/8/2023,3.4713
3/9/2023,3.4513
3/10/2023,3.3638
3/13/2023,3.2538
3/14/2023,3.0975
3/15/2023,3.1138
3/16/2023,2.8675
3/17/2023,3.0325
3/20/2023,2.85
3/21/2023,2.835
3/22/2023,3.005
3/23/2023,2.935
3/24/2023,2.87
3/27/2023,2.825
3/28/2023,2.9263
3/29/2023,2.9213
3/30/2023,3
3/31/2023,2.9538
4/3/2023,2.9938
4/4/2023,2.9088
4/5/2023,2.905
4/6/2023,2.8313
4/11/2023,2.8875
4/12/2023,2.9213
4/13/2023,2.9588
4/14/2023,2.9713
4/17/2023,3.0125
4/18/2023,3.1175
4/19/2023,3.2013
4/20/2023,3.1913
4/21/2023,3.1513
4/24/2023,3.1513
4/26/2023,2.9775
4/27/2023,3.0463
4/28/2023,3.04
5/1/2023,3.05
5/2/2023,3.2588
5/3/2023,3.2238
5/4/2023,3.0963
5/5/2023,3.0838
5/8/2023,3.1863
5/9/2023,3.2213
5/10/2023,3.2613
5/11/2023,3.2
5/12/2023,3.1688
5/15/2023,3.2588
5/16/2023,3.2638
5/17/2023,3.3013
5/18/2023,3.3963
5/19/2023,3.4963
5/22/2023,3.4788
5/23/2023,3.5463
5/24/2023,3.5038
5/25/2023,3.5838
5/26/2023,3.5975
5/29/2023,3.5863
5/30/2023,3.5875
5/31/2023,3.55
6/1/2023,3.5838
6/2/2023,3.6463
6/5/2023,3.7588
6/6/2023,3.834
6/7/2023,3.8833
6/8/2023,4.0463
6/9/2023,4.0005
6/13/2023,4.0168
6/14/2023,4.0886
6/15/2023,4.1804
6/16/2023,4.1945
6/19/2023,4.1725
6/20/2023,4.1506
6/21/2023,4.1092
6/22/2023,4.1399
6/23/2023,4.1959
6/26/2023,4.1161
6/27/2023,4.1033
6/28/2023,4.0427
6/29/2023,4.1015
6/30/2023,4.2173
7/3/2023,4.0417
7/4/2023,4.0637
7/5/2023,4.0661
7/6/2023,4.1915
7/7/2023,4.3087
7/10/2023,4.2859
7/11/2023,4.185
7/12/2023,4.1315
7/13/2023,4.0229
7/14/2023,3.967
7/17/2023,3.9726
7/18/2023,3.9443
7/19/2023,3.8583
7/20/2023,3.9741
7/21/2023,4.009
7/24/2023,3.9788
7/25/2023,4.0263
7/26/2023,3.9533
7/27/2023,3.8681
7/28/2023,3.9425
7/31/2023,3.9369
8/1/2023,3.818
8/2/2023,3.8175
8/3/2023,3.8313
8/4/2023,3.9214
8/8/2023,3.7798
8/9/2023,3.7812
8/10/2023,3.8293
8/11/2023,3.8731
8/14/2023,3.9476
8/15/2023,3.9962
8/16/2023,3.9474
8/17/2023,3.9998
8/18/2023,3.9201
8/21/2023,3.931
8/22/2023,3.9314
8/23/2023,3.8873
8/24/2023,3.8328
8/25/2023,3.8798
8/28/2023,3.9011
8/29/2023,3.8811
8/30/2023,3.8401
8/31/2023,3.7942
9/1/2023,3.7838
9/4/2023,3.8375
9/5/2023,3.8365
9/6/2023,3.8248
9/7/2023,3.8681
9/8/2023,3.8178
9/11/2023,3.8607
9/12/2023,3.8668
9/13/2023,3.8705
9/14/2023,3.8548
9/15/2023,3.8553
9/18/2023,3.9276
9/19/2023,3.908
9/20/2023,3.9635
9/21/2023,4.0656
9/22/2023,4.0517
9/25/2023,4.0263
9/26/2023,4.0746
9/27/2023,4.046
9/28/2023,4.1044
9/29/2023,4.0822
10/3/2023,4.0967
10/4/2023,4.144
10/5/2023,4.0561
10/6/2023,4.0187
10/9/2023,3.9781
10/10/2023,3.9486
10/11/2023,3.9946
10/12/2023,3.9781
10/13/2023,4.0275
10/16/2023,4.0386
10/17/2023,4.1694
10/18/2023,4.2562
10/19/2023,4.305
10/20/2023,4.2748
10/23/2023,4.2804
10/24/2023,4.2154
10/25/2023,4.3329
10/26/2023,4.3963
10/27/2023,4.3738
10/30/2023,4.4267
10/31/2023,4.4604
11/1/2023,4.4621
11/2/2023,4.364
11/3/2023,4.343
11/6/2023,4.3347
11/7/2023,4.3021
11/8/2023,4.2223
11/9/2023,4.2257
11/10/2023,4.2948
11/13/2023,4.3431
11/14/2023,4.3422
11/15/2023,4.2348
11/16/2023,4.2315
11/17/2023,4.1531
11/20/2023,4.1852
11/21/2023,4.1574
11/22/2023,4.1519
11/23/2023,4.2048
11/24/2023,4.2496
11/27/2023,4.2779
11/28/2023,4.2273
11/29/2023,4.1002
11/30/2023,4.1103
12/1/2023,4.1587
12/4/2023,4.1175
12/5/2023,4.0817
12/6/2023,3.981
12/7/2023,4.0215
12/8/2023,4.0007
12/11/2023,4.0432
12/12/2023,4.0335
12/13/2023,4.0297
12/14/2023,3.8584
12/15/2023,3.8812
12/18/2023,3.8039
12/19/2023,3.8553
12/20/2023,3.7993
12/21/2023,3.7614
12/22/2023,3.7528
12/27/2023,3.7143
12/28/2023,3.6693
12/29/2023,3.7079
1/2/2024,3.7459
1/3/2024,3.8162
1/4/2024,3.8144
1/5/2024,3.8756
1/8/2024,3.9144
1/9/2024,3.8517
1/10/2024,3.8638
1/11/2024,3.856
1/12/2024,3.8054
1/15/2024,3.7882
1/16/2024,3.8432
1/17/2024,3.8902
1/18/2024,3.9404
1/19/2024,3.9586
1/22/2024,3.9358
1/23/2024,3.8904
1/24/2024,3.8997
1/25/2024,3.8992
1/29/2024,3.8531
1/30/2024,3.8257
1/31/2024,3.6784
2/1/2024,3.6829
2/2/2024,3.6643
2/5/2024,3.7795
2/6/2024,3.798
2/7/2024,3.7522
2/8/2024,3.768
2/9/2024,3.7943
2/12/2024,3.8515
2/13/2024,3.8615
2/14/2024,3.9438
2/15/2024,3.8159
2/16/2024,3.8635
2/19/2024,3.847
2/20/2024,3.8368
2/21/2024,3.8168
2/22/2024,3.8268
2/23/2024,3.8742
2/26/2024,3.8094
2/27/2024,3.8151
2/28/2024,3.8233
2/29/2024,3.7965
3/1/2024,3.8067
3/4/2024,3.7785
3/5/2024,3.7775
3/6/2024,3.7271
3/7/2024,3.7502
3/8/2024,3.7216
3/11/2024,3.7053
3/12/2024,3.7039
3/13/2024,3.7678
3/14/2024,3.8023
3/15/2024,3.8677
3/18/2024,3.8691
3/19/2024,3.8185
3/20/2024,3.8041
3/21/2024,3.8528
3/22/2024,3.8195
3/25/2024,3.7927
3/26/2024,3.7987
3/27/2024,3.7827
3/28/2024,3.7571
4/2/2024,3.7037
4/3/2024,3.7616
4/4/2024,3.7936
4/5/2024,3.7392
4/8/2024,3.8088
4/9/2024,3.7809
4/10/2024,3.7533
4/11/2024,3.8826
4/12/2024,3.8992
4/15/2024,3.8936
4/16/2024,3.9395
4/17/2024,3.993
4/18/2024,3.9156
4/19/2024,3.878
4/22/2024,3.9319
4/23/2024,3.8966
4/24/2024,4.08
4/26/2024,4.1839
4/29/2024,4.1602
4/30/2024,4.0953
5/1/2024,4.176
5/2/2024,4.1254
5/3/2024,4.0981
5/6/2024,4.0861
5/7/2024,3.9812
5/8/2024,3.9994
5/9/2024,4.0441
5/10/2024,4.0223
5/13/2024,4.0222
5/14/2024,4.0139
5/15/2024,4.0161
5/16/2024,3.9007
5/17/2024,3.9057
5/20/2024,3.935
5/21/2024,3.9531
5/22/2024,3.9972
5/23/2024,3.9972
5/24/2024,4.0449
5/27/2024,4.0269
5/28/2024,4.021
5/29/2024,4.1348
5/30/2024,4.147
5/31/2024,4.1203
6/3/2024,4.0944
6/4/2024,4.0473
6/5/2024,4.011
6/6/2024,3.9911
6/7/2024,3.9815
6/11/2024,4.0569
6/12/2024,4.0272
6/13/2024,3.9696
6/14/2024,3.9074
6/17/2024,3.8856
6/18/2024,3.9417
6/19/2024,3.9907
6/20/2024,4.0119
6/21/2024,4.0119
6/24/2024,4.0297
6/25/2024,4.0201
6/26/2024,4.2004
6/27/2024,4.2649
6/28/2024,4.1634
7/1/2024,4.2029
7/2/2024,4.2134
7/3/2024,4.2364
7/4/2024,4.2377
7/5/2024,4.2368
7/8/2024,4.2085
7/9/2024,4.2013
7/10/2024,4.1713
7/11/2024,4.2027
7/12/2024,4.1522
7/15/2024,4.1438
7/16/2024,4.0828
7/17/2024,4.0829
7/18/2024,4.1012
7/19/2024,4.1193
7/22/2024,4.1324
7/23/2024,4.174
7/24/2024,4.1588
7/25/2024,4.1038
7/26/2024,4.1011
7/29/2024,4.0886
7/30/2024,4.0969
7/31/2024,3.8751
8/1/2024,3.8552
8/2/2024,3.8008
8/6/2024,3.7596
8/7/2024,3.8046
8/8/2024,3.7712
8/9/2024,3.7793
8/12/2024,3.7896
8/13/2024,3.7501
8/14/2024,3.6561
8/15/2024,3.6274
8/16/2024,3.6924
8/19/2024,3.6784
8/20/2024,3.7112
8/21/2024,3.6563
8/22/2024,3.6331
8/23/2024,3.6622
8/26/2024,3.5683
8/27/2024,3.6243
8/28/2024,3.6606
8/29/2024,3.6719
8/30/2024,3.6715
9/2/2024,3.7295
9/3/2024,3.7188
9/4/2024,3.6922
9/5/2024,3.6678
9/6/2024,3.6284
9/9/2024,3.6775
9/10/2024,3.6509
9/11/2024,3.6083
9/12/2024,3.6144
9/13/2024,3.5624
9/16/2024,3.5319
9/17/2024,3.5534
9/18/2024,3.5788
9/19/2024,3.6492
9/20/2024,3.6247
9/23/2024,3.6631
9/24/2024,3.5523
9/25/2024,3.5763
9/26/2024,3.606
9/27/2024,3.6321
9/30/2024,3.6435
10/1/2024,3.613
10/2/2024,3.5642
10/3/2024,3.606
10/4/2024,3.6655
10/8/2024,3.7856
10/9/2024,3.7974
10/10/2024,3.8407
10/11/2024,3.8293
10/14/2024,3.8584
10/15/2024,3.8446
10/16/2024,3.8043
10/17/2024,3.8598
10/18/2024,3.8956
10/21/2024,3.863
10/22/2024,3.9755
10/23/2024,3.9938
10/24/2024,3.9656
10/25/2024,3.9373
10/28/2024,4.0038
10/29/2024,3.9774
10/30/2024,3.9959
10/31/2024,4.0465
