Date,Close
1/4/2000,6.81
1/5/2000,6.908
1/6/2000,6.865
1/7/2000,6.88
1/10/2000,6.975
1/11/2000,7.075
1/12/2000,7.06
1/13/2000,6.93
1/14/2000,7.02
1/17/2000,7.033
1/18/2000,7.098
1/19/2000,7.028
1/20/2000,7.11
1/21/2000,7.05
1/24/2000,7.045
1/25/2000,7.043
1/27/2000,7.06
1/28/2000,6.955
1/31/2000,6.995
2/1/2000,6.945
2/2/2000,7.05
2/3/2000,7.015
2/4/2000,7
2/7/2000,7.075
2/8/2000,6.993
2/9/2000,6.98
2/10/2000,6.955
2/11/2000,6.992
2/14/2000,6.948
2/15/2000,6.945
2/16/2000,7.01
2/17/2000,7.02
2/18/2000,6.955
2/21/2000,6.865
2/22/2000,6.69
2/23/2000,6.83
2/24/2000,6.72
2/25/2000,6.555
2/28/2000,6.65
2/29/2000,6.615
3/1/2000,6.515
3/2/2000,6.59
3/3/2000,6.575
3/6/2000,6.76
3/7/2000,6.785
3/8/2000,6.705
3/9/2000,6.74
3/10/2000,6.76
3/13/2000,6.705
3/14/2000,6.57
3/15/2000,6.51
3/16/2000,6.485
3/17/2000,6.5
3/20/2000,6.535
3/21/2000,6.355
3/22/2000,6.435
3/23/2000,6.51
3/24/2000,6.635
3/27/2000,6.642
3/28/2000,6.59
3/29/2000,6.613
3/30/2000,6.6
3/31/2000,6.428
4/3/2000,6.43
4/4/2000,6.435
4/5/2000,6.365
4/6/2000,6.348
4/7/2000,6.403
4/10/2000,6.33
4/11/2000,6.255
4/12/2000,6.308
4/13/2000,6.305
4/14/2000,6.22
4/17/2000,6.09
4/18/2000,6.178
4/19/2000,6.215
4/20/2000,6.275
4/26/2000,6.383
4/27/2000,6.435
4/28/2000,6.483
5/1/2000,6.56
5/2/2000,6.557
5/3/2000,6.56
5/4/2000,6.578
5/5/2000,6.548
5/8/2000,6.535
5/9/2000,6.56
5/10/2000,6.535
5/11/2000,6.445
5/12/2000,6.44
5/15/2000,6.515
5/16/2000,6.46
5/17/2000,6.515
5/18/2000,6.58
5/19/2000,6.61
5/22/2000,6.51
5/23/2000,6.418
5/24/2000,6.393
5/25/2000,6.423
5/26/2000,6.315
5/29/2000,6.225
5/30/2000,6.265
5/31/2000,6.26
6/1/2000,6.133
6/2/2000,6.088
6/5/2000,6.12
6/6/2000,6.1
6/7/2000,6.108
6/8/2000,6.158
6/9/2000,6.073
6/13/2000,6.01
6/14/2000,6.095
6/15/2000,6.108
6/16/2000,6.095
6/19/2000,6.05
6/20/2000,6.118
6/21/2000,6.18
6/22/2000,6.208
6/23/2000,6.16
6/26/2000,6.173
6/27/2000,6.14
6/28/2000,6.155
6/29/2000,6.113
6/30/2000,6.065
7/3/2000,6.088
7/4/2000,6.005
7/5/2000,5.995
7/6/2000,6.025
7/7/2000,6.05
7/10/2000,5.965
7/11/2000,6.03
7/12/2000,6.038
7/13/2000,6.1
7/14/2000,6.043
7/17/2000,6.115
7/18/2000,6.13
7/19/2000,6.16
7/20/2000,6.168
7/21/2000,6.045
7/24/2000,6.005
7/25/2000,6.06
7/26/2000,6.085
7/27/2000,6.145
7/28/2000,6.213
7/31/2000,6.265
8/1/2000,6.258
8/2/2000,6.29
8/3/2000,6.26
8/4/2000,6.255
8/8/2000,6.213
8/9/2000,6.173
8/10/2000,6.233
8/11/2000,6.243
8/14/2000,6.305
8/15/2000,6.305
8/16/2000,6.323
8/17/2000,6.373
8/18/2000,6.37
8/21/2000,6.32
8/22/2000,6.305
8/23/2000,6.345
8/24/2000,6.31
8/25/2000,6.325
8/28/2000,6.31
8/29/2000,6.32
8/30/2000,6.388
8/31/2000,6.335
9/1/2000,6.183
9/4/2000,6.185
9/5/2000,6.105
9/6/2000,6.14
9/7/2000,6.205
9/8/2000,6.218
9/11/2000,6.185
9/12/2000,6.205
9/13/2000,6.168
9/14/2000,6.163
9/15/2000,6.145
9/18/2000,6.22
9/19/2000,6.26
9/20/2000,6.263
9/21/2000,6.305
9/22/2000,6.193
9/25/2000,6.22
9/26/2000,6.215
9/27/2000,6.223
9/28/2000,6.213
9/29/2000,6.215
10/3/2000,6.142
10/4/2000,6.155
10/5/2000,6.15
10/6/2000,6.155
10/9/2000,6.025
10/10/2000,6.09
10/11/2000,6.095
10/12/2000,6.053
10/13/2000,6.01
10/16/2000,6.075
10/17/2000,6.09
10/18/2000,6.088
10/19/2000,6.07
10/20/2000,6.025
10/23/2000,5.993
10/24/2000,5.958
10/25/2000,5.95
10/26/2000,6.035
10/27/2000,6.058
10/30/2000,6.125
10/31/2000,6.12
11/1/2000,6.04
11/2/2000,6.075
11/3/2000,6.061
11/6/2000,6.11
11/7/2000,6.08
11/8/2000,6.045
11/9/2000,5.995
11/10/2000,5.995
11/13/2000,5.93
11/14/2000,5.925
11/15/2000,5.925
11/16/2000,5.94
11/17/2000,5.86
11/20/2000,5.89
11/21/2000,5.895
11/22/2000,5.835
11/23/2000,5.863
11/24/2000,5.885
11/27/2000,5.875
11/28/2000,5.825
11/29/2000,5.755
11/30/2000,5.735
12/1/2000,5.74
12/4/2000,5.673
12/5/2000,5.528
12/6/2000,5.5
12/7/2000,5.46
12/8/2000,5.44
12/11/2000,5.503
12/12/2000,5.485
12/13/2000,5.44
12/14/2000,5.335
12/15/2000,5.37
12/18/2000,5.345
12/19/2000,5.41
12/20/2000,5.3
12/21/2000,5.313
12/22/2000,5.31
12/27/2000,5.318
12/28/2000,5.385
12/29/2000,5.337
1/2/2001,5.16
1/3/2001,5.21
1/4/2001,5.19
1/5/2001,5.025
1/8/2001,5.108
1/9/2001,5.15
1/10/2001,5.145
1/11/2001,5.11
1/12/2001,5.085
1/15/2001,5.175
1/16/2001,5.19
1/17/2001,5.178
1/18/2001,5.065
1/19/2001,5.11
1/22/2001,5.16
1/23/2001,5.145
1/24/2001,5.105
1/25/2001,5.07
1/29/2001,5.038
1/30/2001,5.03
1/31/2001,4.91
2/1/2001,4.95
2/2/2001,5.03
2/5/2001,5.02
2/6/2001,5.03
2/7/2001,5.035
2/8/2001,5.095
2/9/2001,5.095
2/12/2001,4.977
2/13/2001,4.97
2/14/2001,5.13
2/15/2001,5.238
2/16/2001,5.155
2/19/2001,5.05
2/20/2001,5.04
2/21/2001,5.02
2/22/2001,5.025
2/23/2001,4.92
2/26/2001,4.893
2/27/2001,4.9
2/28/2001,4.91
3/1/2001,4.94
3/2/2001,4.925
3/5/2001,4.865
3/6/2001,4.85
3/7/2001,4.765
3/8/2001,4.8
3/9/2001,4.775
3/12/2001,4.76
3/13/2001,4.785
3/14/2001,4.705
3/15/2001,4.665
3/16/2001,4.635
3/19/2001,4.633
3/20/2001,4.588
3/21/2001,4.605
3/22/2001,4.695
3/23/2001,4.835
3/26/2001,4.89
3/27/2001,5.048
3/28/2001,4.995
3/29/2001,4.985
3/30/2001,4.915
4/2/2001,4.88
4/3/2001,4.965
4/4/2001,4.855
4/5/2001,4.98
4/6/2001,5.07
4/9/2001,5.005
4/10/2001,5.07
4/11/2001,5.195
4/12/2001,5.285
4/17/2001,5.245
4/18/2001,5.305
4/19/2001,5.17
4/20/2001,5.33
4/23/2001,5.325
4/24/2001,5.31
4/26/2001,5.37
4/27/2001,5.26
4/30/2001,5.34
5/1/2001,5.37
5/2/2001,5.37
5/3/2001,5.315
5/4/2001,5.3
5/7/2001,5.27
5/8/2001,5.215
5/9/2001,5.215
5/10/2001,5.165
5/11/2001,5.315
5/14/2001,5.51
5/15/2001,5.57
5/16/2001,5.59
5/17/2001,5.62
5/18/2001,5.625
5/21/2001,5.71
5/22/2001,5.66
5/23/2001,5.66
5/24/2001,5.625
5/25/2001,5.665
5/28/2001,5.66
5/29/2001,5.68
5/30/2001,5.705
5/31/2001,5.64
6/1/2001,5.605
6/4/2001,5.53
6/5/2001,5.56
6/6/2001,5.725
6/7/2001,5.715
6/8/2001,5.76
6/12/2001,5.72
6/13/2001,5.615
6/14/2001,5.55
6/15/2001,5.485
6/18/2001,5.475
6/19/2001,5.515
6/20/2001,5.505
6/21/2001,5.51
6/22/2001,5.495
6/25/2001,5.415
6/26/2001,5.425
6/27/2001,5.58
6/28/2001,5.67
6/29/2001,5.77
7/2/2001,5.82
7/3/2001,5.885
7/4/2001,5.935
7/5/2001,5.875
7/6/2001,5.89
7/9/2001,5.865
7/10/2001,5.88
7/11/2001,5.805
7/12/2001,5.928
7/13/2001,5.92
7/16/2001,5.875
7/17/2001,5.85
7/18/2001,5.82
7/19/2001,5.705
7/20/2001,5.665
7/23/2001,5.705
7/24/2001,5.725
7/25/2001,5.855
7/26/2001,5.92
7/27/2001,5.865
7/30/2001,5.83
7/31/2001,5.84
8/1/2001,5.765
8/2/2001,5.765
8/3/2001,5.785
8/7/2001,5.715
8/8/2001,5.735
8/9/2001,5.41
8/10/2001,5.41
8/13/2001,5.45
8/14/2001,5.46
8/15/2001,5.52
8/16/2001,5.54
8/17/2001,5.48
8/20/2001,5.425
8/21/2001,5.45
8/22/2001,5.39
8/23/2001,5.43
8/24/2001,5.46
8/27/2001,5.375
8/28/2001,5.335
8/29/2001,5.215
8/30/2001,5.235
8/31/2001,5.23
9/3/2001,5.25
9/4/2001,5.32
9/5/2001,5.535
9/6/2001,5.55
9/7/2001,5.455
9/10/2001,5.245
9/11/2001,5.275
9/12/2001,4.99
9/13/2001,5.025
9/14/2001,5
9/17/2001,4.905
9/18/2001,4.895
9/19/2001,5
9/20/2001,4.955
9/21/2001,4.985
9/24/2001,5.02
9/25/2001,5.035
9/26/2001,4.995
9/27/2001,4.95
9/28/2001,4.945
10/1/2001,4.95
10/2/2001,4.885
10/3/2001,4.9
10/4/2001,4.925
10/5/2001,4.88
10/8/2001,4.78
10/9/2001,4.79
10/10/2001,4.835
10/11/2001,4.89
10/12/2001,4.985
10/15/2001,4.92
10/16/2001,4.9
10/17/2001,4.875
10/18/2001,4.855
10/19/2001,4.865
10/22/2001,4.895
10/23/2001,5.01
10/24/2001,4.89
10/25/2001,4.775
10/26/2001,4.76
10/29/2001,4.705
10/30/2001,4.565
10/31/2001,4.585
11/1/2001,4.64
11/2/2001,4.64
11/5/2001,4.62
11/6/2001,4.593
11/7/2001,4.518
11/8/2001,4.445
11/9/2001,4.585
11/12/2001,4.683
11/13/2001,4.775
11/14/2001,4.965
11/15/2001,5.18
11/16/2001,5.2
11/19/2001,5.22
11/20/2001,5.108
11/21/2001,5.24
11/22/2001,5.385
11/23/2001,5.44
11/26/2001,5.36
11/27/2001,5.375
11/28/2001,5.215
11/29/2001,5.205
11/30/2001,5.095
12/3/2001,5.073
12/4/2001,5.16
12/5/2001,5.16
12/6/2001,5.4
12/7/2001,5.38
12/10/2001,5.36
12/11/2001,5.318
12/12/2001,5.345
12/13/2001,5.29
12/14/2001,5.315
12/17/2001,5.38
12/18/2001,5.38
12/19/2001,5.308
12/20/2001,5.305
12/21/2001,5.335
12/24/2001,5.34
12/27/2001,5.508
12/28/2001,5.48
12/31/2001,5.47
1/2/2002,5.495
1/3/2002,5.465
1/4/2002,5.52
1/7/2002,5.473
1/8/2002,5.368
1/9/2002,5.352
1/10/2002,5.318
1/11/2002,5.115
1/14/2002,5.08
1/15/2002,5.15
1/16/2002,5.16
1/17/2002,5.22
1/18/2002,5.265
1/21/2002,5.355
1/22/2002,5.385
1/23/2002,5.51
1/24/2002,5.608
1/25/2002,5.645
1/29/2002,5.665
1/30/2002,5.568
1/31/2002,5.675
2/1/2002,5.595
2/4/2002,5.61
2/5/2002,5.513
2/6/2002,5.495
2/7/2002,5.46
2/8/2002,5.488
2/11/2002,5.595
2/12/2002,5.68
2/13/2002,5.68
2/14/2002,5.775
2/15/2002,5.64
2/18/2002,5.685
2/19/2002,5.65
2/20/2002,5.635
2/21/2002,5.665
2/22/2002,5.59
2/25/2002,5.602
2/26/2002,5.615
2/27/2002,5.71
2/28/2002,5.625
3/1/2002,5.665
3/4/2002,5.838
3/5/2002,5.815
3/6/2002,5.69
3/7/2002,5.875
3/8/2002,6.012
3/11/2002,5.998
3/12/2002,5.973
3/13/2002,6.02
3/14/2002,5.97
3/15/2002,6.1
3/18/2002,6.05
3/19/2002,6.075
3/20/2002,6.035
3/21/2002,6.103
3/22/2002,6.068
3/25/2002,6.08
3/26/2002,6.105
3/27/2002,6.03
3/28/2002,6.02
4/2/2002,6.195
4/3/2002,6.085
4/4/2002,5.948
4/5/2002,5.945
4/8/2002,5.895
4/9/2002,5.98
4/10/2002,5.885
4/11/2002,6
4/12/2002,5.975
4/15/2002,5.93
4/16/2002,5.915
4/17/2002,5.965
4/18/2002,5.91
4/19/2002,5.94
4/22/2002,5.92
4/23/2002,5.925
4/24/2002,5.98
4/26/2002,5.84
4/29/2002,5.71
4/30/2002,5.715
5/1/2002,5.705
5/2/2002,5.695
5/3/2002,5.77
5/6/2002,5.76
5/7/2002,5.7
5/8/2002,5.815
5/9/2002,5.963
5/10/2002,5.97
5/13/2002,5.915
5/14/2002,5.955
5/15/2002,6.055
5/16/2002,6.07
5/17/2002,6.05
5/20/2002,6.105
5/21/2002,6.04
5/22/2002,5.99
5/23/2002,5.943
5/24/2002,5.965
5/27/2002,6.005
5/28/2002,6.05
5/29/2002,5.99
5/30/2002,5.965
5/31/2002,6.025
6/3/2002,6.16
6/4/2002,6.105
6/5/2002,6.085
6/6/2002,6.065
6/7/2002,5.94
6/11/2002,5.94
6/12/2002,5.843
6/13/2002,5.855
6/14/2002,5.705
6/17/2002,5.67
6/18/2002,5.715
6/19/2002,5.638
6/20/2002,5.625
6/21/2002,5.675
6/24/2002,5.735
6/25/2002,5.74
6/26/2002,5.53
6/27/2002,5.668
6/28/2002,5.745
7/1/2002,5.775
7/2/2002,5.73
7/3/2002,5.63
7/4/2002,5.69
7/5/2002,5.775
7/8/2002,5.835
7/9/2002,5.805
7/10/2002,5.68
7/11/2002,5.57
7/12/2002,5.62
7/15/2002,5.515
7/16/2002,5.583
7/17/2002,5.59
7/18/2002,5.58
7/19/2002,5.515
7/22/2002,5.42
7/23/2002,5.46
7/24/2002,5.355
7/25/2002,5.42
7/26/2002,5.33
7/29/2002,5.385
7/30/2002,5.515
7/31/2002,5.543
8/1/2002,5.475
8/2/2002,5.355
8/6/2002,5.17
8/7/2002,5.275
8/8/2002,5.185
8/9/2002,5.268
8/12/2002,5.268
8/13/2002,5.255
8/14/2002,5.143
8/15/2002,5.265
8/16/2002,5.315
8/19/2002,5.418
8/20/2002,5.428
8/21/2002,5.39
8/22/2002,5.435
8/23/2002,5.485
8/26/2002,5.47
8/27/2002,5.43
8/28/2002,5.513
8/29/2002,5.45
8/30/2002,5.39
9/2/2002,5.33
9/3/2002,5.2
9/4/2002,5.11
9/5/2002,5.13
9/6/2002,5.055
9/9/2002,5.17
9/10/2002,5.248
9/11/2002,5.275
9/12/2002,5.445
9/13/2002,5.295
9/16/2002,5.25
9/17/2002,5.36
9/18/2002,5.24
9/19/2002,5.218
9/20/2002,5.128
9/23/2002,5.085
9/24/2002,5.095
9/25/2002,5.04
9/26/2002,5.17
9/27/2002,5.193
9/30/2002,5.128
10/1/2002,5.123
10/2/2002,5.24
10/3/2002,5.19
10/4/2002,5.218
10/8/2002,5.22
10/9/2002,5.283
10/10/2002,5.193
10/11/2002,5.245
10/14/2002,5.33
10/15/2002,5.338
10/16/2002,5.47
10/17/2002,5.555
10/18/2002,5.535
10/21/2002,5.483
10/22/2002,5.593
10/23/2002,5.57
10/24/2002,5.495
10/25/2002,5.423
10/28/2002,5.325
10/29/2002,5.165
10/30/2002,5.225
10/31/2002,5.113
11/1/2002,5.085
11/4/2002,5.178
11/5/2002,5.213
11/6/2002,5.21
11/7/2002,5.12
11/8/2002,5.115
11/11/2002,4.93
11/12/2002,4.985
11/13/2002,4.93
11/14/2002,4.95
11/15/2002,5.078
11/18/2002,5.03
11/19/2002,5.015
11/20/2002,5.115
11/21/2002,5.155
11/22/2002,5.22
11/25/2002,5.26
11/26/2002,5.14
11/27/2002,5.263
11/28/2002,5.26
11/29/2002,5.275
12/2/2002,5.27
12/3/2002,5.268
12/4/2002,5.185
12/5/2002,5.135
12/6/2002,5.133
12/9/2002,5.005
12/10/2002,5.073
12/11/2002,5.03
12/12/2002,5.015
12/13/2002,4.983
12/16/2002,5.04
12/17/2002,5.008
12/18/2002,4.835
12/19/2002,4.795
12/20/2002,4.805
12/23/2002,4.803
12/24/2002,4.835
12/27/2002,4.758
12/30/2002,4.725
12/31/2002,4.77
1/2/2003,4.765
1/3/2003,4.985
1/6/2003,5.005
1/7/2003,4.928
1/8/2003,4.883
1/9/2003,4.935
1/10/2003,5
1/13/2003,4.995
1/14/2003,4.945
1/15/2003,4.92
1/16/2003,4.955
1/17/2003,4.933
1/20/2003,4.838
1/21/2003,4.84
1/22/2003,4.753
1/23/2003,4.835
1/24/2003,4.765
1/28/2003,4.795
1/29/2003,4.755
1/30/2003,4.785
1/31/2003,4.825
2/3/2003,4.828
2/4/2003,4.77
2/5/2003,4.763
2/6/2003,4.615
2/7/2003,4.685
2/10/2003,4.768
2/11/2003,4.698
2/12/2003,4.643
2/13/2003,4.673
2/14/2003,4.673
2/17/2003,4.793
2/18/2003,4.768
2/19/2003,4.728
2/20/2003,4.69
2/21/2003,4.68
2/24/2003,4.685
2/25/2003,4.66
2/26/2003,4.635
2/27/2003,4.588
2/28/2003,4.585
3/3/2003,4.55
3/4/2003,4.538
3/5/2003,4.553
3/6/2003,4.613
3/7/2003,4.655
3/10/2003,4.49
3/11/2003,4.575
3/12/2003,4.635
3/13/2003,4.905
3/14/2003,4.883
3/17/2003,4.965
3/18/2003,4.943
3/19/2003,5.11
3/20/2003,5.083
3/21/2003,5.105
3/24/2003,5.01
3/25/2003,5.043
3/26/2003,4.975
3/27/2003,4.948
3/28/2003,4.948
3/31/2003,4.848
4/1/2003,4.848
4/2/2003,4.923
4/3/2003,4.938
4/4/2003,4.953
4/7/2003,5.058
4/8/2003,4.978
4/9/2003,4.9
4/10/2003,4.795
4/11/2003,4.843
4/14/2003,4.91
4/15/2003,4.98
4/16/2003,4.988
4/17/2003,4.898
4/22/2003,4.943
4/23/2003,4.99
4/24/2003,4.898
4/28/2003,4.773
4/29/2003,4.858
4/30/2003,4.858
5/1/2003,4.778
5/2/2003,4.778
5/5/2003,4.89
5/6/2003,4.84
5/7/2003,4.75
5/8/2003,4.693
5/9/2003,4.763
5/12/2003,4.73
5/13/2003,4.748
5/14/2003,4.78
5/15/2003,4.723
5/16/2003,4.773
5/19/2003,4.643
5/20/2003,4.67
5/21/2003,4.615
5/22/2003,4.658
5/23/2003,4.605
5/26/2003,4.583
5/27/2003,4.54
5/28/2003,4.598
5/29/2003,4.58
5/30/2003,4.55
6/2/2003,4.628
6/3/2003,4.635
6/4/2003,4.545
6/5/2003,4.56
6/6/2003,4.403
6/10/2003,4.335
6/11/2003,4.268
6/12/2003,4.283
6/13/2003,4.223
6/16/2003,4.225
6/17/2003,4.305
6/18/2003,4.395
6/19/2003,4.355
6/20/2003,4.398
6/23/2003,4.4
6/24/2003,4.343
6/25/2003,4.343
6/26/2003,4.585
6/27/2003,4.635
6/30/2003,4.735
7/1/2003,4.755
7/2/2003,4.834
7/3/2003,4.787
7/4/2003,4.827
7/7/2003,4.804
7/8/2003,4.863
7/9/2003,4.835
7/10/2003,4.759
7/11/2003,4.757
7/14/2003,4.742
7/15/2003,4.809
7/16/2003,5.036
7/17/2003,5.003
7/18/2003,4.976
7/21/2003,4.99
7/22/2003,5.061
7/23/2003,4.972
7/24/2003,4.938
7/25/2003,5.03
7/28/2003,5.08
7/29/2003,5.114
7/30/2003,5.15
7/31/2003,5.087
8/1/2003,5.195
8/5/2003,5.14
8/6/2003,5.196
8/7/2003,5.11
8/8/2003,5.103
8/11/2003,5.239
8/12/2003,5.238
8/13/2003,5.286
8/14/2003,5.305
8/15/2003,5.278
8/18/2003,5.272
8/19/2003,5.273
8/20/2003,5.201
8/21/2003,5.231
8/22/2003,5.29
8/25/2003,5.288
8/26/2003,5.334
8/27/2003,5.307
8/28/2003,5.324
8/29/2003,5.285
9/1/2003,5.306
9/2/2003,5.411
9/3/2003,5.455
9/4/2003,5.455
9/5/2003,5.412
9/8/2003,5.304
9/9/2003,5.378
9/10/2003,5.333
9/11/2003,5.429
9/12/2003,5.432
9/15/2003,5.351
9/16/2003,5.34
9/17/2003,5.363
9/18/2003,5.32
9/19/2003,5.343
9/22/2003,5.296
9/23/2003,5.266
9/24/2003,5.261
9/25/2003,5.188
9/26/2003,5.192
9/29/2003,5.154
9/30/2003,5.218
10/1/2003,5.09
10/2/2003,5.118
10/3/2003,5.145
10/7/2003,5.357
10/8/2003,5.409
10/9/2003,5.442
10/10/2003,5.463
10/13/2003,5.486
10/14/2003,5.53
10/15/2003,5.532
10/16/2003,5.569
10/17/2003,5.647
10/20/2003,5.658
10/21/2003,5.627
10/22/2003,5.573
10/23/2003,5.491
10/24/2003,5.552
10/27/2003,5.576
10/28/2003,5.623
10/29/2003,5.541
10/30/2003,5.609
10/31/2003,5.675
11/3/2003,5.721
11/4/2003,5.726
11/5/2003,5.784
11/6/2003,5.836
11/7/2003,5.87
11/10/2003,5.884
11/11/2003,5.867
11/12/2003,5.868
11/13/2003,5.9
11/14/2003,5.889
11/17/2003,5.829
11/18/2003,5.852
11/19/2003,5.765
11/20/2003,5.833
11/21/2003,5.783
11/24/2003,5.797
11/25/2003,5.862
11/26/2003,5.835
11/27/2003,5.919
11/28/2003,5.927
12/1/2003,5.966
12/2/2003,5.928
12/3/2003,5.92
12/4/2003,5.913
12/5/2003,5.833
12/8/2003,5.698
12/9/2003,5.726
12/10/2003,5.807
12/11/2003,5.791
12/12/2003,5.734
12/15/2003,5.771
12/16/2003,5.709
12/17/2003,5.613
12/18/2003,5.614
12/19/2003,5.59
12/22/2003,5.574
12/23/2003,5.569
12/24/2003,5.606
12/29/2003,5.541
12/30/2003,5.54
12/31/2003,5.553
1/2/2004,5.652
1/5/2004,5.74
1/6/2004,5.778
1/7/2004,5.728
1/8/2004,5.754
1/9/2004,5.742
1/12/2004,5.56
1/13/2004,5.558
1/14/2004,5.492
1/15/2004,5.515
1/16/2004,5.535
1/19/2004,5.589
1/20/2004,5.622
1/21/2004,5.586
1/22/2004,5.569
1/23/2004,5.513
1/27/2004,5.687
1/28/2004,5.615
1/29/2004,5.742
1/30/2004,5.749
2/2/2004,5.68
2/3/2004,5.655
2/4/2004,5.575
2/5/2004,5.569
2/6/2004,5.598
2/9/2004,5.521
2/10/2004,5.513
2/11/2004,5.545
2/12/2004,5.462
2/13/2004,5.48
2/16/2004,5.471
2/17/2004,5.55
2/18/2004,5.515
2/19/2004,5.541
2/20/2004,5.533
2/23/2004,5.651
2/24/2004,5.628
2/25/2004,5.601
2/26/2004,5.551
2/27/2004,5.519
3/1/2004,5.45
3/2/2004,5.465
3/3/2004,5.54
3/4/2004,5.535
3/5/2004,5.536
3/8/2004,5.381
3/9/2004,5.373
3/10/2004,5.351
3/11/2004,5.277
3/12/2004,5.166
3/15/2004,5.189
3/16/2004,5.179
3/17/2004,5.14
3/18/2004,5.173
3/19/2004,5.182
3/22/2004,5.16
3/23/2004,5.136
3/24/2004,5.21
3/25/2004,5.224
3/26/2004,5.237
3/29/2004,5.351
3/30/2004,5.374
3/31/2004,5.378
4/1/2004,5.318
4/2/2004,5.38
4/5/2004,5.599
4/6/2004,5.598
4/7/2004,5.55
4/8/2004,5.582
4/13/2004,5.643
4/14/2004,5.729
4/15/2004,5.717
4/16/2004,5.671
4/19/2004,5.648
4/20/2004,5.673
4/21/2004,5.72
4/22/2004,5.686
4/23/2004,5.628
4/27/2004,5.668
4/28/2004,5.686
4/29/2004,5.78
4/30/2004,5.795
5/3/2004,5.781
5/4/2004,5.781
5/5/2004,5.756
5/6/2004,5.777
5/7/2004,5.764
5/10/2004,5.838
5/11/2004,5.825
5/12/2004,5.794
5/13/2004,5.823
5/14/2004,5.856
5/17/2004,5.752
5/18/2004,5.734
5/19/2004,5.769
5/20/2004,5.783
5/21/2004,5.744
5/24/2004,5.784
5/25/2004,5.755
5/26/2004,5.725
5/27/2004,5.648
5/28/2004,5.611
5/31/2004,5.632
6/1/2004,5.635
6/2/2004,5.569
6/3/2004,5.498
6/4/2004,5.524
6/7/2004,5.597
6/8/2004,5.589
6/9/2004,5.622
6/10/2004,5.653
6/11/2004,5.695
6/15/2004,5.726
6/16/2004,5.609
6/17/2004,5.607
6/18/2004,5.563
6/21/2004,5.576
6/22/2004,5.546
6/23/2004,5.59
6/24/2004,5.589
6/25/2004,5.574
6/28/2004,5.579
6/29/2004,5.643
6/30/2004,5.706
7/1/2004,5.702
7/2/2004,5.718
7/5/2004,5.653
7/6/2004,5.635
7/7/2004,5.613
7/8/2004,5.517
7/9/2004,5.523
7/12/2004,5.495
7/13/2004,5.515
7/14/2004,5.541
7/15/2004,5.566
7/16/2004,5.569
7/19/2004,5.495
7/20/2004,5.493
7/21/2004,5.577
7/22/2004,5.554
7/23/2004,5.56
7/26/2004,5.545
7/27/2004,5.566
7/28/2004,5.656
7/29/2004,5.672
7/30/2004,5.704
8/3/2004,5.635
8/4/2004,5.544
8/5/2004,5.543
8/6/2004,5.511
8/9/2004,5.458
8/10/2004,5.465
8/11/2004,5.495
8/12/2004,5.472
8/13/2004,5.438
8/16/2004,5.433
8/17/2004,5.476
8/18/2004,5.413
8/19/2004,5.436
8/20/2004,5.394
8/23/2004,5.422
8/24/2004,5.476
8/25/2004,5.453
8/26/2004,5.438
8/27/2004,5.386
8/30/2004,5.437
8/31/2004,5.438
9/1/2004,5.366
9/2/2004,5.322
9/3/2004,5.355
9/6/2004,5.512
9/7/2004,5.5
9/8/2004,5.473
9/9/2004,5.335
9/10/2004,5.308
9/13/2004,5.307
9/14/2004,5.257
9/15/2004,5.218
9/16/2004,5.246
9/17/2004,5.216
9/20/2004,5.254
9/21/2004,5.222
9/22/2004,5.243
9/23/2004,5.222
9/24/2004,5.274
9/27/2004,5.313
9/28/2004,5.269
9/29/2004,5.316
9/30/2004,5.353
10/1/2004,5.318
10/5/2004,5.339
10/6/2004,5.348
10/7/2004,5.388
10/8/2004,5.403
10/11/2004,5.327
10/12/2004,5.317
10/13/2004,5.312
10/14/2004,5.25
10/15/2004,5.198
10/18/2004,5.212
10/19/2004,5.215
10/20/2004,5.194
10/21/2004,5.187
10/22/2004,5.238
10/25/2004,5.178
10/26/2004,5.22
10/27/2004,5.187
10/28/2004,5.259
10/29/2004,5.271
11/1/2004,5.227
11/2/2004,5.259
11/3/2004,5.278
11/4/2004,5.268
11/5/2004,5.249
11/8/2004,5.337
11/9/2004,5.346
11/10/2004,5.364
11/11/2004,5.413
11/12/2004,5.426
11/15/2004,5.382
11/16/2004,5.393
11/17/2004,5.385
11/18/2004,5.303
11/19/2004,5.233
11/22/2004,5.258
11/23/2004,5.249
11/24/2004,5.193
11/25/2004,5.127
11/26/2004,5.131
11/29/2004,5.093
11/30/2004,5.059
12/1/2004,5.031
12/2/2004,5.067
12/3/2004,5.09
12/6/2004,5.036
12/7/2004,5.019
12/8/2004,5.011
12/9/2004,5.031
12/10/2004,5.081
12/13/2004,5.066
12/14/2004,5.079
12/15/2004,5.046
12/16/2004,5.002
12/17/2004,5.042
12/20/2004,5.12
12/21/2004,5.174
12/22/2004,5.161
12/23/2004,5.142
12/24/2004,5.12
12/29/2004,5.2
12/30/2004,5.228
12/31/2004,5.206
1/4/2005,5.332
1/5/2005,5.357
1/6/2005,5.323
1/7/2005,5.273
1/10/2005,5.281
1/11/2005,5.212
1/12/2005,5.162
1/13/2005,5.164
1/14/2005,5.132
1/17/2005,5.156
1/18/2005,5.205
1/19/2005,5.249
1/20/2005,5.206
1/21/2005,5.225
1/24/2005,5.215
1/25/2005,5.278
1/27/2005,5.313
1/28/2005,5.336
1/31/2005,5.356
2/1/2005,5.312
2/2/2005,5.279
2/3/2005,5.306
2/4/2005,5.295
2/7/2005,5.375
2/8/2005,5.369
2/9/2005,5.344
2/10/2005,5.387
2/11/2005,5.422
2/14/2005,5.423
2/15/2005,5.416
2/16/2005,5.413
2/17/2005,5.444
2/18/2005,5.426
2/21/2005,5.484
2/22/2005,5.475
2/23/2005,5.474
2/24/2005,5.47
2/25/2005,5.51
2/28/2005,5.54
3/1/2005,5.571
3/2/2005,5.534
3/3/2005,5.54
3/4/2005,5.56
3/7/2005,5.555
3/8/2005,5.541
3/9/2005,5.563
3/10/2005,5.638
3/11/2005,5.644
3/14/2005,5.651
3/15/2005,5.64
3/16/2005,5.669
3/17/2005,5.633
3/18/2005,5.644
3/21/2005,5.685
3/22/2005,5.716
3/23/2005,5.746
3/24/2005,5.71
3/29/2005,5.724
3/30/2005,5.708
3/31/2005,5.668
4/1/2005,5.605
4/4/2005,5.626
4/5/2005,5.593
4/6/2005,5.495
4/7/2005,5.536
4/8/2005,5.557
4/11/2005,5.56
4/12/2005,5.54
4/13/2005,5.476
4/14/2005,5.415
4/15/2005,5.376
4/18/2005,5.33
4/19/2005,5.358
4/20/2005,5.344
4/21/2005,5.346
4/22/2005,5.404
4/26/2005,5.342
4/27/2005,5.34
4/28/2005,5.315
4/29/2005,5.316
5/2/2005,5.312
5/3/2005,5.29
5/4/2005,5.252
5/5/2005,5.258
5/6/2005,5.22
5/9/2005,5.317
5/10/2005,5.319
5/11/2005,5.274
5/12/2005,5.278
5/13/2005,5.248
5/16/2005,5.22
5/17/2005,5.231
5/18/2005,5.234
5/19/2005,5.241
5/20/2005,5.287
5/23/2005,5.337
5/24/2005,5.265
5/25/2005,5.217
5/26/2005,5.229
5/27/2005,5.208
5/30/2005,5.173
5/31/2005,5.131
6/1/2005,5.119
6/2/2005,5.109
6/3/2005,5.087
6/6/2005,5.102
6/7/2005,5.051
6/8/2005,5.055
6/9/2005,5.091
6/10/2005,5.139
6/14/2005,5.219
6/15/2005,5.257
6/16/2005,5.267
6/17/2005,5.24
6/20/2005,5.228
6/21/2005,5.27
6/22/2005,5.226
6/23/2005,5.13
6/24/2005,5.087
6/27/2005,5.041
6/28/2005,5.063
6/29/2005,5.104
6/30/2005,5.103
7/1/2005,5.074
7/4/2005,5.181
7/5/2005,5.164
7/6/2005,5.147
7/7/2005,5.205
7/8/2005,5.128
7/11/2005,5.175
7/12/2005,5.219
7/13/2005,5.251
7/14/2005,5.234
7/15/2005,5.202
7/18/2005,5.235
7/19/2005,5.255
7/20/2005,5.223
7/21/2005,5.215
7/22/2005,5.298
7/25/2005,5.23
7/26/2005,5.216
7/27/2005,5.176
7/28/2005,5.188
7/29/2005,5.135
8/2/2005,5.265
8/3/2005,5.284
8/4/2005,5.269
8/5/2005,5.296
8/8/2005,5.346
8/9/2005,5.303
8/10/2005,5.261
8/11/2005,5.32
8/12/2005,5.24
8/15/2005,5.173
8/16/2005,5.158
8/17/2005,5.107
8/18/2005,5.129
8/19/2005,5.093
8/22/2005,5.104
8/23/2005,5.118
8/24/2005,5.093
8/25/2005,5.111
8/26/2005,5.071
8/29/2005,5.02
8/30/2005,5.063
8/31/2005,5.013
9/1/2005,4.987
9/2/2005,4.938
9/5/2005,4.967
9/6/2005,5.005
9/7/2005,5.092
9/8/2005,5.138
9/9/2005,5.135
9/12/2005,5.144
9/13/2005,5.183
9/14/2005,5.124
9/15/2005,5.131
9/16/2005,5.131
9/19/2005,5.217
9/20/2005,5.193
9/21/2005,5.179
9/22/2005,5.117
9/23/2005,5.14
9/26/2005,5.244
9/27/2005,5.296
9/28/2005,5.338
9/29/2005,5.305
9/30/2005,5.331
10/4/2005,5.408
10/5/2005,5.347
10/6/2005,5.293
10/7/2005,5.329
10/10/2005,5.33
10/11/2005,5.32
10/12/2005,5.372
10/13/2005,5.375
10/14/2005,5.414
10/17/2005,5.421
10/18/2005,5.407
10/19/2005,5.346
10/20/2005,5.358
10/21/2005,5.322
10/24/2005,5.322
10/25/2005,5.383
10/26/2005,5.418
10/27/2005,5.406
10/28/2005,5.361
10/31/2005,5.399
11/1/2005,5.399
11/2/2005,5.378
11/3/2005,5.418
11/4/2005,5.48
11/7/2005,5.489
11/8/2005,5.47
11/9/2005,5.463
11/10/2005,5.455
11/11/2005,5.375
11/14/2005,5.325
11/15/2005,5.387
11/16/2005,5.355
11/17/2005,5.295
11/18/2005,5.305
11/21/2005,5.345
11/22/2005,5.327
11/23/2005,5.295
11/24/2005,5.345
11/25/2005,5.344
11/28/2005,5.326
11/29/2005,5.315
11/30/2005,5.338
12/1/2005,5.355
12/2/2005,5.334
12/5/2005,5.4
12/6/2005,5.448
12/7/2005,5.404
12/8/2005,5.448
12/9/2005,5.387
12/12/2005,5.419
12/13/2005,5.45
12/14/2005,5.42
12/15/2005,5.335
12/16/2005,5.295
12/19/2005,5.315
12/20/2005,5.313
12/21/2005,5.31
12/22/2005,5.31
12/23/2005,5.26
12/28/2005,5.24
12/29/2005,5.23
12/30/2005,5.22
1/3/2006,5.25
1/4/2006,5.19
1/5/2006,5.168
1/6/2006,5.158
1/9/2006,5.15
1/10/2006,5.158
1/11/2006,5.19
1/12/2006,5.19
1/13/2006,5.143
1/16/2006,5.125
1/17/2006,5.143
1/18/2006,5.103
1/19/2006,5.135
1/20/2006,5.173
1/23/2006,5.125
1/24/2006,5.143
1/25/2006,5.233
1/27/2006,5.313
1/30/2006,5.313
1/31/2006,5.292
2/1/2006,5.295
2/2/2006,5.355
2/3/2006,5.325
2/6/2006,5.288
2/7/2006,5.31
2/8/2006,5.26
2/9/2006,5.22
2/10/2006,5.198
2/13/2006,5.26
2/14/2006,5.25
2/15/2006,5.24
2/16/2006,5.24
2/17/2006,5.22
2/20/2006,5.18
2/21/2006,5.189
2/22/2006,5.21
2/23/2006,5.18
2/24/2006,5.195
2/27/2006,5.26
2/28/2006,5.263
3/1/2006,5.23
3/2/2006,5.245
3/3/2006,5.285
3/6/2006,5.34
3/7/2006,5.33
3/8/2006,5.323
3/9/2006,5.35
3/10/2006,5.35
3/13/2006,5.41
3/14/2006,5.39
3/15/2006,5.315
3/16/2006,5.32
3/17/2006,5.24
3/20/2006,5.245
3/21/2006,5.255
3/22/2006,5.305
3/23/2006,5.28
3/24/2006,5.315
3/27/2006,5.26
3/28/2006,5.265
3/29/2006,5.335
3/30/2006,5.345
3/31/2006,5.37
4/3/2006,5.375
4/4/2006,5.415
4/5/2006,5.43
4/6/2006,5.51
4/7/2006,5.51
4/10/2006,5.54
4/11/2006,5.57
4/12/2006,5.54
4/13/2006,5.578
4/18/2006,5.575
4/19/2006,5.55
4/20/2006,5.59
4/21/2006,5.62
4/24/2006,5.6
4/26/2006,5.67
4/27/2006,5.7
4/28/2006,5.67
5/1/2006,5.683
5/2/2006,5.72
5/3/2006,5.76
5/4/2006,5.78
5/5/2006,5.748
5/8/2006,5.72
5/9/2006,5.75
5/10/2006,5.797
5/11/2006,5.798
5/12/2006,5.788
5/15/2006,5.8
5/16/2006,5.75
5/17/2006,5.74
5/18/2006,5.78
5/19/2006,5.705
5/22/2006,5.675
5/23/2006,5.655
5/24/2006,5.665
5/25/2006,5.675
5/26/2006,5.705
5/29/2006,5.703
5/30/2006,5.735
5/31/2006,5.705
6/1/2006,5.735
6/2/2006,5.715
6/5/2006,5.603
6/6/2006,5.645
6/7/2006,5.64
6/8/2006,5.715
6/9/2006,5.702
6/13/2006,5.693
6/14/2006,5.651
6/15/2006,5.716
6/16/2006,5.754
6/19/2006,5.794
6/20/2006,5.793
6/21/2006,5.788
6/22/2006,5.805
6/23/2006,5.845
6/26/2006,5.855
6/27/2006,5.858
6/28/2006,5.839
6/29/2006,5.87
6/30/2006,5.783
7/3/2006,5.743
7/4/2006,5.794
7/5/2006,5.79
7/6/2006,5.855
7/7/2006,5.852
7/10/2006,5.807
7/11/2006,5.832
7/12/2006,5.851
7/13/2006,5.921
7/14/2006,5.884
7/17/2006,5.879
7/18/2006,5.911
7/19/2006,5.914
7/20/2006,5.875
7/21/2006,5.843
7/24/2006,5.899
7/25/2006,5.914
7/26/2006,5.97
7/27/2006,5.947
7/28/2006,5.964
7/31/2006,5.924
8/1/2006,5.905
8/2/2006,5.907
8/3/2006,5.862
8/4/2006,5.891
8/8/2006,5.814
8/9/2006,5.819
8/10/2006,5.908
8/11/2006,5.915
8/14/2006,5.97
8/15/2006,5.985
8/16/2006,5.94
8/17/2006,5.857
8/18/2006,5.828
8/21/2006,5.805
8/22/2006,5.806
8/23/2006,5.816
8/24/2006,5.815
8/25/2006,5.779
8/28/2006,5.776
8/29/2006,5.791
8/30/2006,5.764
8/31/2006,5.742
9/1/2006,5.721
9/4/2006,5.751
9/5/2006,5.776
9/6/2006,5.783
9/7/2006,5.787
9/8/2006,5.778
9/11/2006,5.78
9/12/2006,5.786
9/13/2006,5.752
9/14/2006,5.779
9/15/2006,5.828
9/18/2006,5.854
9/19/2006,5.865
9/20/2006,5.783
9/21/2006,5.791
9/22/2006,5.697
9/25/2006,5.644
9/26/2006,5.635
9/27/2006,5.662
9/28/2006,5.676
9/29/2006,5.674
10/3/2006,5.652
10/4/2006,5.662
10/5/2006,5.645
10/6/2006,5.658
10/9/2006,5.748
10/10/2006,5.78
10/11/2006,5.777
10/12/2006,5.878
10/13/2006,5.885
10/16/2006,5.912
10/17/2006,5.897
10/18/2006,5.902
10/19/2006,5.905
10/20/2006,5.923
10/23/2006,5.949
10/24/2006,5.98
10/25/2006,5.989
10/26/2006,5.945
10/27/2006,5.914
10/30/2006,5.904
10/31/2006,5.9
11/1/2006,5.891
11/2/2006,5.86
11/3/2006,5.858
11/6/2006,5.952
11/7/2006,5.951
11/8/2006,5.89
11/9/2006,5.806
11/10/2006,5.817
11/13/2006,5.778
11/14/2006,5.807
11/15/2006,5.766
11/16/2006,5.797
11/17/2006,5.827
11/20/2006,5.786
11/21/2006,5.806
11/22/2006,5.785
11/23/2006,5.775
11/24/2006,5.778
11/27/2006,5.778
11/28/2006,5.767
11/29/2006,5.777
11/30/2006,5.829
12/1/2006,5.784
12/4/2006,5.701
12/5/2006,5.694
12/6/2006,5.708
12/7/2006,5.789
12/8/2006,5.791
12/11/2006,5.856
12/12/2006,5.863
12/13/2006,5.864
12/14/2006,5.932
12/15/2006,5.952
12/18/2006,5.977
12/19/2006,5.949
12/20/2006,5.96
12/21/2006,5.982
12/22/2006,5.965
12/27/2006,5.992
12/28/2006,6.044
12/29/2006,6.032
1/2/2007,6.067
1/3/2007,6.043
1/4/2007,6.007
1/5/2007,5.987
1/8/2007,6.036
1/9/2007,6.04
1/10/2007,6.049
1/11/2007,6.078
1/12/2007,6.088
1/15/2007,6.102
1/16/2007,6.086
1/17/2007,6.064
1/18/2007,6.088
1/19/2007,6.086
1/22/2007,6.1
1/23/2007,6.095
1/24/2007,5.966
1/25/2007,5.962
1/29/2007,6.028
1/30/2007,6.042
1/31/2007,6.058
2/1/2007,6.038
2/2/2007,6.076
2/5/2007,6.024
2/6/2007,5.978
2/7/2007,5.968
2/8/2007,5.992
2/9/2007,5.953
2/12/2007,5.966
2/13/2007,5.985
2/14/2007,5.989
2/15/2007,5.948
2/16/2007,5.934
2/19/2007,5.933
2/20/2007,5.938
2/21/2007,5.963
2/22/2007,5.975
2/23/2007,6.005
2/26/2007,5.958
2/27/2007,5.915
2/28/2007,5.863
3/1/2007,5.855
3/2/2007,5.866
3/5/2007,5.793
3/6/2007,5.823
3/7/2007,5.846
3/8/2007,5.846
3/9/2007,5.861
3/12/2007,5.926
3/13/2007,5.912
3/14/2007,5.85
3/15/2007,5.913
3/16/2007,6.011
3/19/2007,6.028
3/20/2007,6.053
3/21/2007,6.075
3/22/2007,6.058
3/23/2007,6.08
3/26/2007,6.098
3/27/2007,6.086
3/28/2007,6.07
3/29/2007,6.091
3/30/2007,6.104
4/2/2007,6.152
4/3/2007,6.156
4/4/2007,6.12
4/5/2007,6.109
4/10/2007,6.146
4/11/2007,6.15
4/12/2007,6.178
4/13/2007,6.187
4/16/2007,6.189
4/17/2007,6.185
4/18/2007,6.179
4/19/2007,6.135
4/20/2007,6.153
4/23/2007,6.122
4/24/2007,6.008
4/26/2007,6.03
4/27/2007,6.039
4/30/2007,6.027
5/1/2007,5.98
5/2/2007,5.997
5/3/2007,5.99
5/4/2007,5.996
5/7/2007,6.009
5/8/2007,6.043
5/9/2007,6.024
5/10/2007,6.11
5/11/2007,6.077
5/14/2007,6.089
5/15/2007,6.1
5/16/2007,6.071
5/17/2007,6.077
5/18/2007,6.099
5/21/2007,6.117
5/22/2007,6.109
5/23/2007,6.13
5/24/2007,6.129
5/25/2007,6.096
5/28/2007,6.118
5/29/2007,6.152
5/30/2007,6.151
5/31/2007,6.149
6/1/2007,6.174
6/4/2007,6.207
6/5/2007,6.225
6/6/2007,6.271
6/7/2007,6.313
6/8/2007,6.392
6/12/2007,6.387
6/13/2007,6.438
6/14/2007,6.362
6/15/2007,6.398
6/18/2007,6.384
6/19/2007,6.378
6/20/2007,6.344
6/21/2007,6.397
6/22/2007,6.39
6/25/2007,6.372
6/26/2007,6.362
6/27/2007,6.327
6/28/2007,6.38
6/29/2007,6.409
7/2/2007,6.371
7/3/2007,6.311
7/4/2007,6.329
7/5/2007,6.361
7/6/2007,6.388
7/9/2007,6.43
7/10/2007,6.415
7/11/2007,6.322
7/12/2007,6.348
7/13/2007,6.363
7/16/2007,6.334
7/17/2007,6.325
7/18/2007,6.293
7/19/2007,6.299
7/20/2007,6.282
7/23/2007,6.246
7/24/2007,6.263
7/25/2007,6.34
7/26/2007,6.362
7/27/2007,6.217
7/30/2007,6.235
7/31/2007,6.293
8/1/2007,6.187
8/2/2007,6.217
8/3/2007,6.222
8/7/2007,6.23
8/8/2007,6.263
8/9/2007,6.28
8/10/2007,6.16
8/13/2007,6.256
8/14/2007,6.262
8/15/2007,6.183
8/16/2007,6.124
8/17/2007,6.01
8/20/2007,6.066
8/21/2007,6.029
8/22/2007,6.051
8/23/2007,6.143
8/24/2007,6.128
8/27/2007,6.191
8/28/2007,6.136
8/29/2007,6.066
8/30/2007,6.109
8/31/2007,6.133
9/3/2007,6.154
9/4/2007,6.194
9/5/2007,6.213
9/6/2007,6.179
9/10/2007,6.073
9/11/2007,6.102
9/12/2007,6.112
9/13/2007,6.111
9/14/2007,6.15
9/17/2007,6.147
9/18/2007,6.171
9/19/2007,6.209
9/20/2007,6.302
9/21/2007,6.382
9/24/2007,6.423
9/25/2007,6.401
9/26/2007,6.389
9/27/2007,6.404
9/28/2007,6.401
10/2/2007,6.429
10/3/2007,6.443
10/4/2007,6.448
10/5/2007,6.447
10/8/2007,6.519
10/9/2007,6.535
10/10/2007,6.537
10/11/2007,6.526
10/12/2007,6.526
10/15/2007,6.56
10/16/2007,6.578
10/17/2007,6.53
10/18/2007,6.502
10/19/2007,6.441
10/22/2007,6.437
10/23/2007,6.477
10/24/2007,6.505
10/25/2007,6.439
10/26/2007,6.46
10/29/2007,6.498
10/30/2007,6.506
10/31/2007,6.551
11/1/2007,6.662
11/2/2007,6.597
11/5/2007,6.64
11/6/2007,6.602
11/7/2007,6.602
11/8/2007,6.458
11/9/2007,6.471
11/12/2007,6.406
11/13/2007,6.437
11/14/2007,6.549
11/15/2007,6.537
11/16/2007,6.44
11/19/2007,6.44
11/20/2007,6.341
11/21/2007,6.284
11/22/2007,6.211
11/23/2007,6.207
11/26/2007,6.292
11/27/2007,6.223
11/28/2007,6.268
11/29/2007,6.306
11/30/2007,6.323
12/3/2007,6.312
12/4/2007,6.305
12/5/2007,6.263
12/6/2007,6.289
12/7/2007,6.323
12/10/2007,6.429
12/11/2007,6.549
12/12/2007,6.476
12/13/2007,6.571
12/14/2007,6.618
12/17/2007,6.63
12/18/2007,6.632
12/19/2007,6.663
12/20/2007,6.639
12/21/2007,6.664
12/24/2007,6.742
12/27/2007,6.764
12/28/2007,6.747
12/31/2007,6.708
1/2/2008,6.72
1/3/2008,6.546
1/4/2008,6.531
1/7/2008,6.441
1/8/2008,6.515
1/9/2008,6.522
1/10/2008,6.534
1/11/2008,6.511
1/14/2008,6.447
1/15/2008,6.452
1/16/2008,6.4
1/17/2008,6.435
1/18/2008,6.423
1/21/2008,6.429
1/22/2008,6.238
1/23/2008,6.38
1/24/2008,6.402
1/25/2008,6.56
1/29/2008,6.5
1/30/2008,6.468
1/31/2008,6.48
2/1/2008,6.512
2/4/2008,6.594
2/5/2008,6.51
2/6/2008,6.452
2/7/2008,6.464
2/8/2008,6.51
2/11/2008,6.593
2/12/2008,6.607
2/13/2008,6.608
2/14/2008,6.717
2/15/2008,6.686
2/18/2008,6.741
2/19/2008,6.843
2/20/2008,6.774
2/21/2008,6.775
2/22/2008,6.731
2/25/2008,6.805
2/26/2008,6.79
2/27/2008,6.783
2/28/2008,6.749
2/29/2008,6.556
3/3/2008,6.514
3/4/2008,6.39
3/5/2008,6.352
3/6/2008,6.378
3/7/2008,6.189
3/10/2008,6.067
3/11/2008,6.204
3/12/2008,6.142
3/13/2008,6.203
3/14/2008,6.163
3/17/2008,5.85
3/18/2008,5.98
3/19/2008,6.068
3/20/2008,5.983
3/25/2008,6.129
3/26/2008,6.084
3/27/2008,6.062
3/28/2008,6.162
3/31/2008,6.088
4/1/2008,6
4/2/2008,6.173
4/3/2008,6.172
4/4/2008,6.194
4/7/2008,6.132
4/8/2008,6.178
4/9/2008,6.138
4/10/2008,6.071
4/11/2008,6.137
4/14/2008,6.002
4/15/2008,6.017
4/16/2008,6.064
4/17/2008,6.128
4/18/2008,6.171
4/21/2008,6.308
4/22/2008,6.254
4/23/2008,6.319
4/24/2008,6.311
4/28/2008,6.319
4/29/2008,6.304
4/30/2008,6.256
5/1/2008,6.16
5/2/2008,6.203
5/5/2008,6.316
5/6/2008,6.284
5/7/2008,6.274
5/8/2008,6.194
5/9/2008,6.088
5/12/2008,6.077
5/13/2008,6.104
5/14/2008,6.17
5/15/2008,6.211
5/16/2008,6.208
5/19/2008,6.181
5/20/2008,6.382
5/21/2008,6.364
5/22/2008,6.501
5/23/2008,6.588
5/26/2008,6.533
5/27/2008,6.592
5/28/2008,6.603
5/29/2008,6.662
5/30/2008,6.59
6/2/2008,6.573
6/3/2008,6.506
6/4/2008,6.612
6/5/2008,6.603
6/6/2008,6.7136
6/10/2008,6.8439
6/11/2008,6.8273
6/12/2008,6.7238
6/13/2008,6.8577
6/16/2008,6.867
6/17/2008,6.7424
6/18/2008,6.6777
6/19/2008,6.6955
6/20/2008,6.7749
6/23/2008,6.7111
6/24/2008,6.7175
6/25/2008,6.6357
6/26/2008,6.6415
6/27/2008,6.5736
6/30/2008,6.5605
7/1/2008,6.6098
7/2/2008,6.679
7/3/2008,6.6271
7/4/2008,6.5605
7/7/2008,6.4976
7/8/2008,6.4461
7/9/2008,6.4327
7/10/2008,6.3961
7/11/2008,6.432
7/14/2008,6.4517
7/15/2008,6.3583
7/16/2008,6.3217
7/17/2008,6.3442
7/18/2008,6.3799
7/21/2008,6.4342
7/22/2008,6.4696
7/23/2008,6.4475
7/24/2008,6.3911
7/25/2008,6.2571
7/28/2008,6.2321
7/29/2008,6.2342
7/30/2008,6.1967
7/31/2008,6.1485
8/1/2008,6.0514
8/5/2008,5.893
8/6/2008,5.9236
8/7/2008,5.8805
8/8/2008,5.8411
8/11/2008,5.8464
8/12/2008,5.782
8/13/2008,5.7614
8/14/2008,5.7645
8/15/2008,5.733
8/18/2008,5.7184
8/19/2008,5.7173
8/20/2008,5.7616
8/21/2008,5.6766
8/22/2008,5.7079
8/25/2008,5.7152
8/26/2008,5.6535
8/27/2008,5.6412
8/28/2008,5.7129
8/29/2008,5.6898
9/1/2008,5.6732
9/2/2008,5.6581
9/3/2008,5.6352
9/4/2008,5.6701
9/5/2008,5.553
9/8/2008,5.678
9/9/2008,5.5637
9/10/2008,5.5353
9/11/2008,5.5642
9/12/2008,5.6165
9/15/2008,5.428
9/16/2008,5.3355
9/17/2008,5.4631
9/18/2008,5.3348
9/19/2008,5.429
9/22/2008,5.659
9/23/2008,5.5951
9/24/2008,5.5605
9/25/2008,5.5434
9/26/2008,5.4097
9/29/2008,5.4245
9/30/2008,5.1876
10/1/2008,5.2305
10/2/2008,5.1408
10/3/2008,5.0322
10/7/2008,4.7101
10/8/2008,4.5412
10/9/2008,4.6574
10/10/2008,4.5962
10/13/2008,5.0308
10/14/2008,5.0686
10/15/2008,4.9671
10/16/2008,4.81
10/17/2008,4.827
10/20/2008,4.8239
10/21/2008,4.7959
10/22/2008,4.7227
10/23/2008,4.6555
10/24/2008,4.5045
10/27/2008,4.5401
10/28/2008,4.7026
10/29/2008,4.6666
10/30/2008,4.7352
10/31/2008,4.7094
11/3/2008,4.8342
11/4/2008,4.5763
11/5/2008,4.6409
11/6/2008,4.4447
11/7/2008,4.444
11/10/2008,4.4909
11/11/2008,4.2944
11/12/2008,4.259
11/13/2008,4.0994
11/14/2008,4.1647
11/17/2008,4.1089
11/18/2008,4.06
11/19/2008,4.045
11/20/2008,3.9753
11/21/2008,3.8203
11/24/2008,3.8135
11/25/2008,3.9022
11/26/2008,3.8846
11/27/2008,3.9456
11/28/2008,3.8831
12/1/2008,3.8334
12/2/2008,3.7661
12/3/2008,3.7982
12/4/2008,3.7381
12/5/2008,3.7668
12/8/2008,3.8034
12/9/2008,3.7762
12/10/2008,3.7967
12/11/2008,3.6668
12/12/2008,3.5586
12/15/2008,3.6804
12/16/2008,3.537
12/17/2008,3.53
12/18/2008,3.4821
12/19/2008,3.4521
12/22/2008,3.5421
12/23/2008,3.537
12/24/2008,3.5559
12/29/2008,3.47
12/30/2008,3.5115
12/31/2008,3.4138
1/2/2009,3.582
1/5/2009,3.849
1/6/2009,3.861
1/7/2009,3.85
1/8/2009,3.742
1/9/2009,3.712
1/12/2009,3.614
1/13/2009,3.488
1/14/2009,3.486
1/15/2009,3.375
1/16/2009,3.49
1/19/2009,3.556
1/20/2009,3.481
1/21/2009,3.515
1/22/2009,3.596
1/23/2009,3.476
1/27/2009,3.513
1/28/2009,3.441
1/29/2009,3.403
1/30/2009,3.354
2/2/2009,3.3461
2/3/2009,3.473
2/4/2009,3.579
2/5/2009,3.69
2/6/2009,3.8775
2/9/2009,3.8129
2/10/2009,3.7785
2/11/2009,3.6575
2/12/2009,3.635
2/13/2009,3.685
2/16/2009,3.814
2/17/2009,3.657
2/18/2009,3.532
2/19/2009,3.6595
2/20/2009,3.6545
2/23/2009,3.6359
2/24/2009,3.6305
2/25/2009,3.8
2/26/2009,3.7355
2/27/2009,3.7935
3/2/2009,3.7555
3/3/2009,3.799
3/4/2009,3.7665
3/5/2009,3.79
3/6/2009,3.68
3/9/2009,3.522
3/10/2009,3.641
3/11/2009,3.7095
3/12/2009,3.635
3/13/2009,3.6904
3/16/2009,3.7406
3/17/2009,3.8035
3/18/2009,3.7975
3/19/2009,3.597
3/20/2009,3.6705
3/23/2009,3.8131
3/24/2009,3.8785
3/25/2009,3.957
3/26/2009,4.0685
3/27/2009,4.088
3/30/2009,3.997
3/31/2009,3.9555
4/1/2009,3.9365
4/2/2009,3.962
4/3/2009,4.0705
4/6/2009,4.1765
4/7/2009,4.219
4/8/2009,4.16
4/9/2009,4.1565
4/14/2009,4.1881
4/15/2009,4.1625
4/16/2009,4.116
4/17/2009,4.149
4/20/2009,4.199
4/21/2009,4.0175
4/22/2009,4.0675
4/23/2009,4.0785
4/24/2009,4.0595
4/27/2009,3.991
4/28/2009,3.911
4/29/2009,4.0295
4/30/2009,4.0271
5/1/2009,4.0892
5/4/2009,4.151
5/5/2009,4.275
5/6/2009,4.2654
5/7/2009,4.4379
5/8/2009,4.4571
5/11/2009,4.4221
5/12/2009,4.4121
5/13/2009,4.447
5/14/2009,4.387
5/15/2009,4.3922
5/18/2009,4.3751
5/19/2009,4.5479
5/20/2009,4.6593
5/21/2009,4.6609
5/22/2009,4.7396
5/25/2009,4.7575
5/26/2009,4.687
5/27/2009,4.7782
5/28/2009,4.7725
5/29/2009,4.675
6/1/2009,4.7659
6/2/2009,4.8823
6/3/2009,4.8833
6/4/2009,4.8115
6/5/2009,4.9485
6/9/2009,5.0926
6/10/2009,5.1129
6/11/2009,5.2144
6/12/2009,5.1325
6/15/2009,5.0426
6/16/2009,4.972
6/17/2009,5.01
6/18/2009,5.108
6/19/2009,5.3831
6/22/2009,5.3171
6/23/2009,5.1896
6/24/2009,5.2408
6/25/2009,5.3804
6/26/2009,5.3121
6/29/2009,5.1812
6/30/2009,5.2187
7/1/2009,5.1758
7/2/2009,5.0875
7/3/2009,5.0483
7/6/2009,5.0634
7/7/2009,5.1016
7/8/2009,4.9192
7/9/2009,4.8533
7/10/2009,4.8908
7/13/2009,4.85
7/14/2009,4.9858
7/15/2009,5.1396
7/16/2009,5.17
7/17/2009,5.1046
7/20/2009,5.2525
7/21/2009,5.2258
7/22/2009,5.3458
7/23/2009,5.3463
7/24/2009,5.4166
7/27/2009,5.4717
7/28/2009,5.5662
7/29/2009,5.4541
7/30/2009,5.48
7/31/2009,5.4192
8/4/2009,5.5142
8/5/2009,5.5092
8/6/2009,5.5725
8/7/2009,5.525
8/10/2009,5.5945
8/11/2009,5.5675
8/12/2009,5.3933
8/13/2009,5.4716
8/14/2009,5.4542
8/17/2009,5.2865
8/18/2009,5.2869
8/19/2009,5.215
8/20/2009,5.279
8/21/2009,5.2355
8/24/2009,5.381
8/25/2009,5.265
8/26/2009,5.2324
8/27/2009,5.1535
8/28/2009,5.3555
8/31/2009,5.2935
9/1/2009,5.2055
9/2/2009,5.228
9/3/2009,5.182
9/4/2009,5.2269
9/7/2009,5.2995
9/8/2009,5.2245
9/9/2009,5.1616
9/10/2009,5.1237
9/11/2009,5.0379
9/14/2009,5.0179
9/15/2009,4.988
9/16/2009,5.0259
9/17/2009,5.1121
9/18/2009,5.0716
9/21/2009,5.1051
9/22/2009,5.1096
9/23/2009,5.1416
9/24/2009,5.111
9/25/2009,5.0262
9/28/2009,4.9858
9/29/2009,5.0885
9/30/2009,5.205
10/1/2009,5.1585
10/2/2009,4.9776
10/6/2009,5.1129
10/7/2009,5.118
10/8/2009,5.258
10/9/2009,5.2013
10/12/2009,5.2984
10/13/2009,5.245
10/14/2009,5.2843
10/15/2009,5.49
10/16/2009,5.4812
10/19/2009,5.4829
10/20/2009,5.4913
10/21/2009,5.4451
10/22/2009,5.5221
10/23/2009,5.5617
10/26/2009,5.5717
10/27/2009,5.5214
10/28/2009,5.4988
10/29/2009,5.3167
10/30/2009,5.3087
11/2/2009,5.2954
11/3/2009,5.1821
11/4/2009,5.2179
11/5/2009,5.271
11/6/2009,5.3533
11/9/2009,5.3771
11/10/2009,5.368
11/11/2009,5.3433
11/12/2009,5.3793
11/13/2009,5.3383
11/16/2009,5.311
11/17/2009,5.1958
11/18/2009,5.2204
11/19/2009,5.146
11/20/2009,5.0959
11/23/2009,5.0986
11/24/2009,5.0888
11/25/2009,5.1179
11/26/2009,5.0408
11/27/2009,4.935
11/30/2009,4.9592
12/1/2009,4.8645
12/2/2009,4.9621
12/3/2009,5.0142
12/4/2009,5.0396
12/7/2009,5.1467
12/8/2009,5.1342
12/9/2009,5.0695
12/10/2009,5.146
12/11/2009,5.202
12/14/2009,5.187
12/15/2009,5.1495
12/16/2009,5.0154
12/17/2009,5.046
12/18/2009,4.9666
12/21/2009,5.022
12/22/2009,5.0719
12/23/2009,5.1139
12/24/2009,5.0936
12/29/2009,5.2656
12/30/2009,5.2169
12/31/2009,5.1651
1/4/2010,5.2892
1/5/2010,5.2255
1/6/2010,5.2365
1/7/2010,5.2814
1/8/2010,5.2906
1/11/2010,5.3159
1/12/2010,5.2788
1/13/2010,5.1962
1/14/2010,5.3093
1/15/2010,5.27
1/18/2010,5.2286
1/19/2010,5.2115
1/20/2010,5.2225
1/21/2010,5.223
1/22/2010,5.122
1/25/2010,5.1104
1/27/2010,5.0925
1/28/2010,5.134
1/29/2010,4.9931
2/1/2010,4.983
2/2/2010,4.9025
2/3/2010,4.9594
2/4/2010,5.0014
2/5/2010,4.9284
2/8/2010,4.9015
2/9/2010,4.9198
2/10/2010,4.9969
2/11/2010,5.1105
2/12/2010,5.1151
2/15/2010,5.0663
2/16/2010,5.0689
2/17/2010,5.1053
2/18/2010,5.1193
2/19/2010,5.1496
2/22/2010,5.1671
2/23/2010,5.1574
2/24/2010,5.1959
2/25/2010,5.1588
2/26/2010,5.1204
3/1/2010,5.1435
3/2/2010,5.13
3/3/2010,5.1347
3/4/2010,5.1179
3/5/2010,5.1283
3/8/2010,5.2522
3/9/2010,5.2546
3/10/2010,5.28
3/11/2010,5.3935
3/12/2010,5.4021
3/15/2010,5.4086
3/16/2010,5.3784
3/17/2010,5.3825
3/18/2010,5.3829
3/19/2010,5.4039
3/22/2010,5.4202
3/23/2010,5.4137
3/24/2010,5.4597
3/25/2010,5.5175
3/26/2010,5.4886
3/29/2010,5.5221
3/30/2010,5.5471
3/31/2010,5.5204
4/1/2010,5.4812
4/6/2010,5.5856
4/7/2010,5.5686
4/8/2010,5.5076
4/9/2010,5.534
4/12/2010,5.5463
4/13/2010,5.4976
4/14/2010,5.54
4/15/2010,5.5825
4/16/2010,5.5371
4/19/2010,5.4531
4/20/2010,5.5185
4/21/2010,5.5926
4/22/2010,5.5695
4/23/2010,5.549
4/27/2010,5.535
4/28/2010,5.4755
4/29/2010,5.512
4/30/2010,5.5171
5/3/2010,5.5971
5/4/2010,5.5575
5/5/2010,5.4616
5/6/2010,5.3541
5/7/2010,5.2059
5/10/2010,5.3585
5/11/2010,5.2695
5/12/2010,5.2466
5/13/2010,5.318
5/14/2010,5.2716
5/17/2010,5.1669
5/18/2010,5.1925
5/19/2010,5.0889
5/20/2010,5.0605
5/21/2010,5.0146
5/24/2010,5.0135
5/25/2010,4.8796
5/26/2010,4.948
5/27/2010,5.0349
5/28/2010,5.075
5/31/2010,5.0141
6/1/2010,4.9946
6/2/2010,4.965
6/3/2010,5.0809
6/4/2010,5.0679
6/7/2010,4.915
6/8/2010,4.9534
6/9/2010,4.9375
6/10/2010,4.9813
6/11/2010,5.0341
6/15/2010,4.9697
6/16/2010,5.0471
6/17/2010,4.9967
6/18/2010,5.0226
6/21/2010,5.1033
6/22/2010,5.0425
6/23/2010,4.9487
6/24/2010,4.9359
6/25/2010,4.847
6/28/2010,4.8117
6/29/2010,4.7391
6/30/2010,4.6812
7/1/2010,4.6469
7/2/2010,4.668
7/5/2010,4.6625
7/6/2010,4.6519
7/7/2010,4.6457
7/8/2010,4.7787
7/9/2010,4.7756
7/12/2010,4.7643
7/13/2010,4.7296
7/14/2010,4.8061
7/15/2010,4.7556
7/16/2010,4.7735
7/19/2010,4.7405
7/20/2010,4.85
7/21/2010,4.8235
7/22/2010,4.7955
7/23/2010,4.859
7/26/2010,4.8915
7/27/2010,4.9085
7/28/2010,4.8149
7/29/2010,4.838
7/30/2010,4.765
8/3/2010,4.7605
8/4/2010,4.7495
8/5/2010,4.7795
8/6/2010,4.8065
8/9/2010,4.7735
8/10/2010,4.7695
8/11/2010,4.707
8/12/2010,4.6824
8/13/2010,4.7168
8/16/2010,4.6645
8/17/2010,4.645
8/18/2010,4.6308
8/19/2010,4.5958
8/20/2010,4.5775
8/23/2010,4.6009
8/24/2010,4.5337
8/25/2010,4.4508
8/26/2010,4.4654
8/27/2010,4.4708
8/30/2010,4.4917
8/31/2010,4.3854
9/1/2010,4.4663
9/2/2010,4.4837
9/3/2010,4.5129
9/6/2010,4.6225
9/7/2010,4.595
9/8/2010,4.575
9/9/2010,4.6847
9/10/2010,4.7278
9/13/2010,4.8184
9/14/2010,4.7991
9/15/2010,4.8294
9/16/2010,4.8075
9/17/2010,4.8843
9/20/2010,4.9396
9/21/2010,4.9636
9/22/2010,4.9529
9/23/2010,4.9482
9/24/2010,4.9196
9/27/2010,4.995
9/28/2010,4.9292
9/29/2010,4.9343
9/30/2010,4.8513
10/1/2010,4.9263
10/5/2010,4.8108
10/6/2010,4.8754
10/7/2010,5.0021
10/8/2010,4.9434
10/11/2010,4.9357
10/12/2010,4.9
10/13/2010,4.8932
10/14/2010,4.8886
10/15/2010,4.9232
10/18/2010,4.9587
10/19/2010,4.9795
10/20/2010,4.9383
10/21/2010,4.9563
10/22/2010,4.9879
10/25/2010,5.0554
10/26/2010,5.0341
10/27/2010,4.975
10/28/2010,4.9735
10/29/2010,4.9692
11/1/2010,4.995
11/2/2010,5.0696
11/3/2010,5.0648
11/4/2010,5.0873
11/5/2010,5.1151
11/8/2010,5.1526
11/9/2010,5.1419
11/10/2010,5.1868
11/11/2010,5.161
11/12/2010,5.1468
11/15/2010,5.2006
11/16/2010,5.1857
11/17/2010,5.1954
11/18/2010,5.2506
11/19/2010,5.2564
11/22/2010,5.2827
11/23/2010,5.2369
11/24/2010,5.2294
11/25/2010,5.2752
11/26/2010,5.2191
11/29/2010,5.1863
11/30/2010,5.1169
12/1/2010,5.0458
12/2/2010,5.0627
12/3/2010,5.1256
12/6/2010,5.078
12/7/2010,5.0785
12/8/2010,5.1827
12/9/2010,5.2747
12/10/2010,5.2502
12/13/2010,5.3614
12/14/2010,5.3252
12/15/2010,5.3398
12/16/2010,5.3573
12/17/2010,5.3305
12/20/2010,5.294
12/21/2010,5.3309
12/22/2010,5.3721
12/23/2010,5.42
12/24/2010,5.5028
12/29/2010,5.5216
12/30/2010,5.4524
12/31/2010,5.4012
1/4/2011,5.3868
1/5/2011,5.332
1/6/2011,5.345
1/7/2011,5.3532
1/10/2011,5.3035
1/11/2011,5.1704
1/12/2011,5.227
1/13/2011,5.3148
1/14/2011,5.325
1/17/2011,5.3215
1/18/2011,5.314
1/19/2011,5.389
1/20/2011,5.3352
1/21/2011,5.4078
1/24/2011,5.4037
1/25/2011,5.3302
1/27/2011,5.2902
1/28/2011,5.2442
1/31/2011,5.2465
2/1/2011,5.2692
2/2/2011,5.2873
2/3/2011,5.3482
2/4/2011,5.4757
2/7/2011,5.5392
2/8/2011,5.5493
2/9/2011,5.5633
2/10/2011,5.5142
2/11/2011,5.471
2/14/2011,5.4823
2/15/2011,5.474
2/16/2011,5.4757
2/17/2011,5.4618
2/18/2011,5.429
2/21/2011,5.429
2/22/2011,5.3713
2/23/2011,5.3523
2/24/2011,5.393
2/25/2011,5.3538
2/28/2011,5.3165
3/1/2011,5.333
3/2/2011,5.3045
3/3/2011,5.336
3/4/2011,5.386
3/7/2011,5.3245
3/8/2011,5.3415
3/9/2011,5.3425
3/10/2011,5.282
3/11/2011,5.26
3/14/2011,5.1945
3/15/2011,5.096
3/16/2011,5.1297
3/17/2011,5.0795
3/18/2011,5.1385
3/21/2011,5.1852
3/22/2011,5.1655
3/23/2011,5.1823
3/24/2011,5.1535
3/25/2011,5.1803
3/28/2011,5.2445
3/29/2011,5.2245
3/30/2011,5.2715
3/31/2011,5.2428
4/1/2011,5.285
4/4/2011,5.2752
4/5/2011,5.2267
4/6/2011,5.2605
4/7/2011,5.341
4/8/2011,5.3802
4/11/2011,5.4088
4/12/2011,5.357
4/13/2011,5.379
4/14/2011,5.372
4/15/2011,5.3585
4/18/2011,5.3535
4/19/2011,5.249
4/20/2011,5.2873
4/21/2011,5.2985
4/27/2011,5.2845
4/28/2011,5.272
4/29/2011,5.247
5/2/2011,5.2595
5/3/2011,5.2205
5/4/2011,5.234
5/5/2011,5.1885
5/6/2011,5.2735
5/9/2011,5.2933
5/10/2011,5.248
5/11/2011,5.2902
5/12/2011,5.1915
5/13/2011,5.1927
5/16/2011,5.163
5/17/2011,5.1965
5/18/2011,5.1405
5/19/2011,5.1585
5/20/2011,5.1455
5/23/2011,5.0642
5/24/2011,5.07
5/25/2011,5.0547
5/26/2011,5.098
5/27/2011,5.057
5/30/2011,5.0002
5/31/2011,4.9948
6/1/2011,5.0912
6/2/2011,5.0475
6/3/2011,5.054
6/6/2011,5.05
6/7/2011,5.0215
6/8/2011,5.041
6/9/2011,4.9697
6/10/2011,4.9418
6/14/2011,4.9488
6/15/2011,4.97
6/16/2011,4.807
6/17/2011,4.8152
6/20/2011,4.7708
6/21/2011,4.765
6/22/2011,4.801
6/23/2011,4.7688
6/24/2011,4.744
6/27/2011,4.6185
6/28/2011,4.6725
6/29/2011,4.805
6/30/2011,4.8675
7/1/2011,4.9583
7/4/2011,4.9045
7/5/2011,4.8663
7/6/2011,4.8657
7/7/2011,4.8618
7/8/2011,4.8882
7/11/2011,4.7417
7/12/2011,4.57
7/13/2011,4.6038
7/14/2011,4.5738
7/15/2011,4.5052
7/18/2011,4.4575
7/19/2011,4.4665
7/20/2011,4.5413
7/21/2011,4.5443
7/22/2011,4.5837
7/25/2011,4.5052
7/26/2011,4.5293
7/27/2011,4.6242
7/28/2011,4.6015
7/29/2011,4.4752
8/2/2011,4.3352
8/3/2011,4.1462
8/4/2011,4.2587
8/5/2011,3.8415
8/8/2011,4.0223
8/9/2011,4.009
8/10/2011,4.0672
8/11/2011,3.9343
8/12/2011,3.9235
8/15/2011,4.0472
8/16/2011,3.985
8/17/2011,3.957
8/18/2011,3.838
8/19/2011,3.7127
8/22/2011,3.7445
8/23/2011,3.8985
8/24/2011,3.8375
8/25/2011,3.949
8/26/2011,3.945
8/29/2011,3.982
8/30/2011,3.9595
8/31/2011,3.924
9/1/2011,4.0065
9/2/2011,3.965
9/5/2011,3.8045
9/6/2011,3.7703
9/7/2011,3.9093
9/8/2011,3.8063
9/9/2011,3.8377
9/12/2011,3.6475
9/13/2011,3.6718
9/14/2011,3.5905
9/15/2011,3.68
9/16/2011,3.8428
9/19/2011,3.7302
9/20/2011,3.7322
9/21/2011,3.7892
9/22/2011,3.6718
9/23/2011,3.605
9/26/2011,3.5835
9/27/2011,3.7578
9/28/2011,3.8263
9/29/2011,3.8077
9/30/2011,3.7865
10/4/2011,3.5705
10/5/2011,3.6137
10/6/2011,3.7023
10/7/2011,3.7715
10/10/2011,3.84
10/11/2011,3.892
10/12/2011,3.863
10/13/2011,4.0353
10/14/2011,3.976
10/17/2011,4.0967
10/18/2011,3.9983
10/19/2011,4.0097
10/20/2011,3.9667
10/21/2011,4.0245
10/24/2011,4.0617
10/25/2011,4.079
10/26/2011,3.8918
10/27/2011,4.0293
10/28/2011,4.0982
10/31/2011,4.0433
11/1/2011,3.9242
11/2/2011,3.8047
11/3/2011,3.76
11/4/2011,3.854
11/7/2011,3.794
11/8/2011,3.7275
11/9/2011,3.7362
11/10/2011,3.5577
11/11/2011,3.6195
11/14/2011,3.6923
11/15/2011,3.5608
11/16/2011,3.4727
11/17/2011,3.4913
11/18/2011,3.3963
11/21/2011,3.3777
11/22/2011,3.3103
11/23/2011,3.2513
11/24/2011,3.2322
11/25/2011,3.1837
11/28/2011,3.2292
11/29/2011,3.3015
11/30/2011,3.3043
12/1/2011,3.4097
12/2/2011,3.408
12/5/2011,3.393
12/6/2011,3.2698
12/7/2011,3.3465
12/8/2011,3.307
12/9/2011,3.228
12/12/2011,3.2992
12/13/2011,3.244
12/14/2011,3.293
12/15/2011,3.1795
12/16/2011,3.227
12/19/2011,3.154
12/20/2011,3.1693
12/21/2011,3.2648
12/22/2011,3.2568
12/23/2011,3.2668
12/28/2011,3.345
12/29/2011,3.2892
12/30/2011,3.2538
1/3/2012,3.4527
1/4/2012,3.4323
1/5/2012,3.404
1/6/2012,3.3742
1/9/2012,3.319
1/10/2012,3.36
1/11/2012,3.374
1/12/2012,3.355
1/13/2012,3.4702
1/16/2012,3.2957
1/17/2012,3.4037
1/18/2012,3.3777
1/19/2012,3.3472
1/20/2012,3.4118
1/23/2012,3.4397
1/24/2012,3.4358
1/25/2012,3.5587
1/27/2012,3.4227
1/30/2012,3.3482
1/31/2012,3.3082
2/1/2012,3.2752
2/2/2012,3.3433
2/3/2012,3.3377
2/6/2012,3.4683
2/7/2012,3.5903
2/8/2012,3.6337
2/9/2012,3.7073
2/10/2012,3.6253
2/13/2012,3.6453
2/14/2012,3.615
2/15/2012,3.6667
2/16/2012,3.5915
2/17/2012,3.7
2/20/2012,3.777
2/21/2012,3.7495
2/22/2012,3.7595
2/23/2012,3.719
2/24/2012,3.775
2/27/2012,3.7335
2/28/2012,3.672
2/29/2012,3.6765
3/1/2012,3.7625
3/2/2012,3.8347
3/5/2012,3.7735
3/6/2012,3.7078
3/7/2012,3.6255
3/8/2012,3.6285
3/9/2012,3.687
3/12/2012,3.612
3/13/2012,3.622
3/14/2012,3.715
3/15/2012,3.8898
3/16/2012,3.872
3/19/2012,3.8847
3/20/2012,3.8565
3/21/2012,3.853
3/22/2012,3.7965
3/23/2012,3.767
3/26/2012,3.7655
3/27/2012,3.7745
3/28/2012,3.689
3/29/2012,3.5972
3/30/2012,3.563
4/2/2012,3.609
4/3/2012,3.5312
4/4/2012,3.536
4/5/2012,3.5257
4/10/2012,3.3582
4/11/2012,3.3407
4/12/2012,3.4177
4/13/2012,3.338
4/16/2012,3.2855
4/17/2012,3.2752
4/18/2012,3.341
4/19/2012,3.3203
4/20/2012,3.3187
4/23/2012,3.2535
4/24/2012,3.1445
4/26/2012,3.189
4/27/2012,3.0995
4/30/2012,3.118
5/1/2012,2.9415
5/2/2012,3.0487
5/3/2012,2.9878
5/4/2012,2.9785
5/7/2012,2.8182
5/8/2012,2.8528
5/9/2012,2.7915
5/10/2012,2.8233
5/11/2012,2.764
5/14/2012,2.7308
5/15/2012,2.7153
5/16/2012,2.6793
5/17/2012,2.7273
5/18/2012,2.5027
5/21/2012,2.5565
5/22/2012,2.6098
5/23/2012,2.5365
5/24/2012,2.514
5/25/2012,2.5443
5/28/2012,2.5905
5/29/2012,2.53
5/30/2012,2.4355
5/31/2012,2.287
6/1/2012,2.195
6/4/2012,2.11
6/5/2012,2.308
6/6/2012,2.3837
6/7/2012,2.4913
6/8/2012,2.4313
6/12/2012,2.3985
6/13/2012,2.481
6/14/2012,2.3758
6/15/2012,2.4162
6/18/2012,2.5162
6/19/2012,2.4193
6/20/2012,2.5633
6/21/2012,2.6068
6/22/2012,2.5048
6/25/2012,2.4667
6/26/2012,2.4213
6/27/2012,2.4532
6/28/2012,2.4402
6/29/2012,2.5043
7/2/2012,2.6567
7/3/2012,2.6572
7/4/2012,2.712
7/5/2012,2.6068
7/6/2012,2.5977
7/9/2012,2.4732
7/10/2012,2.4653
7/11/2012,2.4743
7/12/2012,2.3398
7/13/2012,2.3477
7/16/2012,2.3823
7/17/2012,2.4002
7/18/2012,2.397
7/19/2012,2.4167
7/20/2012,2.4048
7/23/2012,2.2715
7/24/2012,2.3077
7/25/2012,2.2755
7/26/2012,2.3442
7/27/2012,2.5503
7/30/2012,2.675
7/31/2012,2.6532
8/1/2012,2.6843
8/2/2012,2.7267
8/3/2012,2.6843
8/7/2012,2.8668
8/8/2012,2.8935
8/9/2012,2.9262
8/10/2012,2.8087
8/13/2012,2.8108
8/14/2012,2.8568
8/15/2012,2.9177
8/16/2012,2.9903
8/17/2012,2.9802
8/20/2012,2.9602
8/21/2012,2.9732
8/22/2012,2.8853
8/23/2012,2.7817
8/24/2012,2.7592
8/27/2012,2.7292
8/28/2012,2.7192
8/29/2012,2.7078
8/30/2012,2.6228
8/31/2012,2.5747
9/3/2012,2.5227
9/4/2012,2.5352
9/5/2012,2.4753
9/6/2012,2.5378
9/7/2012,2.6542
9/10/2012,2.5742
9/11/2012,2.5742
9/12/2012,2.6748
9/13/2012,2.7057
9/14/2012,2.7868
9/17/2012,2.8932
9/18/2012,2.7698
9/19/2012,2.7903
9/20/2012,2.6727
9/21/2012,2.7622
9/24/2012,2.7092
9/25/2012,2.6653
9/26/2012,2.5807
9/27/2012,2.5338
9/28/2012,2.5217
10/2/2012,2.4792
10/3/2012,2.4362
10/4/2012,2.4957
10/5/2012,2.5412
10/8/2012,2.5382
10/9/2012,2.5282
10/10/2012,2.5422
10/11/2012,2.5148
10/12/2012,2.5303
10/15/2012,2.5008
10/16/2012,2.5203
10/17/2012,2.6098
10/18/2012,2.6923
10/19/2012,2.6593
10/22/2012,2.6102
10/23/2012,2.6613
10/24/2012,2.6995
10/25/2012,2.7552
10/26/2012,2.719
10/29/2012,2.6815
10/30/2012,2.64
10/31/2012,2.653
11/1/2012,2.647
11/2/2012,2.703
11/5/2012,2.699
11/6/2012,2.758
11/7/2012,2.756
11/8/2012,2.7155
11/9/2012,2.6795
11/12/2012,2.6448
11/13/2012,2.6158
11/14/2012,2.6305
11/15/2012,2.5725
11/16/2012,2.5812
11/19/2012,2.6393
11/20/2012,2.6888
11/21/2012,2.7153
11/22/2012,2.7743
11/23/2012,2.8195
11/26/2012,2.798
11/27/2012,2.816
11/28/2012,2.7445
11/29/2012,2.7545
11/30/2012,2.6967
12/3/2012,2.6588
12/4/2012,2.699
12/5/2012,2.7018
12/6/2012,2.6832
12/7/2012,2.6813
12/10/2012,2.7118
12/11/2012,2.6862
12/12/2012,2.7625
12/13/2012,2.8182
12/14/2012,2.8867
12/17/2012,2.8498
12/18/2012,2.8633
12/19/2012,2.8645
12/20/2012,2.838
12/21/2012,2.8055
12/24/2012,2.8177
12/27/2012,2.8163
12/28/2012,2.7927
12/31/2012,2.7538
1/2/2013,2.9527
1/3/2013,2.9077
1/4/2013,2.9848
1/7/2013,2.9667
1/8/2013,2.9683
1/9/2013,2.9362
1/10/2013,2.9818
1/11/2013,3.0085
1/14/2013,2.9915
1/15/2013,2.9657
1/16/2013,2.9088
1/17/2013,2.8382
1/18/2013,2.9513
1/21/2013,2.9105
1/22/2013,2.9155
1/23/2013,2.8547
1/24/2013,2.822
1/25/2013,2.8545
1/29/2013,3.0217
1/30/2013,3.032
1/31/2013,2.979
2/1/2013,3.0425
2/4/2013,3.1115
2/5/2013,3.024
2/6/2013,3.0215
2/7/2013,2.9765
2/8/2013,2.9905
2/11/2013,2.9425
2/12/2013,2.959
2/13/2013,3.0165
2/14/2013,3.0895
2/15/2013,3.0398
2/18/2013,3.0815
2/19/2013,3.08
2/20/2013,3.0895
2/21/2013,3.0425
2/22/2013,3.066
2/25/2013,3.0355
2/26/2013,2.9142
2/27/2013,2.876
2/28/2013,2.915
3/1/2013,2.9025
3/4/2013,2.8535
3/5/2013,2.9285
3/6/2013,2.9873
3/7/2013,3.021
3/8/2013,3.099
3/11/2013,3.1365
3/12/2013,3.1755
3/13/2013,3.148
3/14/2013,3.3052
3/15/2013,3.2655
3/18/2013,3.0985
3/19/2013,3.174
3/20/2013,3.1125
3/21/2013,3.1945
3/22/2013,3.1565
3/25/2013,3.234
3/26/2013,3.1937
3/27/2013,3.125
3/28/2013,3.0255
4/2/2013,3.039
4/3/2013,3.075
4/4/2013,3.0385
4/5/2013,2.9865
4/8/2013,2.924
4/9/2013,2.9315
4/10/2013,2.9562
4/11/2013,2.9515
4/12/2013,2.9505
4/15/2013,2.874
4/16/2013,2.8742
4/17/2013,2.902
4/18/2013,2.842
4/19/2013,2.8442
4/22/2013,2.862
4/23/2013,2.7903
4/24/2013,2.7615
4/26/2013,2.7648
4/29/2013,2.7403
4/30/2013,2.7283
5/1/2013,2.7373
5/2/2013,2.6725
5/3/2013,2.6697
5/6/2013,2.7338
5/7/2013,2.6588
5/8/2013,2.6885
5/9/2013,2.7395
5/10/2013,2.8108
5/13/2013,2.778
5/14/2013,2.7627
5/15/2013,2.7855
5/16/2013,2.748
5/17/2013,2.689
5/20/2013,2.7232
5/21/2013,2.7627
5/22/2013,2.774
5/23/2013,2.7925
5/24/2013,2.8022
5/27/2013,2.771
5/28/2013,2.8115
5/29/2013,2.892
5/30/2013,2.832
5/31/2013,2.796
6/3/2013,2.8325
6/4/2013,2.8563
6/5/2013,2.8135
6/6/2013,2.7525
6/7/2013,2.681
6/11/2013,2.7833
6/12/2013,2.836
6/13/2013,2.7805
6/14/2013,2.7762
6/17/2013,2.8025
6/18/2013,2.7947
6/19/2013,2.8163
6/20/2013,2.9825
6/21/2013,3.0887
6/24/2013,3.301
6/25/2013,3.146
6/26/2013,3.1688
6/27/2013,3.106
6/28/2013,3.0408
7/1/2013,3.1068
7/2/2013,3.0582
7/3/2013,3.021
7/4/2013,3.0828
7/5/2013,3.1223
7/8/2013,3.1667
7/9/2013,3.1198
7/10/2013,3.069
7/11/2013,2.9983
7/12/2013,2.9935
7/15/2013,2.979
7/16/2013,3.033
7/17/2013,3.039
7/18/2013,2.9805
7/19/2013,2.9757
7/22/2013,2.925
7/23/2013,2.9255
7/24/2013,2.952
7/25/2013,3.01
7/26/2013,3.002
7/29/2013,2.9557
7/30/2013,2.8995
7/31/2013,2.9032
8/1/2013,2.8668
8/2/2013,2.9497
8/6/2013,2.8835
8/7/2013,2.8495
8/8/2013,2.8542
8/9/2013,2.891
8/12/2013,2.9
8/13/2013,2.9453
8/14/2013,3.0268
8/15/2013,3.0665
8/16/2013,3.132
8/19/2013,3.1745
8/20/2013,3.1263
8/21/2013,3.1253
8/22/2013,3.2173
8/23/2013,3.189
8/26/2013,3.173
8/27/2013,3.112
8/28/2013,3.092
8/29/2013,3.105
8/30/2013,3.0855
9/2/2013,3.1425
9/3/2013,3.1995
9/4/2013,3.262
9/5/2013,3.3005
9/6/2013,3.341
9/9/2013,3.28
9/10/2013,3.348
9/11/2013,3.3542
9/12/2013,3.2365
9/13/2013,3.2857
9/16/2013,3.215
9/17/2013,3.2665
9/18/2013,3.2815
9/19/2013,3.1212
9/20/2013,3.1618
9/23/2013,3.1853
9/24/2013,3.129
9/25/2013,3.097
9/26/2013,3.1035
9/27/2013,3.0925
9/30/2013,3.045
10/1/2013,3.3135
10/2/2013,3.3163
10/3/2013,3.3173
10/4/2013,3.3967
10/8/2013,3.4302
10/9/2013,3.448
10/10/2013,3.5233
10/11/2013,3.4987
10/14/2013,3.473
10/15/2013,3.5655
10/16/2013,3.581
10/17/2013,3.4773
10/18/2013,3.4673
10/21/2013,3.4495
10/22/2013,3.4757
10/23/2013,3.3902
10/24/2013,3.3875
10/25/2013,3.3735
10/28/2013,3.3928
10/29/2013,3.3593
10/30/2013,3.3303
10/31/2013,3.393
11/1/2013,3.4345
11/4/2013,3.516
11/5/2013,3.5073
11/6/2013,3.5582
11/7/2013,3.5073
11/8/2013,3.4792
11/11/2013,3.5477
11/12/2013,3.5952
11/13/2013,3.5615
11/14/2013,3.5073
11/15/2013,3.494
11/18/2013,3.4943
11/19/2013,3.5122
11/20/2013,3.5508
11/21/2013,3.5958
11/22/2013,3.582
11/25/2013,3.5522
11/26/2013,3.5095
11/27/2013,3.4802
11/28/2013,3.5325
11/29/2013,3.501
12/2/2013,3.5682
12/3/2013,3.5898
12/4/2013,3.558
12/5/2013,3.6075
12/6/2013,3.6355
12/9/2013,3.5803
12/10/2013,3.5898
12/11/2013,3.5352
12/12/2013,3.507
12/13/2013,3.4945
12/16/2013,3.4172
12/17/2013,3.4245
12/18/2013,3.412
12/19/2013,3.4567
12/20/2013,3.4683
12/23/2013,3.4675
12/24/2013,3.458
12/27/2013,3.502
12/30/2013,3.4922
12/31/2013,3.465
1/2/2014,3.53
1/3/2014,3.532
1/6/2014,3.5547
1/7/2014,3.5113
1/8/2014,3.4983
1/9/2014,3.551
1/10/2014,3.524
1/13/2014,3.4905
1/14/2014,3.46
1/15/2014,3.4908
1/16/2014,3.4215
1/17/2014,3.3442
1/20/2014,3.3333
1/21/2014,3.3635
1/22/2014,3.4802
1/23/2014,3.4518
1/24/2014,3.3115
1/28/2014,3.2995
1/29/2014,3.3863
1/30/2014,3.304
1/31/2014,3.306
2/3/2014,3.3152
2/4/2014,3.335
2/5/2014,3.3565
2/6/2014,3.4125
2/7/2014,3.461
2/10/2014,3.4523
2/11/2014,3.4892
2/12/2014,3.5113
2/13/2014,3.449
2/14/2014,3.4105
2/17/2014,3.4532
2/18/2014,3.4748
2/19/2014,3.4348
2/20/2014,3.4278
2/21/2014,3.4895
2/24/2014,3.4415
2/25/2014,3.4405
2/26/2014,3.4072
2/27/2014,3.3233
2/28/2014,3.3
3/3/2014,3.2532
3/4/2014,3.294
3/5/2014,3.3505
3/6/2014,3.396
3/7/2014,3.44
3/10/2014,3.4567
3/11/2014,3.4335
3/12/2014,3.424
3/13/2014,3.4692
3/14/2014,3.351
3/17/2014,3.378
3/18/2014,3.4172
3/19/2014,3.4023
3/20/2014,3.4555
3/21/2014,3.4848
3/24/2014,3.488
3/25/2014,3.4413
3/26/2014,3.4505
3/27/2014,3.439
3/28/2014,3.421
3/31/2014,3.4353
4/1/2014,3.4702
4/2/2014,3.4913
4/3/2014,3.5052
4/4/2014,3.483
4/7/2014,3.4185
4/8/2014,3.4213
4/9/2014,3.4095
4/10/2014,3.4285
4/11/2014,3.3858
4/14/2014,3.3412
4/15/2014,3.36
4/16/2014,3.3505
4/17/2014,3.332
4/22/2014,3.3712
4/23/2014,3.3203
4/24/2014,3.3075
4/28/2014,3.2857
4/29/2014,3.2952
4/30/2014,3.3157
5/1/2014,3.3008
5/2/2014,3.2815
5/5/2014,3.2608
5/6/2014,3.2445
5/7/2014,3.215
5/8/2014,3.2348
5/9/2014,3.2132
5/12/2014,3.2238
5/13/2014,3.236
5/14/2014,3.2113
5/15/2014,3.1815
5/16/2014,3.1583
5/19/2014,3.14
5/20/2014,3.1535
5/21/2014,3.0795
5/22/2014,3.1383
5/23/2014,3.1648
5/26/2014,3.1407
5/27/2014,3.1575
5/28/2014,3.136
5/29/2014,3.0782
5/30/2014,3.089
6/2/2014,3.0828
6/3/2014,3.097
6/4/2014,3.158
6/5/2014,3.146
6/6/2014,3.146
6/10/2014,3.1523
6/11/2014,3.2042
6/12/2014,3.1718
6/13/2014,3.1617
6/16/2014,3.13
6/17/2014,3.077
6/18/2014,3.1005
6/19/2014,3.0385
6/20/2014,3.0468
6/23/2014,3.0668
6/24/2014,3.0162
6/25/2014,2.9757
6/26/2014,2.9773
6/27/2014,2.9485
6/30/2014,2.9542
7/1/2014,2.9878
7/2/2014,2.9635
7/3/2014,2.91
7/4/2014,2.94
7/7/2014,2.95
7/8/2014,2.9565
7/9/2014,2.9227
7/10/2014,2.8723
7/11/2014,2.8255
7/14/2014,2.8558
7/15/2014,2.8385
7/16/2014,2.8217
7/17/2014,2.826
7/18/2014,2.7995
7/21/2014,2.8452
7/22/2014,2.845
7/23/2014,2.8895
7/24/2014,2.915
7/25/2014,2.9188
7/28/2014,2.9062
7/29/2014,2.9355
7/30/2014,2.9042
7/31/2014,2.959
8/1/2014,2.9748
8/5/2014,2.9488
8/6/2014,2.9785
8/7/2014,2.8677
8/8/2014,2.745
8/11/2014,2.8458
8/12/2014,2.8647
8/13/2014,2.8863
8/14/2014,2.8273
8/15/2014,2.8433
8/18/2014,2.812
8/19/2014,2.839
8/20/2014,2.868
8/21/2014,2.918
8/22/2014,2.9358
8/25/2014,2.916
8/26/2014,2.8558
8/27/2014,2.8347
8/28/2014,2.8442
8/29/2014,2.8273
9/1/2014,2.8377
9/2/2014,2.8653
9/3/2014,2.9092
9/4/2014,2.8988
9/5/2014,2.9288
9/8/2014,2.9197
9/9/2014,2.9952
9/10/2014,2.9973
9/11/2014,3.0412
9/12/2014,3.041
9/15/2014,3.0492
9/16/2014,3.0243
9/17/2014,3.0408
9/18/2014,3.1007
9/19/2014,3.1117
9/22/2014,3.0495
9/23/2014,2.9678
9/24/2014,3.017
9/25/2014,2.9878
9/26/2014,2.9285
9/29/2014,2.9225
9/30/2014,2.8953
10/1/2014,2.998
10/2/2014,2.9467
10/3/2014,2.9867
10/7/2014,2.9535
10/8/2014,2.93
10/9/2014,2.8885
10/10/2014,2.871
10/13/2014,2.839
10/14/2014,2.8407
10/15/2014,2.8828
10/16/2014,2.763
10/17/2014,2.8057
10/20/2014,2.8575
10/21/2014,2.7625
10/22/2014,2.815
10/23/2014,2.8122
10/24/2014,2.8225
10/27/2014,2.8488
10/28/2014,2.7882
10/29/2014,2.8495
10/30/2014,2.8675
10/31/2014,2.831
11/3/2014,2.772
11/4/2014,2.8135
11/5/2014,2.782
11/6/2014,2.7778
11/7/2014,2.8457
11/10/2014,2.7933
11/11/2014,2.8287
11/12/2014,2.8447
11/13/2014,2.8537
11/14/2014,2.845
11/17/2014,2.801
11/18/2014,2.8063
11/19/2014,2.784
11/20/2014,2.7735
11/21/2014,2.7678
11/24/2014,2.7497
11/25/2014,2.71
11/26/2014,2.6345
11/27/2014,2.6217
11/28/2014,2.5638
12/1/2014,2.5148
12/2/2014,2.6003
12/3/2014,2.5485
12/4/2014,2.5312
12/5/2014,2.483
12/8/2014,2.5215
12/9/2014,2.473
12/10/2014,2.4185
12/11/2014,2.3802
12/12/2014,2.4397
12/15/2014,2.414
12/16/2014,2.4055
12/17/2014,2.3465
12/18/2014,2.3717
12/19/2014,2.4447
12/22/2014,2.3765
12/23/2014,2.3685
12/24/2014,2.3845
12/29/2014,2.3612
12/30/2014,2.2898
12/31/2014,2.2617
1/2/2015,2.3098
1/5/2015,2.257
1/6/2015,2.2505
1/7/2015,2.213
1/8/2015,2.26
1/9/2015,2.2487
1/12/2015,2.2375
1/13/2015,2.1823
1/14/2015,2.1625
1/15/2015,2.251
1/16/2015,2.1435
1/19/2015,2.1962
1/20/2015,2.2283
1/21/2015,2.186
1/22/2015,2.1607
1/23/2015,2.1815
1/27/2015,2.1493
1/28/2015,2.202
1/29/2015,2.041
1/30/2015,2.0213
2/2/2015,2.0357
2/3/2015,1.8728
2/4/2015,2.0037
2/5/2015,1.9633
2/6/2015,2.0002
2/9/2015,2.0538
2/10/2015,2.0528
2/11/2015,2.0598
2/12/2015,1.9813
2/13/2015,1.9647
2/16/2015,1.988
2/17/2015,1.9772
2/18/2015,2.0127
2/19/2015,1.9602
2/20/2015,1.9827
2/23/2015,1.9957
2/24/2015,1.9837
2/25/2015,1.9685
2/26/2015,1.9028
2/27/2015,1.8977
3/2/2015,1.9125
3/3/2015,1.9653
3/4/2015,2.0198
3/5/2015,2.0365
3/6/2015,2.0312
3/9/2015,2.1072
3/10/2015,2.0755
3/11/2015,2.0013
3/12/2015,1.9527
3/13/2015,1.9967
3/16/2015,1.9425
3/17/2015,1.9622
3/18/2015,1.953
3/19/2015,1.8742
3/20/2015,1.8682
3/23/2015,1.8795
3/24/2015,1.8755
3/25/2015,1.8312
3/26/2015,1.8325
3/27/2015,1.8807
3/30/2015,1.8302
3/31/2015,1.801
4/1/2015,1.8665
4/2/2015,1.8355
4/7/2015,1.908
4/8/2015,1.89
4/9/2015,1.8915
4/10/2015,1.9117
4/13/2015,1.872
4/14/2015,1.8418
4/15/2015,1.8173
4/16/2015,1.9257
4/17/2015,1.9207
4/20/2015,1.9635
4/21/2015,1.9523
4/22/2015,2.01
4/23/2015,2.0542
4/24/2015,2.0652
4/27/2015,2.0162
4/28/2015,2.078
4/29/2015,2.0898
4/30/2015,2.1045
5/1/2015,2.106
5/4/2015,2.1027
5/5/2015,2.2127
5/6/2015,2.3222
5/7/2015,2.347
5/8/2015,2.254
5/11/2015,2.264
5/12/2015,2.4018
5/13/2015,2.3523
5/14/2015,2.352
5/15/2015,2.278
5/18/2015,2.2668
5/19/2015,2.3112
5/20/2015,2.3207
5/21/2015,2.281
5/22/2015,2.2733
5/25/2015,2.2705
5/26/2015,2.28
5/27/2015,2.2405
5/28/2015,2.1635
5/29/2015,2.103
6/1/2015,2.0775
6/2/2015,2.1295
6/3/2015,2.2357
6/4/2015,2.327
6/5/2015,2.333
6/9/2015,2.275
6/10/2015,2.3177
6/11/2015,2.3932
6/12/2015,2.309
6/15/2015,2.2865
6/16/2015,2.2705
6/17/2015,2.252
6/18/2015,2.1458
6/19/2015,2.13
6/22/2015,2.2027
6/23/2015,2.3205
6/24/2015,2.307
6/25/2015,2.321
6/26/2015,2.3363
6/29/2015,2.242
6/30/2015,2.2857
7/1/2015,2.2722
7/2/2015,2.3442
7/3/2015,2.2885
7/6/2015,2.1732
7/7/2015,2.148
7/8/2015,2.0252
7/9/2015,2.0845
7/10/2015,2.177
7/13/2015,2.2102
7/14/2015,2.2432
7/15/2015,2.2543
7/16/2015,2.2005
7/17/2015,2.2065
7/20/2015,2.1967
7/21/2015,2.2008
7/22/2015,2.1652
7/23/2015,2.1372
7/24/2015,2.0738
7/27/2015,2.0262
7/28/2015,2.0522
7/29/2015,2.0673
7/30/2015,2.1172
7/31/2015,2.0657
8/4/2015,2.0725
8/5/2015,2.1337
8/6/2015,2.139
8/7/2015,2.151
8/10/2015,2.1332
8/11/2015,2.1242
8/12/2015,2.033
8/13/2015,2.094
8/14/2015,2.1272
8/17/2015,2.1298
8/18/2015,2.0968
8/19/2015,2.0992
8/20/2015,2.0355
8/21/2015,1.9618
8/24/2015,1.862
8/25/2015,1.915
8/26/2015,1.9418
8/27/2015,1.9675
8/28/2015,1.993
8/31/2015,1.94
9/1/2015,1.9365
9/2/2015,1.9668
9/3/2015,1.949
9/4/2015,1.908
9/7/2015,1.945
9/8/2015,1.964
9/9/2015,2.029
9/10/2015,2.027
9/11/2015,2.054
9/14/2015,2.04
9/15/2015,2.034
9/16/2015,2.123
9/17/2015,2.194
9/18/2015,2.112
9/21/2015,2.086
9/22/2015,2.118
9/23/2015,2.063
9/24/2015,2.033
9/25/2015,2.073
9/28/2015,2.071
9/29/2015,1.97
9/30/2015,1.982
10/1/2015,2.123
10/2/2015,2.133
10/6/2015,2.11
10/7/2015,2.137
10/8/2015,2.116
10/9/2015,2.185
10/12/2015,2.197
10/13/2015,2.162
10/14/2015,2.093
10/15/2015,2.081
10/16/2015,2.09
10/19/2015,2.089
10/20/2015,2.102
10/21/2015,2.144
10/22/2015,2.121
10/23/2015,2.101
10/26/2015,2.141
10/27/2015,2.125
10/28/2015,2.055
10/29/2015,2.067
10/30/2015,2.064
11/2/2015,2.072
11/3/2015,2.138
11/4/2015,2.158
11/5/2015,2.221
11/6/2015,2.233
11/9/2015,2.34
11/10/2015,2.324
11/11/2015,2.303
11/12/2015,2.407
11/13/2015,2.406
11/16/2015,2.34
11/17/2015,2.37
11/18/2015,2.343
11/19/2015,2.362
11/20/2015,2.362
11/23/2015,2.393
11/24/2015,2.363
11/25/2015,2.333
11/26/2015,2.287
11/27/2015,2.302
11/30/2015,2.308
12/1/2015,2.31
12/2/2015,2.294
12/3/2015,2.317
12/4/2015,2.388
12/7/2015,2.39
12/8/2015,2.317
12/9/2015,2.298
12/10/2015,2.377
12/11/2015,2.359
12/14/2015,2.312
12/15/2015,2.306
12/16/2015,2.34
12/17/2015,2.313
12/18/2015,2.247
12/21/2015,2.245
12/22/2015,2.23
12/23/2015,2.25
12/29/2015,2.182
12/30/2015,2.208
12/31/2015,2.245
1/4/2016,2.204
1/5/2016,2.204
1/6/2016,2.198
1/7/2016,2.149
1/8/2016,2.202
1/11/2016,2.168
1/12/2016,2.191
1/13/2016,2.179
1/14/2016,2.122
1/15/2016,2.123
1/18/2016,2.107
1/19/2016,2.118
1/20/2016,2.084
1/21/2016,2.11
1/22/2016,2.144
1/25/2016,2.143
1/27/2016,2.109
1/28/2016,2.114
1/29/2016,2.069
2/1/2016,2.052
2/2/2016,2.051
2/3/2016,1.983
2/4/2016,2.035
2/5/2016,2.023
2/8/2016,2.048
2/9/2016,1.91
2/10/2016,1.92
2/11/2016,1.902
2/12/2016,1.941
2/15/2016,2.019
2/16/2016,2.04
2/17/2016,2.007
2/18/2016,2.036
2/19/2016,1.957
2/22/2016,1.985
2/23/2016,1.952
2/24/2016,1.934
2/25/2016,1.918
2/26/2016,1.903
2/29/2016,1.914
3/1/2016,1.874
3/2/2016,1.997
3/3/2016,2.074
3/4/2016,2.083
3/7/2016,2.123
3/8/2016,2.115
3/9/2016,2.127
3/10/2016,2.125
3/11/2016,2.203
3/14/2016,2.247
3/15/2016,2.209
3/16/2016,2.19
3/17/2016,2.103
3/18/2016,2.105
3/21/2016,2.104
3/22/2016,2.148
3/23/2016,2.195
3/24/2016,2.14
3/29/2016,2.138
3/30/2016,2.07
3/31/2016,2.093
4/1/2016,2.131
4/4/2016,2.062
4/5/2016,2.048
4/6/2016,2.039
4/7/2016,2.039
4/8/2016,1.999
4/11/2016,2.002
4/12/2016,2.053
4/13/2016,2.099
4/14/2016,2.125
4/15/2016,2.159
4/18/2016,2.103
4/19/2016,2.164
4/20/2016,2.14
4/21/2016,2.188
4/22/2016,2.218
4/26/2016,2.232
4/27/2016,2.14
4/28/2016,2.066
4/29/2016,2.057
5/2/2016,2.066
5/3/2016,1.959
5/4/2016,1.943
5/5/2016,1.906
5/6/2016,1.796
5/9/2016,1.79
5/10/2016,1.797
5/11/2016,1.805
5/12/2016,1.786
5/13/2016,1.78
5/16/2016,1.759
5/17/2016,1.826
5/18/2016,1.816
5/19/2016,1.85
5/20/2016,1.819
5/23/2016,1.822
5/24/2016,1.81
5/25/2016,1.819
5/26/2016,1.795
5/27/2016,1.788
5/30/2016,1.804
5/31/2016,1.828
6/1/2016,1.817
6/2/2016,1.783
6/3/2016,1.761
6/6/2016,1.704
6/7/2016,1.773
6/8/2016,1.743
6/9/2016,1.71
6/10/2016,1.724
6/14/2016,1.686
6/15/2016,1.692
6/16/2016,1.638
6/17/2016,1.691
6/20/2016,1.718
6/21/2016,1.756
6/22/2016,1.805
6/23/2016,1.836
6/24/2016,1.619
6/27/2016,1.663
6/28/2016,1.629
6/29/2016,1.652
6/30/2016,1.647
7/1/2016,1.616
7/4/2016,1.666
7/5/2016,1.629
7/6/2016,1.577
7/7/2016,1.577
7/8/2016,1.595
7/11/2016,1.614
7/12/2016,1.645
7/13/2016,1.656
7/14/2016,1.641
7/15/2016,1.653
7/18/2016,1.647
7/19/2016,1.585
7/20/2016,1.58
7/21/2016,1.57
7/22/2016,1.556
7/25/2016,1.566
7/26/2016,1.584
7/27/2016,1.613
7/28/2016,1.556
7/29/2016,1.548
8/2/2016,1.467
8/3/2016,1.534
8/4/2016,1.547
8/5/2016,1.526
8/8/2016,1.564
8/9/2016,1.542
8/10/2016,1.495
8/11/2016,1.491
8/12/2016,1.528
8/15/2016,1.508
8/16/2016,1.501
8/17/2016,1.523
8/18/2016,1.513
8/19/2016,1.502
8/22/2016,1.535
8/23/2016,1.501
8/24/2016,1.501
8/25/2016,1.513
8/26/2016,1.521
8/29/2016,1.551
8/30/2016,1.523
8/31/2016,1.514
9/1/2016,1.531
9/2/2016,1.551
9/5/2016,1.567
9/6/2016,1.578
9/7/2016,1.537
9/8/2016,1.575
9/9/2016,1.639
9/12/2016,1.697
9/13/2016,1.719
9/14/2016,1.738
9/15/2016,1.755
9/16/2016,1.741
9/19/2016,1.771
9/20/2016,1.774
9/21/2016,1.769
9/22/2016,1.724
9/23/2016,1.711
9/26/2016,1.695
9/27/2016,1.699
9/28/2016,1.663
9/29/2016,1.668
9/30/2016,1.598
10/4/2016,1.769
10/5/2016,1.813
10/6/2016,1.838
10/7/2016,1.848
10/10/2016,1.868
10/11/2016,1.914
10/12/2016,1.957
10/13/2016,1.914
10/14/2016,1.94
10/17/2016,1.957
10/18/2016,1.972
10/19/2016,1.949
10/20/2016,1.93
10/21/2016,1.934
10/24/2016,1.905
10/25/2016,1.926
10/26/2016,1.943
10/27/2016,1.975
10/28/2016,1.998
10/31/2016,1.949
11/1/2016,1.979
11/2/2016,1.942
11/3/2016,1.914
11/4/2016,1.939
11/7/2016,1.951
11/8/2016,1.951
11/9/2016,1.823
11/10/2016,2.03
11/11/2016,2.081
11/14/2016,2.148
11/15/2016,2.155
11/16/2016,2.137
11/17/2016,2.085
11/18/2016,2.202
11/21/2016,2.192
11/22/2016,2.184
11/23/2016,2.23
11/24/2016,2.286
11/25/2016,2.285
11/28/2016,2.235
11/29/2016,2.247
11/30/2016,2.25
12/1/2016,2.307
12/2/2016,2.354
12/5/2016,2.304
12/6/2016,2.319
12/7/2016,2.272
12/8/2016,2.235
12/9/2016,2.296
12/12/2016,2.331
12/13/2016,2.29
12/14/2016,2.247
12/15/2016,2.339
12/16/2016,2.321
12/19/2016,2.363
12/20/2016,2.372
12/21/2016,2.376
12/22/2016,2.388
12/23/2016,2.417
12/28/2016,2.413
12/29/2016,2.352
12/30/2016,2.325
1/3/2017,2.307
1/4/2017,2.338
1/5/2017,2.3
1/6/2017,2.247
1/9/2017,2.314
1/10/2017,2.273
1/11/2017,2.274
1/12/2017,2.229
1/13/2017,2.266
1/16/2017,2.265
1/17/2017,2.271
1/18/2017,2.26
1/19/2017,2.317
1/20/2017,2.331
1/23/2017,2.307
1/24/2017,2.258
1/25/2017,2.264
1/27/2017,2.287
1/30/2017,2.248
1/31/2017,2.213
2/1/2017,2.232
2/2/2017,2.265
2/3/2017,2.29
2/6/2017,2.268
2/7/2017,2.225
2/8/2017,2.213
2/9/2017,2.179
2/10/2017,2.225
2/13/2017,2.217
2/14/2017,2.256
2/15/2017,2.301
2/16/2017,2.322
2/17/2017,2.321
2/20/2017,2.305
2/21/2017,2.314
2/22/2017,2.335
2/23/2017,2.299
2/24/2017,2.253
2/27/2017,2.238
2/28/2017,2.25
3/1/2017,2.314
3/2/2017,2.298
3/3/2017,2.313
3/6/2017,2.319
3/7/2017,2.339
3/8/2017,2.387
3/9/2017,2.427
3/10/2017,2.465
3/13/2017,2.433
3/14/2017,2.427
3/15/2017,2.431
3/16/2017,2.345
3/17/2017,2.369
3/20/2017,2.348
3/21/2017,2.324
3/22/2017,2.298
3/23/2017,2.288
3/24/2017,2.285
3/27/2017,2.251
3/28/2017,2.237
3/29/2017,2.255
3/30/2017,2.239
3/31/2017,2.239
4/3/2017,2.221
4/4/2017,2.175
4/5/2017,2.167
4/6/2017,2.133
4/7/2017,2.096
4/10/2017,2.104
4/11/2017,2.084
4/12/2017,2.062
4/13/2017,2.055
4/18/2017,2.062
4/19/2017,2.04
4/20/2017,2.075
4/21/2017,2.095
4/24/2017,2.125
4/26/2017,2.164
4/27/2017,2.143
4/28/2017,2.109
5/1/2017,2.114
5/2/2017,2.136
5/3/2017,2.129
5/4/2017,2.173
5/5/2017,2.177
5/8/2017,2.197
5/9/2017,2.201
5/10/2017,2.169
5/11/2017,2.152
5/12/2017,2.126
5/15/2017,2.093
5/16/2017,2.09
5/17/2017,2.046
5/18/2017,2.043
5/19/2017,2.023
5/22/2017,2.021
5/23/2017,1.989
5/24/2017,2.002
5/25/2017,1.967
5/26/2017,1.947
5/29/2017,1.951
5/30/2017,1.928
5/31/2017,1.909
6/1/2017,1.915
6/2/2017,1.935
6/5/2017,1.93
6/6/2017,1.909
6/7/2017,1.942
6/8/2017,1.959
6/9/2017,1.967
6/13/2017,1.962
6/14/2017,1.974
6/15/2017,1.963
6/16/2017,2.008
6/19/2017,2.019
6/20/2017,2.04
6/21/2017,2.016
6/22/2017,2.005
6/23/2017,2.007
6/26/2017,2.012
6/27/2017,1.999
6/28/2017,2.072
6/29/2017,2.112
6/30/2017,2.182
7/3/2017,2.199
7/4/2017,2.146
7/5/2017,2.164
7/6/2017,2.173
7/7/2017,2.245
7/10/2017,2.247
7/11/2017,2.263
7/12/2017,2.242
7/13/2017,2.205
7/14/2017,2.217
7/17/2017,2.228
7/18/2017,2.27
7/19/2017,2.265
7/20/2017,2.277
7/21/2017,2.212
7/24/2017,2.198
7/25/2017,2.21
7/26/2017,2.224
7/27/2017,2.182
7/28/2017,2.186
7/31/2017,2.165
8/1/2017,2.19
8/2/2017,2.181
8/3/2017,2.157
8/4/2017,2.145
8/8/2017,2.154
8/9/2017,2.17
8/10/2017,2.184
8/11/2017,2.128
8/14/2017,2.148
8/15/2017,2.17
8/16/2017,2.19
8/17/2017,2.176
8/18/2017,2.157
8/21/2017,2.177
8/22/2017,2.185
8/23/2017,2.207
8/24/2017,2.178
8/25/2017,2.187
8/28/2017,2.216
8/29/2017,2.183
8/30/2017,2.224
8/31/2017,2.236
9/1/2017,2.2
9/4/2017,2.17
9/5/2017,2.217
9/6/2017,2.162
9/7/2017,2.201
9/8/2017,2.161
9/11/2017,2.172
9/12/2017,2.191
9/13/2017,2.218
9/14/2017,2.275
9/15/2017,2.301
9/18/2017,2.356
9/19/2017,2.374
9/20/2017,2.383
9/21/2017,2.374
9/22/2017,2.351
9/25/2017,2.355
9/26/2017,2.337
9/27/2017,2.339
9/28/2017,2.382
9/29/2017,2.358
10/3/2017,2.36
10/4/2017,2.338
10/5/2017,2.301
10/6/2017,2.329
10/9/2017,2.319
10/10/2017,2.337
10/11/2017,2.335
10/12/2017,2.323
10/13/2017,2.31
10/16/2017,2.278
10/17/2017,2.29
10/18/2017,2.27
10/19/2017,2.308
10/20/2017,2.319
10/23/2017,2.323
10/24/2017,2.303
10/25/2017,2.261
10/26/2017,2.237
10/27/2017,2.251
10/30/2017,2.221
10/31/2017,2.18
11/1/2017,2.21
11/2/2017,2.176
11/3/2017,2.105
11/6/2017,2.103
11/7/2017,2.114
11/8/2017,2.119
11/9/2017,2.135
11/10/2017,2.133
11/13/2017,2.133
11/14/2017,2.183
11/15/2017,2.123
11/16/2017,2.13
11/17/2017,2.12
11/20/2017,2.109
11/21/2017,2.108
11/22/2017,2.101
11/23/2017,2.091
11/24/2017,2.092
11/27/2017,2.089
11/28/2017,2.071
11/29/2017,2.051
11/30/2017,2.081
12/1/2017,2.109
12/4/2017,2.124
12/5/2017,2.184
12/6/2017,2.117
12/7/2017,2.103
12/8/2017,2.125
12/11/2017,2.149
12/12/2017,2.139
12/13/2017,2.155
12/14/2017,2.23
12/15/2017,2.204
12/18/2017,2.229
12/19/2017,2.26
12/20/2017,2.29
12/21/2017,2.31
12/22/2017,2.334
12/27/2017,2.341
12/28/2017,2.331
12/29/2017,2.293
1/2/2018,2.369
1/3/2018,2.369
1/4/2018,2.336
1/5/2018,2.296
1/8/2018,2.302
1/9/2018,2.324
1/10/2018,2.348
1/11/2018,2.369
1/12/2018,2.366
1/15/2018,2.387
1/16/2018,2.406
1/17/2018,2.419
1/18/2018,2.446
1/19/2018,2.484
1/22/2018,2.483
1/23/2018,2.466
1/24/2018,2.458
1/25/2018,2.457
1/29/2018,2.468
1/30/2018,2.475
1/31/2018,2.411
2/1/2018,2.388
2/2/2018,2.405
2/5/2018,2.469
2/6/2018,2.388
2/7/2018,2.388
2/8/2018,2.425
2/9/2018,2.383
2/12/2018,2.411
2/13/2018,2.396
2/14/2018,2.385
2/15/2018,2.424
2/16/2018,2.43
2/19/2018,2.417
2/20/2018,2.442
2/21/2018,2.406
2/22/2018,2.395
2/23/2018,2.366
2/26/2018,2.334
2/27/2018,2.329
2/28/2018,2.373
3/1/2018,2.341
3/2/2018,2.323
3/5/2018,2.326
3/6/2018,2.373
3/7/2018,2.351
3/8/2018,2.356
3/9/2018,2.366
3/12/2018,2.396
3/13/2018,2.389
3/14/2018,2.329
3/15/2018,2.285
3/16/2018,2.289
3/19/2018,2.301
3/20/2018,2.316
3/21/2018,2.341
3/22/2018,2.378
3/23/2018,2.327
3/26/2018,2.326
3/27/2018,2.331
3/28/2018,2.272
3/29/2018,2.298
4/3/2018,2.338
4/4/2018,2.361
4/5/2018,2.366
4/6/2018,2.353
4/9/2018,2.349
4/10/2018,2.37
4/11/2018,2.367
4/12/2018,2.355
4/13/2018,2.411
4/16/2018,2.431
4/17/2018,2.454
4/18/2018,2.448
4/19/2018,2.463
4/20/2018,2.468
4/23/2018,2.512
4/24/2018,2.486
4/26/2018,2.504
4/27/2018,2.476
4/30/2018,2.428
5/1/2018,2.422
5/2/2018,2.434
5/3/2018,2.443
5/4/2018,2.42
5/7/2018,2.402
5/8/2018,2.381
5/9/2018,2.402
5/10/2018,2.396
5/11/2018,2.394
5/14/2018,2.383
5/15/2018,2.431
5/16/2018,2.461
5/17/2018,2.487
5/18/2018,2.474
5/21/2018,2.459
5/22/2018,2.444
5/23/2018,2.434
5/24/2018,2.411
5/25/2018,2.391
5/28/2018,2.372
5/29/2018,2.331
5/30/2018,2.301
5/31/2018,2.311
6/1/2018,2.34
6/4/2018,2.383
6/5/2018,2.377
6/6/2018,2.405
6/7/2018,2.455
6/8/2018,2.401
6/12/2018,2.419
6/13/2018,2.402
6/14/2018,2.358
6/15/2018,2.337
6/18/2018,2.319
6/19/2018,2.284
6/20/2018,2.317
6/21/2018,2.333
6/22/2018,2.303
6/25/2018,2.297
6/26/2018,2.295
6/27/2018,2.284
6/28/2018,2.263
6/29/2018,2.266
7/2/2018,2.228
7/3/2018,2.247
7/4/2018,2.237
7/5/2018,2.239
7/6/2018,2.261
7/9/2018,2.247
7/10/2018,2.276
7/11/2018,2.242
7/12/2018,2.249
7/13/2018,2.253
7/16/2018,2.255
7/17/2018,2.283
7/18/2018,2.271
7/19/2018,2.301
7/20/2018,2.266
7/23/2018,2.299
7/24/2018,2.329
7/25/2018,2.289
7/26/2018,2.271
7/27/2018,2.247
7/30/2018,2.255
7/31/2018,2.263
8/1/2018,2.287
8/2/2018,2.306
8/3/2018,2.311
8/7/2018,2.261
8/8/2018,2.273
8/9/2018,2.244
8/10/2018,2.19
8/13/2018,2.19
8/14/2018,2.191
8/15/2018,2.185
8/16/2018,2.176
8/17/2018,2.167
8/20/2018,2.162
8/21/2018,2.178
8/22/2018,2.175
8/23/2018,2.157
8/24/2018,2.17
8/27/2018,2.185
8/28/2018,2.194
8/29/2018,2.161
8/30/2018,2.172
8/31/2018,2.133
9/3/2018,2.119
9/4/2018,2.13
9/5/2018,2.154
9/6/2018,2.146
9/7/2018,2.127
9/10/2018,2.145
9/11/2018,2.146
9/12/2018,2.152
9/13/2018,2.173
9/14/2018,2.16
9/17/2018,2.173
9/18/2018,2.212
9/19/2018,2.273
9/20/2018,2.281
9/21/2018,2.265
9/24/2018,2.27
9/25/2018,2.298
9/26/2018,2.274
9/27/2018,2.245
9/28/2018,2.234
10/2/2018,2.222
10/3/2018,2.189
10/4/2018,2.226
10/5/2018,2.22
10/8/2018,2.258
10/9/2018,2.268
10/10/2018,2.259
10/11/2018,2.23
10/12/2018,2.254
10/15/2018,2.23
10/16/2018,2.237
10/17/2018,2.222
10/18/2018,2.255
10/19/2018,2.224
10/22/2018,2.236
10/23/2018,2.216
10/24/2018,2.206
10/25/2018,2.173
10/26/2018,2.165
10/29/2018,2.14
10/30/2018,2.1465
10/31/2018,2.1675
11/1/2018,2.198
11/2/2018,2.2365
11/5/2018,2.2698
11/6/2018,2.2635
11/7/2018,2.2623
11/8/2018,2.3005
11/9/2018,2.3055
11/12/2018,2.2948
11/13/2018,2.281
11/14/2018,2.2635
11/15/2018,2.2903
11/16/2018,2.2615
11/19/2018,2.2485
11/20/2018,2.2665
11/21/2018,2.258
11/22/2018,2.2455
11/23/2018,2.2358
11/26/2018,2.2213
11/27/2018,2.2215
11/28/2018,2.2155
11/29/2018,2.201
11/30/2018,2.1865
12/3/2018,2.1998
12/4/2018,2.1493
12/5/2018,2.1053
12/6/2018,2.0498
12/7/2018,2.0382
12/10/2018,2.0315
12/11/2018,2.0553
12/12/2018,2.0498
12/13/2018,2.0818
12/14/2018,2.0672
12/17/2018,2.0438
12/18/2018,2.0065
12/19/2018,1.9763
12/20/2018,1.9363
12/21/2018,1.9703
12/24/2018,1.9335
12/27/2018,1.9528
12/28/2018,1.9418
12/31/2018,1.9063
1/2/2019,1.9795
1/3/2019,1.8958
1/4/2019,1.9385
1/7/2019,1.9655
1/8/2019,1.9853
1/9/2019,2.002
1/10/2019,1.9903
1/11/2019,1.983
1/14/2019,1.9528
1/15/2019,1.965
1/16/2019,1.948
1/17/2019,1.9393
1/18/2019,1.968
1/21/2019,1.9615
1/22/2019,1.956
1/23/2019,1.931
1/24/2019,1.906
1/25/2019,1.8485
1/29/2019,1.8633
1/30/2019,1.8885
1/31/2019,1.8835
2/1/2019,1.8518
2/4/2019,1.8673
2/5/2019,1.8815
2/6/2019,1.7813
2/7/2019,1.7515
2/8/2019,1.71
2/11/2019,1.7048
2/12/2019,1.75
2/13/2019,1.7828
2/14/2019,1.7845
2/15/2019,1.7473
2/18/2019,1.7763
2/19/2019,1.7675
2/20/2019,1.7275
2/21/2019,1.676
2/22/2019,1.7205
2/25/2019,1.735
2/26/2019,1.7355
2/27/2019,1.718
2/28/2019,1.723
3/1/2019,1.7723
3/4/2019,1.7965
3/5/2019,1.764
3/6/2019,1.6973
3/7/2019,1.7025
3/8/2019,1.6675
3/11/2019,1.671
3/12/2019,1.672
3/13/2019,1.607
3/14/2019,1.5985
3/15/2019,1.6113
3/18/2019,1.6175
3/19/2019,1.5675
3/20/2019,1.5595
3/21/2019,1.5275
3/22/2019,1.496
3/25/2019,1.4558
3/26/2019,1.491
3/27/2019,1.4388
3/28/2019,1.4125
3/29/2019,1.4398
4/1/2019,1.463
4/2/2019,1.4338
4/3/2019,1.4703
4/4/2019,1.5095
4/5/2019,1.5255
4/8/2019,1.497
4/9/2019,1.505
4/10/2019,1.506
4/11/2019,1.5005
4/12/2019,1.517
4/15/2019,1.5638
4/16/2019,1.5395
4/17/2019,1.554
4/18/2019,1.5595
4/23/2019,1.517
4/24/2019,1.3768
4/26/2019,1.3925
4/29/2019,1.3952
4/30/2019,1.3785
5/1/2019,1.375
5/2/2019,1.385
5/3/2019,1.383
5/6/2019,1.3375
5/7/2019,1.3965
5/8/2019,1.3565
5/9/2019,1.3375
5/10/2019,1.3453
5/13/2019,1.3355
5/14/2019,1.3108
5/15/2019,1.3108
5/16/2019,1.2638
5/17/2019,1.266
5/20/2019,1.314
5/21/2019,1.263
5/22/2019,1.2643
5/23/2019,1.2273
5/24/2019,1.1795
5/27/2019,1.2108
5/28/2019,1.1993
5/29/2019,1.1675
5/30/2019,1.2063
5/31/2019,1.1605
6/3/2019,1.1885
6/4/2019,1.1825
6/5/2019,1.147
6/6/2019,1.122
6/7/2019,1.1335
6/11/2019,1.115
6/12/2019,1.091
6/13/2019,1.0548
6/14/2019,1.0415
6/17/2019,1.073
6/18/2019,1.053
6/19/2019,1.0188
6/20/2019,0.971
6/21/2019,0.947
6/24/2019,0.958
6/25/2019,0.9495
6/26/2019,0.97
6/27/2019,1.0248
6/28/2019,1.0135
7/1/2019,1.0353
7/2/2019,1.0265
7/3/2019,0.981
7/4/2019,0.994
7/5/2019,0.9865
7/8/2019,1.0093
7/9/2019,1
7/10/2019,1.0263
7/11/2019,0.993
7/12/2019,1.054
7/15/2019,1.0695
7/16/2019,1.0328
7/17/2019,1.0173
7/18/2019,0.9985
7/19/2019,1.008
7/22/2019,0.9965
7/23/2019,0.9805
7/24/2019,0.9495
7/25/2019,0.901
7/26/2019,0.896
7/29/2019,0.873
7/30/2019,0.8605
7/31/2019,0.842
8/1/2019,0.8705
8/2/2019,0.771
8/6/2019,0.725
8/7/2019,0.6675
8/8/2019,0.6975
8/9/2019,0.6743
8/12/2019,0.6715
8/13/2019,0.665
8/14/2019,0.6745
8/15/2019,0.661
8/16/2019,0.6647
8/19/2019,0.676
8/20/2019,0.6865
8/21/2019,0.6795
8/22/2019,0.676
8/23/2019,0.7112
8/26/2019,0.662
8/27/2019,0.689
8/28/2019,0.6783
8/29/2019,0.6715
8/30/2019,0.6715
9/2/2019,0.6918
9/3/2019,0.6995
9/4/2019,0.718
9/5/2019,0.7475
9/6/2019,0.8255
9/9/2019,0.8063
9/10/2019,0.8313
9/11/2019,0.8705
9/12/2019,0.879
9/13/2019,0.8978
9/16/2019,0.9265
9/17/2019,0.865
9/18/2019,0.8658
9/19/2019,0.7888
9/20/2019,0.754
9/23/2019,0.749
9/24/2019,0.732
9/25/2019,0.7175
9/26/2019,0.7152
9/27/2019,0.7155
9/30/2019,0.752
10/1/2019,0.6778
10/2/2019,0.6495
10/3/2019,0.6293
10/4/2019,0.6145
10/8/2019,0.6178
10/9/2019,0.614
10/10/2019,0.612
10/11/2019,0.707
10/14/2019,0.727
10/15/2019,0.713
10/16/2019,0.736
10/17/2019,0.781
10/18/2019,0.795
10/21/2019,0.821
10/22/2019,0.83
10/23/2019,0.7893
10/24/2019,0.7697
10/25/2019,0.7535
10/28/2019,0.7808
10/29/2019,0.8588
10/30/2019,0.8238
10/31/2019,0.8478
11/1/2019,0.8218
11/4/2019,0.8695
11/5/2019,0.8993
11/6/2019,0.9323
11/7/2019,0.8963
11/8/2019,0.9345
11/11/2019,0.9245
11/12/2019,0.9058
11/13/2019,0.8865
11/14/2019,0.8063
11/15/2019,0.8113
11/18/2019,0.8135
11/19/2019,0.7817
11/20/2019,0.761
11/21/2019,0.7693
11/22/2019,0.7853
11/25/2019,0.7803
11/26/2019,0.7755
11/27/2019,0.6915
11/28/2019,0.667
11/29/2019,0.693
12/2/2019,0.7335
12/3/2019,0.8128
12/4/2019,0.719
12/5/2019,0.7278
12/6/2019,0.7477
12/9/2019,0.7623
12/10/2019,0.7348
12/11/2019,0.761
12/12/2019,0.752
12/13/2019,0.8508
12/16/2019,0.7998
12/17/2019,0.7785
12/18/2019,0.814
12/19/2019,0.884
12/20/2019,0.9233
12/23/2019,0.9383
12/24/2019,0.9518
12/27/2019,0.96
12/30/2019,0.9513
12/31/2019,0.9918
1/2/2020,0.9535
1/3/2020,0.885
1/6/2020,0.8475
1/7/2020,0.847
1/8/2020,0.823
1/9/2020,0.858
1/10/2020,0.8708
1/13/2020,0.8488
1/14/2020,0.8733
1/15/2020,0.8548
1/16/2020,0.8278
1/17/2020,0.818
1/20/2020,0.8095
1/21/2020,0.7988
1/22/2020,0.7593
1/23/2020,0.782
1/24/2020,0.7865
1/28/2020,0.6723
1/29/2020,0.725
1/30/2020,0.6723
1/31/2020,0.6618
2/3/2020,0.6293
2/4/2020,0.6555
2/5/2020,0.7545
2/6/2020,0.798
2/7/2020,0.7545
2/10/2020,0.733
2/11/2020,0.744
2/12/2020,0.7745
2/13/2020,0.7613
2/14/2020,0.7518
2/17/2020,0.7623
2/18/2020,0.7475
2/19/2020,0.745
2/20/2020,0.708
2/21/2020,0.6655
2/24/2020,0.65
2/25/2020,0.6585
2/26/2020,0.6325
2/27/2020,0.5822
2/28/2020,0.5297
3/2/2020,0.4805
3/3/2020,0.4823
3/4/2020,0.41
3/5/2020,0.4485
3/6/2020,0.3908
3/9/2020,0.4015
3/10/2020,0.508
3/11/2020,0.4308
3/12/2020,0.4485
3/13/2020,0.5958
3/16/2020,0.5185
3/17/2020,0.5402
3/18/2020,0.5503
3/19/2020,0.425
3/20/2020,0.3777
3/23/2020,0.3708
3/24/2020,0.3665
3/25/2020,0.384
3/26/2020,0.374
3/27/2020,0.366
3/30/2020,0.3553
3/31/2020,0.3373
4/1/2020,0.3688
4/2/2020,0.4015
4/3/2020,0.3925
4/6/2020,0.402
4/7/2020,0.4245
4/8/2020,0.4223
4/9/2020,0.4458
4/14/2020,0.4485
4/15/2020,0.451
4/16/2020,0.424
4/17/2020,0.4245
4/20/2020,0.4233
4/21/2020,0.4283
4/22/2020,0.4163
4/23/2020,0.43
4/24/2020,0.4348
4/27/2020,0.4448
4/28/2020,0.4365
4/29/2020,0.429
4/30/2020,0.4167
5/1/2020,0.406
5/4/2020,0.3858
5/5/2020,0.388
5/6/2020,0.4035
5/7/2020,0.4018
5/8/2020,0.3815
5/11/2020,0.391
5/12/2020,0.3895
5/13/2020,0.3873
5/14/2020,0.369
5/15/2020,0.3813
5/18/2020,0.38
5/19/2020,0.4003
5/20/2020,0.4
5/21/2020,0.3868
5/22/2020,0.3853
5/25/2020,0.3878
5/26/2020,0.3945
5/27/2020,0.392
5/28/2020,0.396
5/29/2020,0.3945
6/1/2020,0.3878
6/2/2020,0.3855
6/3/2020,0.398
6/4/2020,0.414
6/5/2020,0.4285
6/9/2020,0.4125
6/10/2020,0.4093
6/11/2020,0.374
6/12/2020,0.3715
6/15/2020,0.365
6/16/2020,0.381
6/17/2020,0.3835
6/18/2020,0.3758
6/19/2020,0.3782
6/22/2020,0.3782
6/23/2020,0.3905
6/24/2020,0.3983
6/25/2020,0.388
6/26/2020,0.3833
6/29/2020,0.3878
6/30/2020,0.3885
7/1/2020,0.4013
7/2/2020,0.3963
7/3/2020,0.3988
7/6/2020,0.4043
7/7/2020,0.392
7/8/2020,0.3873
7/9/2020,0.4008
7/10/2020,0.3948
7/13/2020,0.4145
7/14/2020,0.4195
7/15/2020,0.4093
7/16/2020,0.4103
7/17/2020,0.405
7/20/2020,0.4103
7/21/2020,0.4085
7/22/2020,0.415
7/23/2020,0.4068
7/24/2020,0.4023
7/27/2020,0.407
7/28/2020,0.4143
7/29/2020,0.4013
7/30/2020,0.3938
7/31/2020,0.3868
8/4/2020,0.3718
8/5/2020,0.368
8/6/2020,0.376
8/7/2020,0.3708
8/10/2020,0.3765
8/11/2020,0.384
8/12/2020,0.3915
8/13/2020,0.3945
8/14/2020,0.41
8/17/2020,0.405
8/18/2020,0.397
8/19/2020,0.392
8/20/2020,0.391
8/21/2020,0.393
8/24/2020,0.391
8/25/2020,0.3945
8/26/2020,0.4115
8/27/2020,0.401
8/28/2020,0.422
8/31/2020,0.4195
9/1/2020,0.414
9/2/2020,0.407
9/3/2020,0.391
9/4/2020,0.3835
9/7/2020,0.395
9/8/2020,0.3975
9/9/2020,0.379
9/10/2020,0.3825
9/11/2020,0.379
9/14/2020,0.3532
9/15/2020,0.34
9/16/2020,0.3345
9/17/2020,0.3343
9/18/2020,0.3642
9/21/2020,0.358
9/22/2020,0.339
9/23/2020,0.3055
9/24/2020,0.2905
9/25/2020,0.2917
9/28/2020,0.2763
9/29/2020,0.2815
9/30/2020,0.286
10/1/2020,0.379
10/2/2020,0.3512
10/6/2020,0.3572
10/7/2020,0.3173
10/8/2020,0.3238
10/9/2020,0.3188
10/12/2020,0.3177
10/13/2020,0.3155
10/14/2020,0.3167
10/15/2020,0.2915
10/16/2020,0.2743
10/19/2020,0.2845
10/20/2020,0.282
10/21/2020,0.2927
10/22/2020,0.2893
10/23/2020,0.2985
10/26/2020,0.2863
10/27/2020,0.2803
10/28/2020,0.28
10/29/2020,0.2823
10/30/2020,0.2815
11/2/2020,0.2793
11/3/2020,0.2488
11/4/2020,0.26
11/5/2020,0.25
11/6/2020,0.2568
11/9/2020,0.2538
11/10/2020,0.3035
11/11/2020,0.3325
11/12/2020,0.3047
11/13/2020,0.3043
11/16/2020,0.3015
11/17/2020,0.3193
11/18/2020,0.2985
11/19/2020,0.2995
11/20/2020,0.289
11/23/2020,0.2825
11/24/2020,0.2947
11/25/2020,0.303
11/26/2020,0.296
11/27/2020,0.2953
11/30/2020,0.2963
12/1/2020,0.3015
12/2/2020,0.3235
12/3/2020,0.333
12/4/2020,0.3335
12/7/2020,0.338
12/8/2020,0.3345
12/9/2020,0.3353
12/10/2020,0.3298
12/11/2020,0.3415
12/14/2020,0.3375
12/15/2020,0.3435
12/16/2020,0.3475
12/17/2020,0.3712
12/18/2020,0.37
12/21/2020,0.3512
12/22/2020,0.3375
12/23/2020,0.3278
12/24/2020,0.3455
12/29/2020,0.3355
12/30/2020,0.335
12/31/2020,0.3253
1/4/2021,0.38
1/5/2021,0.3645
1/6/2021,0.4
1/7/2021,0.4153
1/8/2021,0.431
1/11/2021,0.4218
1/12/2021,0.4375
1/13/2021,0.429
1/14/2021,0.419
1/15/2021,0.406
1/18/2021,0.394
1/19/2021,0.4028
1/20/2021,0.3965
1/21/2021,0.3948
1/22/2021,0.4145
1/25/2021,0.4055
1/27/2021,0.395
1/28/2021,0.3923
1/29/2021,0.4015
2/1/2021,0.4085
2/2/2021,0.4035
2/3/2021,0.407
2/4/2021,0.4328
2/5/2021,0.4275
2/8/2021,0.4435
2/9/2021,0.5391
2/10/2021,0.5388
2/11/2021,0.5237
2/12/2021,0.539
2/15/2021,0.578
2/16/2021,0.589
2/17/2021,0.6347
2/18/2021,0.6185
2/19/2021,0.6665
2/22/2021,0.779
2/23/2021,0.7615
2/24/2021,0.7885
2/25/2021,0.8688
2/26/2021,0.997
3/1/2021,0.84
3/2/2021,0.877
3/3/2021,0.878
3/4/2021,0.9428
3/5/2021,0.98
3/8/2021,0.9428
3/9/2021,0.949
3/10/2021,0.904
3/11/2021,0.857
3/12/2021,0.869
3/15/2021,0.895
3/16/2021,0.829
3/17/2021,0.849
3/18/2021,0.901
3/19/2021,0.935
3/22/2021,0.8855
3/23/2021,0.8503
3/24/2021,0.7968
3/25/2021,0.8168
3/26/2021,0.8038
3/29/2021,0.8138
3/30/2021,0.887
3/31/2021,0.8823
4/1/2021,0.8628
4/6/2021,0.825
4/7/2021,0.8058
4/8/2021,0.8028
4/9/2021,0.8058
4/12/2021,0.8178
4/13/2021,0.85
4/14/2021,0.823
4/15/2021,0.8425
4/16/2021,0.833
4/19/2021,0.8228
4/20/2021,0.8668
4/21/2021,0.8305
4/22/2021,0.829
4/23/2021,0.8538
4/26/2021,0.8645
4/27/2021,0.8588
4/28/2021,0.8368
4/29/2021,0.8218
4/30/2021,0.8328
5/3/2021,0.8278
5/4/2021,0.836
5/5/2021,0.825
5/6/2021,0.8028
5/7/2021,0.79
5/10/2021,0.794
5/11/2021,0.792
5/12/2021,0.8278
5/13/2021,0.858
5/14/2021,0.857
5/17/2021,0.846
5/18/2021,0.863
5/19/2021,0.8605
5/20/2021,0.8498
5/21/2021,0.8208
5/24/2021,0.7925
5/25/2021,0.7808
5/26/2021,0.782
5/27/2021,0.773
5/28/2021,0.8155
5/31/2021,0.8208
6/1/2021,0.8128
6/2/2021,0.822
6/3/2021,0.8065
6/4/2021,0.833
6/7/2021,0.8008
6/8/2021,0.7953
6/9/2021,0.761
6/10/2021,0.711
6/11/2021,0.7008
6/15/2021,0.7023
6/16/2021,0.727
6/17/2021,0.83
6/18/2021,0.8588
6/21/2021,0.858
6/22/2021,0.884
6/23/2021,0.8543
6/24/2021,0.8533
6/25/2021,0.8765
6/28/2021,0.856
6/29/2021,0.8353
6/30/2021,0.8325
7/1/2021,0.8273
7/2/2021,0.7988
7/5/2021,0.7773
7/6/2021,0.8433
7/7/2021,0.7795
7/8/2021,0.7343
7/9/2021,0.742
7/12/2021,0.6965
7/13/2021,0.6965
7/14/2021,0.7155
7/15/2021,0.6803
7/16/2021,0.6825
7/19/2021,0.6425
7/20/2021,0.5973
7/21/2021,0.587
7/22/2021,0.614
7/23/2021,0.6233
7/26/2021,0.6105
7/27/2021,0.618
7/28/2021,0.5835
7/29/2021,0.5795
7/30/2021,0.592
8/3/2021,0.59
8/4/2021,0.5853
8/5/2021,0.5982
8/6/2021,0.626
8/9/2021,0.643
8/10/2021,0.643
8/11/2021,0.6547
8/12/2021,0.632
8/13/2021,0.644
8/16/2021,0.594
8/17/2021,0.5775
8/18/2021,0.5675
8/19/2021,0.535
8/20/2021,0.5195
8/23/2021,0.5313
8/24/2021,0.571
8/25/2021,0.5825
8/26/2021,0.61
8/27/2021,0.6287
8/30/2021,0.5938
8/31/2021,0.5988
9/1/2021,0.6575
9/2/2021,0.635
9/3/2021,0.6425
9/6/2021,0.66
9/7/2021,0.6625
9/8/2021,0.6838
9/9/2021,0.675
9/10/2021,0.6438
9/13/2021,0.6487
9/14/2021,0.6238
9/15/2021,0.5913
9/16/2021,0.6213
9/17/2021,0.6487
9/20/2021,0.6513
9/21/2021,0.6287
9/22/2021,0.6275
9/23/2021,0.6413
9/24/2021,0.7313
9/27/2021,0.7288
9/28/2021,0.7763
9/29/2021,0.7737
9/30/2021,0.7763
10/1/2021,0.785
10/5/2021,0.7938
10/6/2021,0.8438
10/7/2021,0.8588
10/8/2021,0.9263
10/11/2021,0.9838
10/12/2021,1.0238
10/13/2021,1.0025
10/14/2021,0.99
10/15/2021,1.0162
10/18/2021,1.1775
10/19/2021,1.175
10/20/2021,1.195
10/21/2021,1.17
10/22/2021,1.185
10/25/2021,1.1825
10/26/2021,1.2175
10/27/2021,1.345
10/28/2021,1.47
10/29/2021,1.5675
11/1/2021,1.36
11/2/2021,1.325
11/3/2021,1.315
11/4/2021,1.36
11/5/2021,1.33
11/8/2021,1.2675
11/9/2021,1.3
11/10/2021,1.3025
11/11/2021,1.41
11/12/2021,1.43
11/15/2021,1.38
11/16/2021,1.435
11/17/2021,1.41
11/18/2021,1.3725
11/19/2021,1.38
11/22/2021,1.3775
11/23/2021,1.435
11/24/2021,1.4225
11/25/2021,1.46
11/26/2021,1.3425
11/29/2021,1.3325
11/30/2021,1.29
12/1/2021,1.345
12/2/2021,1.34
12/3/2021,1.2975
12/6/2021,1.265
12/7/2021,1.35
12/8/2021,1.355
12/9/2021,1.3575
12/10/2021,1.33
12/13/2021,1.3025
12/14/2021,1.255
12/15/2021,1.3025
12/16/2021,1.355
12/17/2021,1.355
12/20/2021,1.3125
12/21/2021,1.3375
12/22/2021,1.2775
12/23/2021,1.29
12/24/2021,1.2887
12/29/2021,1.235
12/30/2021,1.3
12/31/2021,1.3325
1/4/2022,1.4163
1/5/2022,1.435
1/6/2022,1.4988
1/7/2022,1.4838
1/10/2022,1.5188
1/11/2022,1.5038
1/12/2022,1.4737
1/13/2022,1.4888
1/14/2022,1.5063
1/17/2022,1.5613
1/18/2022,1.5975
1/19/2022,1.6425
1/20/2022,1.665
1/21/2022,1.59
1/24/2022,1.62
1/25/2022,1.655
1/27/2022,1.73
1/28/2022,1.6563
1/31/2022,1.5638
2/1/2022,1.5813
2/2/2022,1.5913
2/3/2022,1.5638
2/4/2022,1.6463
2/7/2022,1.7163
2/8/2022,1.8138
2/9/2022,1.8063
2/10/2022,1.795
2/11/2022,1.9238
2/14/2022,1.8538
2/15/2022,1.9138
2/16/2022,1.9363
2/17/2022,1.9038
2/18/2022,1.9313
2/21/2022,1.9113
2/22/2022,1.9088
2/23/2022,1.9913
2/24/2022,1.8938
2/25/2022,1.9513
2/28/2022,1.8363
3/1/2022,1.8563
3/2/2022,1.7538
3/3/2022,1.8438
3/4/2022,1.855
3/7/2022,1.8475
3/8/2022,1.9425
3/9/2022,2.0288
3/10/2022,2.0775
3/11/2022,2.1125
3/14/2022,2.1475
3/15/2022,2.185
3/16/2022,2.1375
3/17/2022,2.19
3/18/2022,2.24
3/21/2022,2.2525
3/22/2022,2.4325
3/23/2022,2.4775
3/24/2022,2.48
3/25/2022,2.4975
3/28/2022,2.6775
3/29/2022,2.7275
3/30/2022,2.6025
3/31/2022,2.6025
4/1/2022,2.63
4/4/2022,2.63
4/5/2022,2.7138
4/6/2022,2.785
4/7/2022,2.745
4/8/2022,2.7575
4/11/2022,2.75
4/12/2022,2.7975
4/13/2022,2.75
4/14/2022,2.625
4/19/2022,2.725
4/20/2022,2.7975
4/21/2022,2.83
4/22/2022,2.9175
4/26/2022,2.8775
4/27/2022,2.8625
4/28/2022,2.86
4/29/2022,2.895
5/2/2022,3.0175
5/3/2022,3.1975
5/4/2022,3.3063
5/5/2022,3.14
5/6/2022,3.2125
5/9/2022,3.2525
5/10/2022,3.22
5/11/2022,3.1625
5/12/2022,3.1
5/13/2022,3.0425
5/16/2022,3.0525
5/17/2022,3.0825
5/18/2022,3.1125
5/19/2022,3.0525
5/20/2022,3
5/23/2022,3.015
5/24/2022,3.025
5/25/2022,2.94
5/26/2022,2.9375
5/27/2022,2.965
5/30/2022,2.975
5/31/2022,3.0675
6/1/2022,3.1225
6/2/2022,3.215
6/3/2022,3.185
6/6/2022,3.2075
6/7/2022,3.3338
6/8/2022,3.2875
6/9/2022,3.315
6/10/2022,3.35
6/14/2022,3.665
6/15/2022,3.905
6/16/2022,3.7025
6/17/2022,3.8375
6/20/2022,3.805
6/21/2022,3.7725
6/22/2022,3.68
6/23/2022,3.565
6/24/2022,3.42
6/27/2022,3.49
6/28/2022,3.4825
6/29/2022,3.4175
6/30/2022,3.34
7/1/2022,3.21
7/4/2022,3.175
7/5/2022,3.165
7/6/2022,3.075
7/7/2022,3.12
7/8/2022,3.15
7/11/2022,3.17
7/12/2022,3.0763
7/13/2022,3.0675
7/14/2022,3.1525
7/15/2022,3.1375
7/18/2022,3.1862
7/19/2022,3.2825
7/20/2022,3.3263
7/21/2022,3.3413
7/22/2022,3.2313
7/25/2022,3.1563
7/26/2022,3.1425
7/27/2022,3.02
7/28/2022,2.9625
7/29/2022,2.7775
8/2/2022,2.7375
8/3/2022,2.85
8/4/2022,2.9225
8/5/2022,2.8875
8/8/2022,3.02
8/9/2022,3.0125
8/10/2022,3.0675
8/11/2022,3.0975
8/12/2022,3.205
8/15/2022,3.1538
8/16/2022,3.02
8/17/2022,3.0763
8/18/2022,3.1238
8/19/2022,3.1838
8/22/2022,3.295
8/23/2022,3.365
8/24/2022,3.36
8/25/2022,3.4025
8/26/2022,3.3175
8/29/2022,3.4513
8/30/2022,3.36
8/31/2022,3.315
9/1/2022,3.3975
9/2/2022,3.3613
9/5/2022,3.3575
9/6/2022,3.3513
9/7/2022,3.3888
9/8/2022,3.2213
9/9/2022,3.245
9/12/2022,3.3163
9/13/2022,3.2663
9/14/2022,3.3613
9/15/2022,3.4338
9/16/2022,3.5025
9/19/2022,3.4588
9/20/2022,3.4225
9/21/2022,3.4288
9/23/2022,3.6938
9/26/2022,3.8188
9/27/2022,3.8038
9/28/2022,3.8263
9/29/2022,3.7188
9/30/2022,3.6613
10/4/2022,3.4275
10/5/2022,3.38
10/6/2022,3.5013
10/7/2022,3.5738
10/10/2022,3.5813
10/11/2022,3.7113
10/12/2022,3.6325
10/13/2022,3.64
10/14/2022,3.6975
10/17/2022,3.705
10/18/2022,3.6125
10/19/2022,3.665
10/20/2022,3.785
10/21/2022,3.92
10/24/2022,3.8038
10/25/2022,3.745
10/26/2022,3.6325
10/27/2022,3.5288
10/28/2022,3.4388
10/31/2022,3.4513
11/1/2022,3.4225
11/2/2022,3.5075
11/3/2022,3.6175
11/4/2022,3.5213
11/7/2022,3.555
11/8/2022,3.7
11/9/2022,3.575
11/10/2022,3.425
11/11/2022,3.3363
11/14/2022,3.4363
11/15/2022,3.455
11/16/2022,3.4213
11/17/2022,3.3438
11/18/2022,3.3538
11/21/2022,3.345
11/22/2022,3.3575
11/23/2022,3.3825
11/24/2022,3.3425
11/25/2022,3.3688
11/28/2022,3.305
11/29/2022,3.3475
11/30/2022,3.2763
12/1/2022,3.2138
12/2/2022,3.1375
12/5/2022,3.1225
12/6/2022,3.185
12/7/2022,3.165
12/8/2022,3.1625
12/9/2022,3.1125
12/12/2022,3.1738
12/13/2022,3.2163
12/14/2022,3.1763
12/15/2022,3.25
12/16/2022,3.2325
12/19/2022,3.2925
12/20/2022,3.4213
12/21/2022,3.3738
12/22/2022,3.4375
12/23/2022,3.48
12/28/2022,3.6775
12/29/2022,3.6738
12/30/2022,3.6825
1/3/2023,3.6975
1/4/2023,3.63
1/5/2023,3.6
1/6/2023,3.6025
1/9/2023,3.4825
1/10/2023,3.475
1/11/2023,3.4838
1/12/2023,3.35
1/13/2023,3.3425
1/16/2023,3.345
1/17/2023,3.335
1/18/2023,3.2825
1/19/2023,3.0575
1/20/2023,3.11
1/23/2023,3.1575
1/24/2023,3.165
1/25/2023,3.24
1/27/2023,3.3075
1/30/2023,3.2913
1/31/2023,3.2888
2/1/2023,3.3125
2/2/2023,3.255
2/3/2023,3.1138
2/6/2023,3.2063
2/7/2023,3.3538
2/8/2023,3.3738
2/9/2023,3.4375
2/10/2023,3.5038
2/13/2023,3.5538
2/14/2023,3.5388
2/15/2023,3.5438
2/16/2023,3.5375
2/17/2023,3.5913
2/20/2023,3.6163
2/21/2023,3.6288
2/22/2023,3.6625
2/23/2023,3.68
2/24/2023,3.6413
2/27/2023,3.7063
2/28/2023,3.6725
3/1/2023,3.5925
3/2/2023,3.6475
3/3/2023,3.68
3/6/2023,3.575
3/7/2023,3.45
3/8/2023,3.535
3/9/2023,3.5
3/10/2023,3.3975
3/13/2023,3.2838
3/14/2023,3.1662
3/15/2023,3.185
3/16/2023,3
3/17/2023,3.1288
3/20/2023,2.9575
3/21/2023,2.9363
3/22/2023,3.1075
3/23/2023,3.0313
3/24/2023,2.965
3/27/2023,2.925
3/28/2023,3.0288
3/29/2023,3.0225
3/30/2023,3.0975
3/31/2023,3.045
4/3/2023,3.0738
4/4/2023,2.9913
4/5/2023,2.9925
4/6/2023,2.9088
4/11/2023,2.9625
4/12/2023,2.9888
4/13/2023,3.0237
4/14/2023,3.0438
4/17/2023,3.0825
4/18/2023,3.185
4/19/2023,3.2625
4/20/2023,3.2488
4/21/2023,3.2088
4/24/2023,3.2063
4/26/2023,3.0338
4/27/2023,3.1025
4/28/2023,3.0825
5/1/2023,3.0862
5/2/2023,3.2313
5/3/2023,3.1725
5/4/2023,3.035
5/5/2023,3.025
5/8/2023,3.125
5/9/2023,3.1575
5/10/2023,3.18
5/11/2023,3.1163
5/12/2023,3.0613
5/15/2023,3.155
5/16/2023,3.145
5/17/2023,3.1675
5/18/2023,3.235
5/19/2023,3.3425
5/22/2023,3.3325
5/23/2023,3.4025
5/24/2023,3.3725
5/25/2023,3.44
5/26/2023,3.4675
5/29/2023,3.455
5/30/2023,3.45
5/31/2023,3.3825
6/1/2023,3.3875
6/2/2023,3.4275
6/5/2023,3.5675
6/6/2023,3.6169
6/7/2023,3.6619
6/8/2023,3.8445
6/9/2023,3.7936
6/13/2023,3.7941
6/14/2023,3.8709
6/15/2023,3.9367
6/16/2023,3.946
6/19/2023,3.9186
6/20/2023,3.9164
6/21/2023,3.8808
6/22/2023,3.9013
6/23/2023,3.9359
6/26/2023,3.8675
6/27/2023,3.8449
6/28/2023,3.7852
6/29/2023,3.8374
6/30/2023,3.9549
7/3/2023,3.8955
7/4/2023,3.9286
7/5/2023,3.9273
7/6/2023,4.0572
7/7/2023,4.1883
7/10/2023,4.1884
7/11/2023,4.0879
7/12/2023,4.0371
7/13/2023,3.933
7/14/2023,3.874
7/17/2023,3.8731
7/18/2023,3.8453
7/19/2023,3.7492
7/20/2023,3.8469
7/21/2023,3.895
7/24/2023,3.8669
7/25/2023,3.9096
7/26/2023,3.858
7/27/2023,3.7676
7/28/2023,3.8724
7/31/2023,3.85
8/1/2023,3.7425
8/2/2023,3.7735
8/3/2023,3.8163
8/4/2023,3.9191
8/8/2023,3.7664
8/9/2023,3.7556
8/10/2023,3.8043
8/11/2023,3.8617
8/14/2023,3.9455
8/15/2023,4.0084
8/16/2023,3.9633
8/17/2023,4.0442
8/18/2023,3.9598
8/21/2023,3.979
8/22/2023,3.989
8/23/2023,3.9347
8/24/2023,3.862
8/25/2023,3.9071
8/28/2023,3.9105
8/29/2023,3.873
8/30/2023,3.8376
8/31/2023,3.787
9/1/2023,3.7705
9/4/2023,3.8457
9/5/2023,3.8632
9/6/2023,3.8556
9/7/2023,3.8918
9/8/2023,3.8253
9/11/2023,3.8823
9/12/2023,3.892
9/13/2023,3.8916
9/14/2023,3.8641
9/15/2023,3.8632
9/18/2023,3.9499
9/19/2023,3.9227
9/20/2023,3.9769
9/21/2023,4.0741
9/22/2023,4.0764
9/25/2023,4.0453
9/26/2023,4.1105
9/27/2023,4.0859
9/28/2023,4.1563
9/29/2023,4.1438
10/3/2023,4.1668
10/4/2023,4.2398
10/5/2023,4.1457
10/6/2023,4.1139
10/9/2023,4.0766
10/10/2023,4.041
10/11/2023,4.0486
10/12/2023,4.0104
10/13/2023,4.0636
10/16/2023,4.0695
10/17/2023,4.1952
10/18/2023,4.2876
10/19/2023,4.3794
10/20/2023,4.3563
10/23/2023,4.3737
10/24/2023,4.2949
10/25/2023,4.374
10/26/2023,4.4807
10/27/2023,4.4475
10/30/2023,4.4967
10/31/2023,4.5393
11/1/2023,4.5463
11/2/2023,4.4207
11/3/2023,4.3784
11/6/2023,4.367
11/7/2023,4.3419
11/8/2023,4.244
11/9/2023,4.2232
11/10/2023,4.3037
11/13/2023,4.3555
11/14/2023,4.355
11/15/2023,4.231
11/16/2023,4.2345
11/17/2023,4.1436
11/20/2023,4.1838
11/21/2023,4.1454
11/22/2023,4.1379
11/23/2023,4.1874
11/24/2023,4.2422
11/27/2023,4.27
11/28/2023,4.2069
11/29/2023,4.0622
11/30/2023,4.0735
12/1/2023,4.1414
12/4/2023,4.0996
12/5/2023,4.0558
12/6/2023,3.9352
12/7/2023,3.9719
12/8/2023,3.9548
12/11/2023,4.0019
12/12/2023,3.9924
12/13/2023,3.9771
12/14/2023,3.7944
12/15/2023,3.8211
12/18/2023,3.735
12/19/2023,3.7936
12/20/2023,3.7337
12/21/2023,3.6975
12/22/2023,3.6942
12/27/2023,3.6524
12/28/2023,3.593
12/29/2023,3.6356
1/2/2024,3.6679
1/3/2024,3.7342
1/4/2024,3.7353
1/5/2024,3.8062
1/8/2024,3.8423
1/9/2024,3.7762
1/10/2024,3.7877
1/11/2024,3.7781
1/12/2024,3.7265
1/15/2024,3.7127
1/16/2024,3.7802
1/17/2024,3.8367
1/18/2024,3.8908
1/19/2024,3.9127
1/22/2024,3.877
1/23/2024,3.8265
1/24/2024,3.8491
1/25/2024,3.8511
1/29/2024,3.8054
1/30/2024,3.7544
1/31/2024,3.6081
2/1/2024,3.6129
2/2/2024,3.5943
2/5/2024,3.7215
2/6/2024,3.7404
2/7/2024,3.6982
2/8/2024,3.7173
2/9/2024,3.7435
2/12/2024,3.7973
2/13/2024,3.8078
2/14/2024,3.9016
2/15/2024,3.7696
2/16/2024,3.8243
2/19/2024,3.8051
2/20/2024,3.7985
2/21/2024,3.7798
2/22/2024,3.7824
2/23/2024,3.8309
2/26/2024,3.7537
2/27/2024,3.7657
2/28/2024,3.7804
2/29/2024,3.7502
3/1/2024,3.7587
3/4/2024,3.7281
3/5/2024,3.7254
3/6/2024,3.662
3/7/2024,3.6711
3/8/2024,3.6382
3/11/2024,3.6212
3/12/2024,3.6211
3/13/2024,3.6901
3/14/2024,3.7242
3/15/2024,3.7909
3/18/2024,3.7825
3/19/2024,3.7202
3/20/2024,3.6919
3/21/2024,3.7342
3/22/2024,3.6905
3/25/2024,3.6602
3/26/2024,3.6684
3/27/2024,3.6443
3/28/2024,3.6113
4/2/2024,3.7175
4/3/2024,3.7785
4/4/2024,3.8111
4/5/2024,3.7465
4/8/2024,3.8297
4/9/2024,3.7997
4/10/2024,3.7625
4/11/2024,3.8992
4/12/2024,3.9147
4/15/2024,3.9056
4/16/2024,3.9607
4/17/2024,4.0203
4/18/2024,3.9324
4/19/2024,3.8961
4/22/2024,3.9586
4/23/2024,3.9149
4/24/2024,4.0927
4/26/2024,4.2018
4/29/2024,4.171
4/30/2024,4.0974
5/1/2024,4.1793
5/2/2024,4.1259
5/3/2024,4.0974
5/6/2024,4.0809
5/7/2024,3.9792
5/8/2024,3.9883
5/9/2024,4.0386
5/10/2024,4.0172
5/13/2024,4.0139
5/14/2024,4.008
5/15/2024,4.0036
5/16/2024,3.8798
5/17/2024,3.8925
5/20/2024,3.9215
5/21/2024,3.9361
5/22/2024,3.9735
5/23/2024,3.9609
5/24/2024,4.0119
5/27/2024,3.9905
5/28/2024,3.9823
5/29/2024,4.1082
5/30/2024,4.128
5/31/2024,4.0984
6/3/2024,4.068
6/4/2024,4.014
6/5/2024,3.9691
6/6/2024,3.9475
6/7/2024,3.9351
6/11/2024,4.0207
6/12/2024,3.9871
6/13/2024,3.9192
6/14/2024,3.8524
6/17/2024,3.8313
6/18/2024,3.8825
6/19/2024,3.925
6/20/2024,3.9428
6/21/2024,3.9408
6/24/2024,3.9508
6/25/2024,3.9355
6/26/2024,4.0963
6/27/2024,4.1666
6/28/2024,4.073
7/1/2024,4.1287
7/2/2024,4.1404
7/3/2024,4.1601
7/4/2024,4.1575
7/5/2024,4.1589
7/8/2024,4.1191
7/9/2024,4.1084
7/10/2024,4.0841
7/11/2024,4.1128
7/12/2024,4.0584
7/15/2024,4.0524
7/16/2024,3.9775
7/17/2024,3.974
7/18/2024,3.9845
7/19/2024,4.0085
7/22/2024,4.021
7/23/2024,4.0626
7/24/2024,4.0464
7/25/2024,3.994
7/26/2024,3.9927
7/29/2024,3.9801
7/30/2024,3.9891
7/31/2024,3.7768
8/1/2024,3.7545
8/2/2024,3.7076
8/6/2024,3.6748
8/7/2024,3.7223
8/8/2024,3.6981
8/9/2024,3.7035
8/12/2024,3.7056
8/13/2024,3.6645
8/14/2024,3.5708
8/15/2024,3.5356
8/16/2024,3.5968
8/19/2024,3.5861
8/20/2024,3.6239
8/21/2024,3.5636
8/22/2024,3.5463
8/23/2024,3.5841
8/26/2024,3.4948
8/27/2024,3.5543
8/28/2024,3.5845
8/29/2024,3.5926
8/30/2024,3.5935
9/2/2024,3.6445
9/3/2024,3.6329
9/4/2024,3.5955
9/5/2024,3.5639
9/6/2024,3.5206
9/9/2024,3.5755
9/10/2024,3.5423
9/11/2024,3.4948
9/12/2024,3.5078
9/13/2024,3.4491
9/16/2024,3.4216
9/17/2024,3.4455
9/18/2024,3.4778
9/19/2024,3.5523
9/20/2024,3.5363
9/23/2024,3.5786
9/24/2024,3.478
9/25/2024,3.5074
9/26/2024,3.545
9/27/2024,3.569
9/30/2024,3.5808
10/1/2024,3.648
10/2/2024,3.5958
10/3/2024,3.6418
10/4/2024,3.7104
10/8/2024,3.8174
10/9/2024,3.832
10/10/2024,3.8769
10/11/2024,3.8689
10/14/2024,3.9021
10/15/2024,3.8884
10/16/2024,3.8458
10/17/2024,3.8978
10/18/2024,3.9374
10/21/2024,3.9034
10/22/2024,4.0281
10/23/2024,4.0596
10/24/2024,4.0412
10/25/2024,4.01
10/28/2024,4.0804
10/29/2024,4.0497
10/30/2024,4.0698
10/31/2024,4.1221
