Date,Close
1/4/2000,7.068
1/5/2000,7.163
1/6/2000,7.1
1/7/2000,7.13
1/10/2000,7.158
1/11/2000,7.255
1/12/2000,7.26
1/13/2000,7.17
1/14/2000,7.233
1/17/2000,7.253
1/18/2000,7.293
1/19/2000,7.265
1/20/2000,7.305
1/21/2000,7.275
1/24/2000,7.258
1/25/2000,7.227
1/27/2000,7.185
1/28/2000,7.132
1/31/2000,7.225
2/1/2000,7.15
2/2/2000,7.118
2/3/2000,6.985
2/4/2000,7.083
2/7/2000,7.188
2/8/2000,7.135
2/9/2000,7.133
2/10/2000,7.113
2/11/2000,7.124
2/14/2000,7.085
2/15/2000,7.058
2/16/2000,7.078
2/17/2000,7.048
2/18/2000,7.005
2/21/2000,6.843
2/22/2000,6.705
2/23/2000,6.795
2/24/2000,6.71
2/25/2000,6.595
2/28/2000,6.688
2/29/2000,6.665
3/1/2000,6.55
3/2/2000,6.665
3/3/2000,6.605
3/6/2000,6.755
3/7/2000,6.685
3/8/2000,6.715
3/9/2000,6.745
3/10/2000,6.63
3/13/2000,6.74
3/14/2000,6.64
3/15/2000,6.566
3/16/2000,6.51
3/17/2000,6.53
3/20/2000,6.5
3/21/2000,6.325
3/22/2000,6.388
3/23/2000,6.405
3/24/2000,6.505
3/27/2000,6.57
3/28/2000,6.521
3/29/2000,6.553
3/30/2000,6.559
3/31/2000,6.379
4/3/2000,6.358
4/4/2000,6.34
4/5/2000,6.288
4/6/2000,6.283
4/7/2000,6.342
4/10/2000,6.231
4/11/2000,6.142
4/12/2000,6.235
4/13/2000,6.268
4/14/2000,6.191
4/17/2000,6.098
4/18/2000,6.187
4/19/2000,6.273
4/20/2000,6.299
4/26/2000,6.398
4/27/2000,6.408
4/28/2000,6.408
5/1/2000,6.476
5/2/2000,6.499
5/3/2000,6.552
5/4/2000,6.607
5/5/2000,6.582
5/8/2000,6.575
5/9/2000,6.568
5/10/2000,6.55
5/11/2000,6.433
5/12/2000,6.467
5/15/2000,6.535
5/16/2000,6.448
5/17/2000,6.467
5/18/2000,6.553
5/19/2000,6.612
5/22/2000,6.547
5/23/2000,6.5
5/24/2000,6.447
5/25/2000,6.477
5/26/2000,6.35
5/29/2000,6.247
5/30/2000,6.303
5/31/2000,6.287
6/1/2000,6.146
6/2/2000,6.082
6/5/2000,6.158
6/6/2000,6.127
6/7/2000,6.133
6/8/2000,6.197
6/9/2000,6.099
6/13/2000,6.057
6/14/2000,6.174
6/15/2000,6.174
6/16/2000,6.173
6/19/2000,6.123
6/20/2000,6.203
6/21/2000,6.268
6/22/2000,6.308
6/23/2000,6.258
6/26/2000,6.293
6/27/2000,6.253
6/28/2000,6.263
6/29/2000,6.243
6/30/2000,6.183
7/3/2000,6.196
7/4/2000,6.113
7/5/2000,6.102
7/6/2000,6.146
7/7/2000,6.197
7/10/2000,6.088
7/11/2000,6.143
7/12/2000,6.148
7/13/2000,6.208
7/14/2000,6.132
7/17/2000,6.208
7/18/2000,6.243
7/19/2000,6.278
7/20/2000,6.283
7/21/2000,6.139
7/24/2000,6.102
7/25/2000,6.152
7/26/2000,6.164
7/27/2000,6.183
7/28/2000,6.213
7/31/2000,6.259
8/1/2000,6.279
8/2/2000,6.26
8/3/2000,6.213
8/4/2000,6.21
8/8/2000,6.158
8/9/2000,6.133
8/10/2000,6.182
8/11/2000,6.17
8/14/2000,6.25
8/15/2000,6.26
8/16/2000,6.253
8/17/2000,6.295
8/18/2000,6.285
8/21/2000,6.235
8/22/2000,6.235
8/23/2000,6.255
8/24/2000,6.2
8/25/2000,6.225
8/28/2000,6.21
8/29/2000,6.258
8/30/2000,6.31
8/31/2000,6.28
9/1/2000,6.11
9/4/2000,5.965
9/5/2000,6
9/6/2000,6.023
9/7/2000,6.075
9/8/2000,6.09
9/11/2000,6.07
9/12/2000,6.085
9/13/2000,6.05
9/14/2000,6.048
9/15/2000,6.05
9/18/2000,6.055
9/19/2000,6.26
9/20/2000,6.235
9/21/2000,6.27
9/22/2000,6.188
9/25/2000,6.245
9/26/2000,6.24
9/27/2000,6.24
9/28/2000,6.2
9/29/2000,6.225
10/3/2000,6.15
10/4/2000,6.185
10/5/2000,6.223
10/6/2000,6.207
10/9/2000,6.085
10/10/2000,6.155
10/11/2000,6.16
10/12/2000,6.145
10/13/2000,6.08
10/16/2000,6.165
10/17/2000,6.168
10/18/2000,6.145
10/19/2000,6.14
10/20/2000,6.1
10/23/2000,6.108
10/24/2000,5.995
10/25/2000,6
10/26/2000,6.11
10/27/2000,6.138
10/30/2000,6.203
10/31/2000,6.213
11/1/2000,6.163
11/2/2000,6.173
11/3/2000,6.162
11/6/2000,6.22
11/7/2000,6.203
11/8/2000,6.165
11/9/2000,6.123
11/10/2000,6.117
11/13/2000,6.015
11/14/2000,5.998
11/15/2000,6.003
11/16/2000,6
11/17/2000,5.895
11/20/2000,5.915
11/21/2000,5.92
11/22/2000,5.865
11/23/2000,5.888
11/24/2000,5.91
11/27/2000,5.933
11/28/2000,5.874
11/29/2000,5.81
11/30/2000,5.775
12/1/2000,5.813
12/4/2000,5.785
12/5/2000,5.66
12/6/2000,5.643
12/7/2000,5.575
12/8/2000,5.575
12/11/2000,5.645
12/12/2000,5.617
12/13/2000,5.53
12/14/2000,5.465
12/15/2000,5.475
12/18/2000,5.475
12/19/2000,5.538
12/20/2000,5.433
12/21/2000,5.446
12/22/2000,5.42
12/27/2000,5.443
12/28/2000,5.51
12/29/2000,5.48
1/2/2001,5.34
1/3/2001,5.495
1/4/2001,5.49
1/5/2001,5.34
1/8/2001,5.42
1/9/2001,5.45
1/10/2001,5.44
1/11/2001,5.43
1/12/2001,5.42
1/15/2001,5.505
1/16/2001,5.505
1/17/2001,5.475
1/18/2001,5.385
1/19/2001,5.45
1/22/2001,5.525
1/23/2001,5.495
1/24/2001,5.465
1/25/2001,5.41
1/29/2001,5.43
1/30/2001,5.379
1/31/2001,5.287
2/1/2001,5.298
2/2/2001,5.365
2/5/2001,5.35
2/6/2001,5.352
2/7/2001,5.353
2/8/2001,5.39
2/9/2001,5.39
2/12/2001,5.285
2/13/2001,5.295
2/14/2001,5.385
2/15/2001,5.522
2/16/2001,5.465
2/19/2001,5.41
2/20/2001,5.4
2/21/2001,5.394
2/22/2001,5.4
2/23/2001,5.355
2/26/2001,5.32
2/27/2001,5.268
2/28/2001,5.249
3/1/2001,5.28
3/2/2001,5.28
3/5/2001,5.27
3/6/2001,5.27
3/7/2001,5.185
3/8/2001,5.17
3/9/2001,5.1
3/12/2001,5.065
3/13/2001,5.071
3/14/2001,5.01
3/15/2001,5
3/16/2001,4.995
3/19/2001,4.975
3/20/2001,4.972
3/21/2001,4.983
3/22/2001,5.065
3/23/2001,5.175
3/26/2001,5.248
3/27/2001,5.338
3/28/2001,5.32
3/29/2001,5.31
3/30/2001,5.293
4/2/2001,5.273
4/3/2001,5.345
4/4/2001,5.243
4/5/2001,5.363
4/6/2001,5.477
4/9/2001,5.438
4/10/2001,5.493
4/11/2001,5.57
4/12/2001,5.628
4/17/2001,5.658
4/18/2001,5.702
4/19/2001,5.67
4/20/2001,5.838
4/23/2001,5.852
4/24/2001,5.802
4/26/2001,5.837
4/27/2001,5.705
4/30/2001,5.797
5/1/2001,5.833
5/2/2001,5.843
5/3/2001,5.795
5/4/2001,5.79
5/7/2001,5.793
5/8/2001,5.738
5/9/2001,5.745
5/10/2001,5.677
5/11/2001,5.795
5/14/2001,5.968
5/15/2001,6.018
5/16/2001,6.117
5/17/2001,6.113
5/18/2001,6.07
5/21/2001,6.123
5/22/2001,6.083
5/23/2001,6.078
5/24/2001,6.055
5/25/2001,6.105
5/28/2001,6.105
5/29/2001,6.093
5/30/2001,6.103
5/31/2001,6.038
6/1/2001,5.977
6/4/2001,5.893
6/5/2001,5.947
6/6/2001,6.022
6/7/2001,5.97
6/8/2001,6.043
6/12/2001,5.997
6/13/2001,5.89
6/14/2001,5.828
6/15/2001,5.815
6/18/2001,5.843
6/19/2001,5.883
6/20/2001,5.843
6/21/2001,5.878
6/22/2001,5.85
6/25/2001,5.788
6/26/2001,5.805
6/27/2001,5.938
6/28/2001,5.978
6/29/2001,6.06
7/2/2001,6.118
7/3/2001,6.135
7/4/2001,6.218
7/5/2001,6.185
7/6/2001,6.21
7/9/2001,6.188
7/10/2001,6.168
7/11/2001,6.098
7/12/2001,6.193
7/13/2001,6.178
7/16/2001,6.118
7/17/2001,6.08
7/18/2001,6.048
7/19/2001,5.973
7/20/2001,5.915
7/23/2001,5.973
7/24/2001,5.988
7/25/2001,6.057
7/26/2001,6.14
7/27/2001,6.115
7/30/2001,6.09
7/31/2001,6.093
8/1/2001,6.023
8/2/2001,6.018
8/3/2001,6.048
8/7/2001,6.01
8/8/2001,6.025
8/9/2001,5.71
8/10/2001,5.72
8/13/2001,5.728
8/14/2001,5.75
8/15/2001,5.793
8/16/2001,5.828
8/17/2001,5.78
8/20/2001,5.718
8/21/2001,5.758
8/22/2001,5.7
8/23/2001,5.735
8/24/2001,5.682
8/27/2001,5.653
8/28/2001,5.613
8/29/2001,5.51
8/30/2001,5.528
8/31/2001,5.553
9/3/2001,5.565
9/4/2001,5.618
9/5/2001,5.817
9/6/2001,5.83
9/7/2001,5.755
9/10/2001,5.583
9/11/2001,5.623
9/12/2001,5.465
9/13/2001,5.498
9/14/2001,5.505
9/17/2001,5.447
9/18/2001,5.475
9/19/2001,5.578
9/20/2001,5.55
9/21/2001,5.592
9/24/2001,5.638
9/25/2001,5.657
9/26/2001,5.622
9/27/2001,5.572
9/28/2001,5.533
10/1/2001,5.54
10/2/2001,5.448
10/3/2001,5.438
10/4/2001,5.455
10/5/2001,5.393
10/8/2001,5.357
10/9/2001,5.363
10/10/2001,5.412
10/11/2001,5.442
10/12/2001,5.518
10/15/2001,5.477
10/16/2001,5.438
10/17/2001,5.427
10/18/2001,5.432
10/19/2001,5.438
10/22/2001,5.462
10/23/2001,5.587
10/24/2001,5.513
10/25/2001,5.393
10/26/2001,5.38
10/29/2001,5.29
10/30/2001,5.18
10/31/2001,5.22
11/1/2001,5.165
11/2/2001,5.119
11/5/2001,5.163
11/6/2001,5.107
11/7/2001,5.083
11/8/2001,5.005
11/9/2001,5.14
11/12/2001,5.243
11/13/2001,5.195
11/14/2001,5.26
11/15/2001,5.45
11/16/2001,5.743
11/19/2001,5.785
11/20/2001,5.72
11/21/2001,5.815
11/22/2001,5.893
11/23/2001,5.915
11/26/2001,5.83
11/27/2001,5.85
11/28/2001,5.695
11/29/2001,5.715
11/30/2001,5.585
12/3/2001,5.565
12/4/2001,5.613
12/5/2001,5.815
12/6/2001,5.783
12/7/2001,5.868
12/10/2001,5.835
12/11/2001,5.82
12/12/2001,5.865
12/13/2001,5.818
12/14/2001,5.845
12/17/2001,5.935
12/18/2001,5.898
12/19/2001,5.807
12/20/2001,5.83
12/21/2001,5.915
12/24/2001,5.905
12/27/2001,6.093
12/28/2001,6.025
12/31/2001,6.02
1/2/2002,6.075
1/3/2002,6.03
1/4/2002,6.045
1/7/2002,6.025
1/8/2002,5.918
1/9/2002,5.892
1/10/2002,5.835
1/11/2002,5.935
1/14/2002,5.598
1/15/2002,5.66
1/16/2002,5.645
1/17/2002,5.708
1/18/2002,5.76
1/21/2002,5.823
1/22/2002,5.815
1/23/2002,5.965
1/24/2002,5.978
1/25/2002,5.988
1/29/2002,6.045
1/30/2002,5.93
1/31/2002,6.038
2/1/2002,5.95
2/4/2002,5.97
2/5/2002,5.875
2/6/2002,5.878
2/7/2002,5.86
2/8/2002,5.898
2/11/2002,5.968
2/12/2002,6.028
2/13/2002,6.043
2/14/2002,6.095
2/15/2002,5.935
2/18/2002,5.983
2/19/2002,5.988
2/20/2002,5.953
2/21/2002,5.99
2/22/2002,5.91
2/25/2002,5.905
2/26/2002,5.925
2/27/2002,6.04
2/28/2002,5.96
3/1/2002,6.01
3/4/2002,6.178
3/5/2002,6.16
3/6/2002,6.01
3/7/2002,6.27
3/8/2002,6.385
3/11/2002,6.378
3/12/2002,6.36
3/13/2002,6.388
3/14/2002,6.465
3/15/2002,6.443
3/18/2002,6.375
3/19/2002,6.385
3/20/2002,6.35
3/21/2002,6.43
3/22/2002,6.385
3/25/2002,6.405
3/26/2002,6.425
3/27/2002,6.338
3/28/2002,6.335
4/2/2002,6.498
4/3/2002,6.388
4/4/2002,6.31
4/5/2002,6.33
4/8/2002,6.29
4/9/2002,6.36
4/10/2002,6.295
4/11/2002,6.385
4/12/2002,6.34
4/15/2002,6.305
4/16/2002,6.31
4/17/2002,6.343
4/18/2002,6.35
4/19/2002,6.345
4/22/2002,6.31
4/23/2002,6.305
4/24/2002,6.348
4/26/2002,6.21
4/29/2002,6.08
4/30/2002,6.095
5/1/2002,6.115
5/2/2002,6.07
5/3/2002,6.135
5/6/2002,6.115
5/7/2002,6.053
5/8/2002,6.13
5/9/2002,6.275
5/10/2002,6.285
5/13/2002,6.23
5/14/2002,6.273
5/15/2002,6.363
5/16/2002,6.345
5/17/2002,6.318
5/20/2002,6.355
5/21/2002,6.295
5/22/2002,6.24
5/23/2002,6.203
5/24/2002,6.233
5/27/2002,6.28
5/28/2002,6.32
5/29/2002,6.255
5/30/2002,6.293
5/31/2002,6.278
6/3/2002,6.36
6/4/2002,6.288
6/5/2002,6.305
6/6/2002,6.268
6/7/2002,6.165
6/11/2002,6.19
6/12/2002,6.12
6/13/2002,6.123
6/14/2002,5.998
6/17/2002,5.97
6/18/2002,6.04
6/19/2002,5.945
6/20/2002,5.96
6/21/2002,5.99
6/24/2002,6.028
6/25/2002,6.03
6/26/2002,5.895
6/27/2002,6.005
6/28/2002,6.075
7/1/2002,6.1
7/2/2002,6.07
7/3/2002,6.045
7/4/2002,6.085
7/5/2002,6.11
7/8/2002,6.137
7/9/2002,6.085
7/10/2002,5.975
7/11/2002,5.88
7/12/2002,5.965
7/15/2002,5.905
7/16/2002,5.977
7/17/2002,5.97
7/18/2002,5.97
7/19/2002,5.9
7/22/2002,5.86
7/23/2002,5.875
7/24/2002,5.79
7/25/2002,5.835
7/26/2002,5.775
7/29/2002,5.82
7/30/2002,5.958
7/31/2002,5.96
8/1/2002,5.895
8/2/2002,5.773
8/6/2002,5.635
8/7/2002,5.725
8/8/2002,5.695
8/9/2002,5.735
8/12/2002,5.665
8/13/2002,5.658
8/14/2002,5.54
8/15/2002,5.625
8/16/2002,5.69
8/19/2002,5.8
8/20/2002,5.827
8/21/2002,5.755
8/22/2002,5.8
8/23/2002,5.845
8/26/2002,5.85
8/27/2002,5.81
8/28/2002,5.88
8/29/2002,5.82
8/30/2002,5.778
9/2/2002,5.715
9/3/2002,5.598
9/4/2002,5.5
9/5/2002,5.493
9/6/2002,5.415
9/9/2002,5.528
9/10/2002,5.58
9/11/2002,5.595
9/12/2002,5.678
9/13/2002,5.508
9/16/2002,5.49
9/17/2002,5.585
9/18/2002,5.49
9/19/2002,5.48
9/20/2002,5.405
9/23/2002,5.355
9/24/2002,5.32
9/25/2002,5.28
9/26/2002,5.44
9/27/2002,5.46
9/30/2002,5.35
10/1/2002,5.365
10/2/2002,5.485
10/3/2002,5.46
10/4/2002,5.49
10/8/2002,5.525
10/9/2002,5.588
10/10/2002,5.463
10/11/2002,5.53
10/14/2002,5.63
10/15/2002,5.638
10/16/2002,5.813
10/17/2002,5.925
10/18/2002,5.913
10/21/2002,5.87
10/22/2002,5.955
10/23/2002,5.94
10/24/2002,5.895
10/25/2002,5.83
10/28/2002,5.785
10/29/2002,5.65
10/30/2002,5.655
10/31/2002,5.535
11/1/2002,5.475
11/4/2002,5.6
11/5/2002,5.665
11/6/2002,5.65
11/7/2002,5.505
11/8/2002,5.5
11/11/2002,5.283
11/12/2002,5.365
11/13/2002,5.275
11/14/2002,5.285
11/15/2002,5.448
11/18/2002,5.41
11/19/2002,5.405
11/20/2002,5.47
11/21/2002,5.535
11/22/2002,5.613
11/25/2002,5.69
11/26/2002,5.555
11/27/2002,5.695
11/28/2002,5.69
11/29/2002,5.715
12/2/2002,5.7
12/3/2002,5.705
12/4/2002,5.595
12/5/2002,5.555
12/6/2002,5.543
12/9/2002,5.44
12/10/2002,5.505
12/11/2002,5.475
12/12/2002,5.448
12/13/2002,5.383
12/16/2002,5.455
12/17/2002,5.44
12/18/2002,5.295
12/19/2002,5.23
12/20/2002,5.225
12/23/2002,5.195
12/24/2002,5.255
12/27/2002,5.16
12/30/2002,5.108
12/31/2002,5.17
1/2/2003,5.16
1/3/2003,5.392
1/6/2003,5.355
1/7/2003,5.268
1/8/2003,5.22
1/9/2003,5.27
1/10/2003,5.403
1/13/2003,5.418
1/14/2003,5.37
1/15/2003,5.34
1/16/2003,5.38
1/17/2003,5.335
1/20/2003,5.243
1/21/2003,5.27
1/22/2003,5.17
1/23/2003,5.223
1/24/2003,5.178
1/28/2003,5.198
1/29/2003,5.175
1/30/2003,5.28
1/31/2003,5.25
2/3/2003,5.25
2/4/2003,5.14
2/5/2003,5.165
2/6/2003,5.083
2/7/2003,5.13
2/10/2003,5.25
2/11/2003,5.198
2/12/2003,5.15
2/13/2003,5.158
2/14/2003,5.17
2/17/2003,5.305
2/18/2003,5.255
2/19/2003,5.185
2/20/2003,5.158
2/21/2003,5.145
2/24/2003,5.16
2/25/2003,5.133
2/26/2003,5.105
2/27/2003,5.083
2/28/2003,5.078
3/3/2003,5.04
3/4/2003,5.01
3/5/2003,5.018
3/6/2003,5.115
3/7/2003,5.155
3/10/2003,5.008
3/11/2003,5.005
3/12/2003,5.098
3/13/2003,5.268
3/14/2003,5.345
3/17/2003,5.24
3/18/2003,5.39
3/19/2003,5.573
3/20/2003,5.55
3/21/2003,5.583
3/24/2003,5.528
3/25/2003,5.5
3/26/2003,5.44
3/27/2003,5.415
3/28/2003,5.42
3/31/2003,5.34
4/1/2003,5.31
4/2/2003,5.403
4/3/2003,5.413
4/4/2003,5.44
4/7/2003,5.53
4/8/2003,5.46
4/9/2003,5.358
4/10/2003,5.263
4/11/2003,5.305
4/14/2003,5.365
4/15/2003,5.413
4/16/2003,5.418
4/17/2003,5.303
4/22/2003,5.325
4/23/2003,5.395
4/24/2003,5.328
4/28/2003,5.223
4/29/2003,5.308
4/30/2003,5.293
5/1/2003,5.223
5/2/2003,5.225
5/5/2003,5.318
5/6/2003,5.26
5/7/2003,5.15
5/8/2003,5.06
5/9/2003,5.105
5/12/2003,5.075
5/13/2003,5.093
5/14/2003,5.115
5/15/2003,5.058
5/16/2003,5.115
5/19/2003,4.933
5/20/2003,4.973
5/21/2003,4.913
5/22/2003,4.95
5/23/2003,4.885
5/26/2003,4.883
5/27/2003,4.84
5/28/2003,4.933
5/29/2003,4.915
5/30/2003,4.875
6/2/2003,4.962
6/3/2003,4.98
6/4/2003,4.893
6/5/2003,4.91
6/6/2003,4.81
6/10/2003,4.765
6/11/2003,4.66
6/12/2003,4.673
6/13/2003,4.625
6/16/2003,4.6
6/17/2003,4.703
6/18/2003,4.788
6/19/2003,4.8
6/20/2003,4.828
6/23/2003,4.828
6/24/2003,4.76
6/25/2003,4.748
6/26/2003,4.96
6/27/2003,5.048
6/30/2003,5.018
7/1/2003,5.01
7/2/2003,5.089
7/3/2003,5.063
7/4/2003,5.129
7/7/2003,5.114
7/8/2003,5.178
7/9/2003,5.134
7/10/2003,5.058
7/11/2003,5.058
7/14/2003,5.032
7/15/2003,5.096
7/16/2003,5.379
7/17/2003,5.338
7/18/2003,5.313
7/21/2003,5.325
7/22/2003,5.43
7/23/2003,5.333
7/24/2003,5.298
7/25/2003,5.399
7/28/2003,5.448
7/29/2003,5.504
7/30/2003,5.531
7/31/2003,5.438
8/1/2003,5.554
8/5/2003,5.458
8/6/2003,5.518
8/7/2003,5.433
8/8/2003,5.415
8/11/2003,5.528
8/12/2003,5.537
8/13/2003,5.618
8/14/2003,5.637
8/15/2003,5.599
8/18/2003,5.585
8/19/2003,5.575
8/20/2003,5.473
8/21/2003,5.519
8/22/2003,5.569
8/25/2003,5.549
8/26/2003,5.603
8/27/2003,5.559
8/28/2003,5.575
8/29/2003,5.501
9/1/2003,5.531
9/2/2003,5.644
9/3/2003,5.68
9/4/2003,5.676
9/5/2003,5.61
9/8/2003,5.478
9/9/2003,5.561
9/10/2003,5.52
9/11/2003,5.592
9/12/2003,5.61
9/15/2003,5.524
9/16/2003,5.547
9/17/2003,5.58
9/18/2003,5.523
9/19/2003,5.537
9/22/2003,5.515
9/23/2003,5.496
9/24/2003,5.487
9/25/2003,5.391
9/26/2003,5.385
9/29/2003,5.329
9/30/2003,5.388
10/1/2003,5.246
10/2/2003,5.294
10/3/2003,5.341
10/7/2003,5.564
10/8/2003,5.599
10/9/2003,5.594
10/10/2003,5.638
10/13/2003,5.641
10/14/2003,5.668
10/15/2003,5.673
10/16/2003,5.702
10/17/2003,5.795
10/20/2003,5.783
10/21/2003,5.741
10/22/2003,5.676
10/23/2003,5.593
10/24/2003,5.668
10/27/2003,5.684
10/28/2003,5.741
10/29/2003,5.642
10/30/2003,5.71
10/31/2003,5.774
11/3/2003,5.804
11/4/2003,5.819
11/5/2003,5.836
11/6/2003,5.904
11/7/2003,5.936
11/10/2003,5.958
11/11/2003,5.938
11/12/2003,5.939
11/13/2003,5.963
11/14/2003,5.92
11/17/2003,5.866
11/18/2003,5.888
11/19/2003,5.793
11/20/2003,5.87
11/21/2003,5.82
11/24/2003,5.834
11/25/2003,5.892
11/26/2003,5.86
11/27/2003,5.956
11/28/2003,5.963
12/1/2003,6.008
12/2/2003,5.972
12/3/2003,5.951
12/4/2003,5.955
12/5/2003,5.867
12/8/2003,5.714
12/9/2003,5.769
12/10/2003,5.878
12/11/2003,5.869
12/12/2003,5.814
12/15/2003,5.865
12/16/2003,5.789
12/17/2003,5.684
12/18/2003,5.681
12/19/2003,5.665
12/22/2003,5.64
12/23/2003,5.634
12/24/2003,5.69
12/29/2003,5.588
12/30/2003,5.585
12/31/2003,5.607
1/2/2004,5.684
1/5/2004,5.803
1/6/2004,5.866
1/7/2004,5.799
1/8/2004,5.833
1/9/2004,5.826
1/12/2004,5.618
1/13/2004,5.636
1/14/2004,5.565
1/15/2004,5.57
1/16/2004,5.595
1/19/2004,5.66
1/20/2004,5.706
1/21/2004,5.68
1/22/2004,5.657
1/23/2004,5.599
1/27/2004,5.815
1/28/2004,5.727
1/29/2004,5.842
1/30/2004,5.838
2/2/2004,5.797
2/3/2004,5.76
2/4/2004,5.708
2/5/2004,5.7
2/6/2004,5.728
2/9/2004,5.609
2/10/2004,5.581
2/11/2004,5.624
2/12/2004,5.521
2/13/2004,5.553
2/16/2004,5.542
2/17/2004,5.611
2/18/2004,5.56
2/19/2004,5.589
2/20/2004,5.595
2/23/2004,5.726
2/24/2004,5.678
2/25/2004,5.651
2/26/2004,5.602
2/27/2004,5.56
3/1/2004,5.488
3/2/2004,5.512
3/3/2004,5.621
3/4/2004,5.63
3/5/2004,5.64
3/8/2004,5.497
3/9/2004,5.481
3/10/2004,5.449
3/11/2004,5.395
3/12/2004,5.31
3/15/2004,5.356
3/16/2004,5.363
3/17/2004,5.303
3/18/2004,5.362
3/19/2004,5.386
3/22/2004,5.365
3/23/2004,5.329
3/24/2004,5.31
3/25/2004,5.321
3/26/2004,5.329
3/29/2004,5.476
3/30/2004,5.494
3/31/2004,5.504
4/1/2004,5.445
4/2/2004,5.511
4/5/2004,5.792
4/6/2004,5.796
4/7/2004,5.736
4/8/2004,5.774
4/13/2004,5.834
4/14/2004,5.93
4/15/2004,5.915
4/16/2004,5.877
4/19/2004,5.849
4/20/2004,5.889
4/21/2004,5.941
4/22/2004,5.881
4/23/2004,5.82
4/27/2004,5.84
4/28/2004,5.851
4/29/2004,5.939
4/30/2004,5.952
5/3/2004,5.93
5/4/2004,5.922
5/5/2004,5.925
5/6/2004,5.95
5/7/2004,5.964
5/10/2004,6.077
5/11/2004,6.075
5/12/2004,6.023
5/13/2004,6.059
5/14/2004,6.088
5/17/2004,5.972
5/18/2004,5.958
5/19/2004,6.015
5/20/2004,6.027
5/21/2004,5.978
5/24/2004,6.024
5/25/2004,5.973
5/26/2004,5.938
5/27/2004,5.859
5/28/2004,5.841
5/31/2004,5.865
6/1/2004,5.879
6/2/2004,5.838
6/3/2004,5.775
6/4/2004,5.8
6/7/2004,5.89
6/8/2004,5.89
6/9/2004,5.909
6/10/2004,5.922
6/11/2004,5.975
6/15/2004,6.011
6/16/2004,5.862
6/17/2004,5.935
6/18/2004,5.856
6/21/2004,5.888
6/22/2004,5.846
6/23/2004,5.917
6/24/2004,5.914
6/25/2004,5.896
6/28/2004,5.883
6/29/2004,5.943
6/30/2004,5.947
7/1/2004,5.924
7/2/2004,5.922
7/5/2004,5.854
7/6/2004,5.831
7/7/2004,5.816
7/8/2004,5.713
7/9/2004,5.71
7/12/2004,5.699
7/13/2004,5.741
7/14/2004,5.764
7/15/2004,5.775
7/16/2004,5.792
7/19/2004,5.684
7/20/2004,5.678
7/21/2004,5.766
7/22/2004,5.733
7/23/2004,5.748
7/26/2004,5.745
7/27/2004,5.791
7/28/2004,5.894
7/29/2004,5.905
7/30/2004,5.902
8/3/2004,5.808
8/4/2004,5.713
8/5/2004,5.729
8/6/2004,5.697
8/9/2004,5.613
8/10/2004,5.64
8/11/2004,5.654
8/12/2004,5.633
8/13/2004,5.598
8/16/2004,5.605
8/17/2004,5.667
8/18/2004,5.582
8/19/2004,5.601
8/20/2004,5.561
8/23/2004,5.584
8/24/2004,5.636
8/25/2004,5.607
8/26/2004,5.586
8/27/2004,5.53
8/30/2004,5.576
8/31/2004,5.584
9/1/2004,5.5
9/2/2004,5.429
9/3/2004,5.481
9/6/2004,5.625
9/7/2004,5.613
9/8/2004,5.577
9/9/2004,5.439
9/10/2004,5.428
9/13/2004,5.423
9/14/2004,5.379
9/15/2004,5.336
9/16/2004,5.376
9/17/2004,5.344
9/20/2004,5.383
9/21/2004,5.355
9/22/2004,5.37
9/23/2004,5.339
9/24/2004,5.385
9/27/2004,5.406
9/28/2004,5.355
9/29/2004,5.415
9/30/2004,5.467
10/1/2004,5.448
10/5/2004,5.475
10/6/2004,5.496
10/7/2004,5.536
10/8/2004,5.553
10/11/2004,5.464
10/12/2004,5.442
10/13/2004,5.442
10/14/2004,5.363
10/15/2004,5.32
10/18/2004,5.344
10/19/2004,5.348
10/20/2004,5.324
10/21/2004,5.299
10/22/2004,5.366
10/25/2004,5.3
10/26/2004,5.337
10/27/2004,5.324
10/28/2004,5.396
10/29/2004,5.389
11/1/2004,5.348
11/2/2004,5.374
11/3/2004,5.409
11/4/2004,5.404
11/5/2004,5.388
11/8/2004,5.486
11/9/2004,5.496
11/10/2004,5.512
11/11/2004,5.544
11/12/2004,5.535
11/15/2004,5.495
11/16/2004,5.49
11/17/2004,5.485
11/18/2004,5.423
11/19/2004,5.368
11/22/2004,5.397
11/23/2004,5.387
11/24/2004,5.331
11/25/2004,5.254
11/26/2004,5.253
11/29/2004,5.229
11/30/2004,5.225
12/1/2004,5.207
12/2/2004,5.248
12/3/2004,5.286
12/6/2004,5.216
12/7/2004,5.182
12/8/2004,5.182
12/9/2004,5.159
12/10/2004,5.201
12/13/2004,5.197
12/14/2004,5.194
12/15/2004,5.171
12/16/2004,5.129
12/17/2004,5.174
12/20/2004,5.239
12/21/2004,5.292
12/22/2004,5.276
12/23/2004,5.266
12/24/2004,5.254
12/29/2004,5.362
12/30/2004,5.351
12/31/2004,5.33
1/4/2005,5.463
1/5/2005,5.482
1/6/2005,5.454
1/7/2005,5.402
1/10/2005,5.396
1/11/2005,5.322
1/12/2005,5.268
1/13/2005,5.274
1/14/2005,5.24
1/17/2005,5.263
1/18/2005,5.31
1/19/2005,5.348
1/20/2005,5.306
1/21/2005,5.347
1/24/2005,5.318
1/25/2005,5.35
1/27/2005,5.378
1/28/2005,5.397
1/31/2005,5.403
2/1/2005,5.376
2/2/2005,5.327
2/3/2005,5.341
2/4/2005,5.34
2/7/2005,5.359
2/8/2005,5.333
2/9/2005,5.297
2/10/2005,5.28
2/11/2005,5.349
2/14/2005,5.397
2/15/2005,5.387
2/16/2005,5.401
2/17/2005,5.429
2/18/2005,5.407
2/21/2005,5.474
2/22/2005,5.462
2/23/2005,5.471
2/24/2005,5.467
2/25/2005,5.511
2/28/2005,5.564
3/1/2005,5.617
3/2/2005,5.575
3/3/2005,5.584
3/4/2005,5.587
3/7/2005,5.562
3/8/2005,5.545
3/9/2005,5.581
3/10/2005,5.654
3/11/2005,5.663
3/14/2005,5.686
3/15/2005,5.659
3/16/2005,5.683
3/17/2005,5.642
3/18/2005,5.656
3/21/2005,5.698
3/22/2005,5.725
3/23/2005,5.761
3/24/2005,5.724
3/29/2005,5.737
3/30/2005,5.716
3/31/2005,5.672
4/1/2005,5.606
4/4/2005,5.642
4/5/2005,5.606
4/6/2005,5.556
4/7/2005,5.577
4/8/2005,5.6
4/11/2005,5.613
4/12/2005,5.574
4/13/2005,5.494
4/14/2005,5.444
4/15/2005,5.41
4/18/2005,5.357
4/19/2005,5.37
4/20/2005,5.342
4/21/2005,5.361
4/22/2005,5.418
4/26/2005,5.358
4/27/2005,5.392
4/28/2005,5.363
4/29/2005,5.342
5/2/2005,5.342
5/3/2005,5.331
5/4/2005,5.288
5/5/2005,5.306
5/6/2005,5.277
5/9/2005,5.405
5/10/2005,5.406
5/11/2005,5.351
5/12/2005,5.333
5/13/2005,5.307
5/16/2005,5.277
5/17/2005,5.286
5/18/2005,5.282
5/19/2005,5.275
5/20/2005,5.315
5/23/2005,5.348
5/24/2005,5.264
5/25/2005,5.206
5/26/2005,5.223
5/27/2005,5.212
5/30/2005,5.174
5/31/2005,5.144
6/1/2005,5.126
6/2/2005,5.098
6/3/2005,5.079
6/6/2005,5.109
6/7/2005,5.063
6/8/2005,5.069
6/9/2005,5.095
6/10/2005,5.121
6/14/2005,5.218
6/15/2005,5.255
6/16/2005,5.266
6/17/2005,5.24
6/20/2005,5.231
6/21/2005,5.278
6/22/2005,5.222
6/23/2005,5.121
6/24/2005,5.083
6/27/2005,5.045
6/28/2005,5.061
6/29/2005,5.107
6/30/2005,5.107
7/1/2005,5.054
7/4/2005,5.178
7/5/2005,5.159
7/6/2005,5.135
7/7/2005,5.178
7/8/2005,5.125
7/11/2005,5.168
7/12/2005,5.208
7/13/2005,5.245
7/14/2005,5.227
7/15/2005,5.199
7/18/2005,5.238
7/19/2005,5.252
7/20/2005,5.228
7/21/2005,5.22
7/22/2005,5.309
7/25/2005,5.228
7/26/2005,5.204
7/27/2005,5.17
7/28/2005,5.183
7/29/2005,5.126
8/2/2005,5.279
8/3/2005,5.309
8/4/2005,5.284
8/5/2005,5.315
8/8/2005,5.399
8/9/2005,5.367
8/10/2005,5.33
8/11/2005,5.392
8/12/2005,5.322
8/15/2005,5.251
8/16/2005,5.227
8/17/2005,5.17
8/18/2005,5.191
8/19/2005,5.133
8/22/2005,5.149
8/23/2005,5.165
8/24/2005,5.128
8/25/2005,5.145
8/26/2005,5.097
8/29/2005,5.047
8/30/2005,5.106
8/31/2005,5.047
9/1/2005,5.009
9/2/2005,5.008
9/5/2005,5.019
9/6/2005,5.055
9/7/2005,5.134
9/8/2005,5.164
9/9/2005,5.165
9/12/2005,5.17
9/13/2005,5.202
9/14/2005,5.148
9/15/2005,5.156
9/16/2005,5.156
9/19/2005,5.257
9/20/2005,5.244
9/21/2005,5.219
9/22/2005,5.146
9/23/2005,5.171
9/26/2005,5.275
9/27/2005,5.334
9/28/2005,5.383
9/29/2005,5.339
9/30/2005,5.362
10/4/2005,5.432
10/5/2005,5.373
10/6/2005,5.317
10/7/2005,5.353
10/10/2005,5.345
10/11/2005,5.324
10/12/2005,5.367
10/13/2005,5.397
10/14/2005,5.442
10/17/2005,5.46
10/18/2005,5.453
10/19/2005,5.398
10/20/2005,5.412
10/21/2005,5.367
10/24/2005,5.34
10/25/2005,5.417
10/26/2005,5.477
10/27/2005,5.468
10/28/2005,5.433
10/31/2005,5.479
11/1/2005,5.462
11/2/2005,5.45
11/3/2005,5.5
11/4/2005,5.565
11/7/2005,5.563
11/8/2005,5.533
11/9/2005,5.512
11/10/2005,5.53
11/11/2005,5.451
11/14/2005,5.401
11/15/2005,5.48
11/16/2005,5.434
11/17/2005,5.353
11/18/2005,5.348
11/21/2005,5.398
11/22/2005,5.373
11/23/2005,5.345
11/24/2005,5.405
11/25/2005,5.393
11/28/2005,5.369
11/29/2005,5.348
11/30/2005,5.377
12/1/2005,5.388
12/2/2005,5.362
12/5/2005,5.442
12/6/2005,5.498
12/7/2005,5.431
12/8/2005,5.454
12/9/2005,5.384
12/12/2005,5.432
12/13/2005,5.459
12/14/2005,5.41
12/15/2005,5.325
12/16/2005,5.285
12/19/2005,5.32
12/20/2005,5.295
12/21/2005,5.295
12/22/2005,5.305
12/23/2005,5.23
12/28/2005,5.2
12/29/2005,5.21
12/30/2005,5.2
1/3/2006,5.225
1/4/2006,5.19
1/5/2006,5.185
1/6/2006,5.175
1/9/2006,5.175
1/10/2006,5.185
1/11/2006,5.215
1/12/2006,5.22
1/13/2006,5.165
1/16/2006,5.145
1/17/2006,5.16
1/18/2006,5.115
1/19/2006,5.145
1/20/2006,5.18
1/23/2006,5.135
1/24/2006,5.165
1/25/2006,5.25
1/27/2006,5.36
1/30/2006,5.36
1/31/2006,5.353
2/1/2006,5.358
2/2/2006,5.398
2/3/2006,5.365
2/6/2006,5.31
2/7/2006,5.325
2/8/2006,5.28
2/9/2006,5.26
2/10/2006,5.24
2/13/2006,5.29
2/14/2006,5.28
2/15/2006,5.265
2/16/2006,5.27
2/17/2006,5.23
2/20/2006,5.19
2/21/2006,5.204
2/22/2006,5.228
2/23/2006,5.185
2/24/2006,5.214
2/27/2006,5.29
2/28/2006,5.29
3/1/2006,5.245
3/2/2006,5.275
3/3/2006,5.315
3/6/2006,5.38
3/7/2006,5.38
3/8/2006,5.36
3/9/2006,5.395
3/10/2006,5.38
3/13/2006,5.445
3/14/2006,5.43
3/15/2006,5.345
3/16/2006,5.365
3/17/2006,5.27
3/20/2006,5.28
3/21/2006,5.28
3/22/2006,5.345
3/23/2006,5.328
3/24/2006,5.35
3/27/2006,5.28
3/28/2006,5.29
3/29/2006,5.385
3/30/2006,5.39
3/31/2006,5.415
4/3/2006,5.413
4/4/2006,5.46
4/5/2006,5.45
4/6/2006,5.51
4/7/2006,5.54
4/10/2006,5.57
4/11/2006,5.575
4/12/2006,5.55
4/13/2006,5.6
4/18/2006,5.61
4/19/2006,5.59
4/20/2006,5.635
4/21/2006,5.655
4/24/2006,5.625
4/26/2006,5.7
4/27/2006,5.725
4/28/2006,5.7
5/1/2006,5.695
5/2/2006,5.745
5/3/2006,5.775
5/4/2006,5.8
5/5/2006,5.79
5/8/2006,5.765
5/9/2006,5.785
5/10/2006,5.818
5/11/2006,5.815
5/12/2006,5.823
5/15/2006,5.843
5/16/2006,5.785
5/17/2006,5.77
5/18/2006,5.82
5/19/2006,5.738
5/22/2006,5.708
5/23/2006,5.685
5/24/2006,5.69
5/25/2006,5.715
5/26/2006,5.735
5/29/2006,5.73
5/30/2006,5.765
5/31/2006,5.73
6/1/2006,5.762
6/2/2006,5.741
6/5/2006,5.618
6/6/2006,5.648
6/7/2006,5.653
6/8/2006,5.695
6/9/2006,5.659
6/13/2006,5.653
6/14/2006,5.614
6/15/2006,5.677
6/16/2006,5.734
6/19/2006,5.784
6/20/2006,5.776
6/21/2006,5.771
6/22/2006,5.801
6/23/2006,5.835
6/26/2006,5.832
6/27/2006,5.861
6/28/2006,5.838
6/29/2006,5.875
6/30/2006,5.78
7/3/2006,5.748
7/4/2006,5.794
7/5/2006,5.788
7/6/2006,5.858
7/7/2006,5.847
7/10/2006,5.783
7/11/2006,5.805
7/12/2006,5.818
7/13/2006,5.873
7/14/2006,5.835
7/17/2006,5.838
7/18/2006,5.881
7/19/2006,5.886
7/20/2006,5.824
7/21/2006,5.783
7/24/2006,5.833
7/25/2006,5.85
7/26/2006,5.906
7/27/2006,5.875
7/28/2006,5.899
7/31/2006,5.84
8/1/2006,5.84
8/2/2006,5.847
8/3/2006,5.792
8/4/2006,5.819
8/8/2006,5.747
8/9/2006,5.776
8/10/2006,5.842
8/11/2006,5.853
8/14/2006,5.929
8/15/2006,5.93
8/16/2006,5.892
8/17/2006,5.798
8/18/2006,5.767
8/21/2006,5.721
8/22/2006,5.728
8/23/2006,5.719
8/24/2006,5.716
8/25/2006,5.654
8/28/2006,5.664
8/29/2006,5.685
8/30/2006,5.664
8/31/2006,5.661
9/1/2006,5.623
9/4/2006,5.632
9/5/2006,5.638
9/6/2006,5.663
9/7/2006,5.658
9/8/2006,5.642
9/11/2006,5.639
9/12/2006,5.643
9/13/2006,5.612
9/14/2006,5.608
9/15/2006,5.673
9/18/2006,5.699
9/19/2006,5.714
9/20/2006,5.61
9/21/2006,5.613
9/22/2006,5.536
9/25/2006,5.485
9/26/2006,5.468
9/27/2006,5.498
9/28/2006,5.503
9/29/2006,5.506
10/3/2006,5.493
10/4/2006,5.503
10/5/2006,5.483
10/6/2006,5.499
10/9/2006,5.605
10/10/2006,5.624
10/11/2006,5.622
10/12/2006,5.697
10/13/2006,5.704
10/16/2006,5.737
10/17/2006,5.712
10/18/2006,5.718
10/19/2006,5.718
10/20/2006,5.746
10/23/2006,5.788
10/24/2006,5.812
10/25/2006,5.797
10/26/2006,5.728
10/27/2006,5.684
10/30/2006,5.658
10/31/2006,5.658
11/1/2006,5.639
11/2/2006,5.61
11/3/2006,5.622
11/6/2006,5.738
11/7/2006,5.725
11/8/2006,5.652
11/9/2006,5.602
11/10/2006,5.617
11/13/2006,5.565
11/14/2006,5.598
11/15/2006,5.562
11/16/2006,5.594
11/17/2006,5.624
11/20/2006,5.564
11/21/2006,5.584
11/22/2006,5.564
11/23/2006,5.549
11/24/2006,5.563
11/27/2006,5.555
11/28/2006,5.539
11/29/2006,5.553
11/30/2006,5.589
12/1/2006,5.538
12/4/2006,5.499
12/5/2006,5.495
12/6/2006,5.519
12/7/2006,5.6
12/8/2006,5.598
12/11/2006,5.653
12/12/2006,5.653
12/13/2006,5.644
12/14/2006,5.729
12/15/2006,5.758
12/18/2006,5.796
12/19/2006,5.767
12/20/2006,5.794
12/21/2006,5.812
12/22/2006,5.803
12/27/2006,5.827
12/28/2006,5.891
12/29/2006,5.882
1/2/2007,5.901
1/3/2007,5.875
1/4/2007,5.836
1/5/2007,5.806
1/8/2007,5.851
1/9/2007,5.857
1/10/2007,5.862
1/11/2007,5.886
1/12/2007,5.898
1/15/2007,5.914
1/16/2007,5.89
1/17/2007,5.861
1/18/2007,5.88
1/19/2007,5.888
1/22/2007,5.923
1/23/2007,5.923
1/24/2007,5.831
1/25/2007,5.816
1/29/2007,5.885
1/30/2007,5.914
1/31/2007,5.937
2/1/2007,5.91
2/2/2007,5.948
2/5/2007,5.883
2/6/2007,5.826
2/7/2007,5.803
2/8/2007,5.811
2/9/2007,5.767
2/12/2007,5.817
2/13/2007,5.845
2/14/2007,5.84
2/15/2007,5.8
2/16/2007,5.781
2/19/2007,5.77
2/20/2007,5.783
2/21/2007,5.795
2/22/2007,5.799
2/23/2007,5.846
2/26/2007,5.783
2/27/2007,5.723
2/28/2007,5.686
3/1/2007,5.663
3/2/2007,5.673
3/5/2007,5.606
3/6/2007,5.63
3/7/2007,5.65
3/8/2007,5.642
3/9/2007,5.666
3/12/2007,5.728
3/13/2007,5.682
3/14/2007,5.616
3/15/2007,5.707
3/16/2007,5.768
3/19/2007,5.769
3/20/2007,5.792
3/21/2007,5.796
3/22/2007,5.79
3/23/2007,5.834
3/26/2007,5.845
3/27/2007,5.821
3/28/2007,5.826
3/29/2007,5.853
3/30/2007,5.88
4/2/2007,5.896
4/3/2007,5.897
4/4/2007,5.879
4/5/2007,5.89
4/10/2007,5.905
4/11/2007,5.894
4/12/2007,5.927
4/13/2007,5.947
4/16/2007,5.962
4/17/2007,5.959
4/18/2007,5.953
4/19/2007,5.912
4/20/2007,5.962
4/23/2007,5.933
4/24/2007,5.843
4/26/2007,5.883
4/27/2007,5.897
4/30/2007,5.879
5/1/2007,5.816
5/2/2007,5.824
5/3/2007,5.822
5/4/2007,5.852
5/7/2007,5.857
5/8/2007,5.865
5/9/2007,5.846
5/10/2007,5.926
5/11/2007,5.877
5/14/2007,5.882
5/15/2007,5.91
5/16/2007,5.896
5/17/2007,5.919
5/18/2007,5.945
5/21/2007,5.979
5/22/2007,5.969
5/23/2007,5.996
5/24/2007,6.001
5/25/2007,5.97
5/28/2007,5.991
5/29/2007,6.022
5/30/2007,6.017
5/31/2007,6.015
6/1/2007,6.04
6/4/2007,6.083
6/5/2007,6.084
6/6/2007,6.112
6/7/2007,6.133
6/8/2007,6.257
6/12/2007,6.232
6/13/2007,6.298
6/14/2007,6.236
6/15/2007,6.271
6/18/2007,6.247
6/19/2007,6.237
6/20/2007,6.204
6/21/2007,6.269
6/22/2007,6.263
6/25/2007,6.249
6/26/2007,6.238
6/27/2007,6.199
6/28/2007,6.235
6/29/2007,6.256
7/2/2007,6.203
7/3/2007,6.147
7/4/2007,6.171
7/5/2007,6.21
7/6/2007,6.237
7/9/2007,6.296
7/10/2007,6.277
7/11/2007,6.162
7/12/2007,6.21
7/13/2007,6.232
7/16/2007,6.18
7/17/2007,6.176
7/18/2007,6.155
7/19/2007,6.154
7/20/2007,6.145
7/23/2007,6.079
7/24/2007,6.093
7/25/2007,6.115
7/26/2007,6.137
7/27/2007,5.967
7/30/2007,5.971
7/31/2007,6.031
8/1/2007,5.916
8/2/2007,5.945
8/3/2007,5.95
8/7/2007,5.961
8/8/2007,6.012
8/9/2007,6.055
8/10/2007,5.921
8/13/2007,6.007
8/14/2007,5.969
8/15/2007,5.904
8/16/2007,5.875
8/17/2007,5.798
8/20/2007,5.876
8/21/2007,5.836
8/22/2007,5.867
8/23/2007,5.941
8/24/2007,5.947
8/27/2007,5.998
8/28/2007,5.926
8/29/2007,5.86
8/30/2007,5.91
8/31/2007,5.918
9/3/2007,5.938
9/4/2007,5.95
9/5/2007,5.966
9/6/2007,5.9
9/10/2007,5.798
9/11/2007,5.843
9/12/2007,5.844
9/13/2007,5.849
9/14/2007,5.913
9/17/2007,5.908
9/18/2007,5.927
9/19/2007,5.988
9/20/2007,6.08
9/21/2007,6.139
9/24/2007,6.179
9/25/2007,6.172
9/26/2007,6.166
9/27/2007,6.162
9/28/2007,6.145
10/2/2007,6.148
10/3/2007,6.135
10/4/2007,6.138
10/5/2007,6.131
10/8/2007,6.213
10/9/2007,6.237
10/10/2007,6.231
10/11/2007,6.215
10/12/2007,6.228
10/15/2007,6.246
10/16/2007,6.276
10/17/2007,6.216
10/18/2007,6.178
10/19/2007,6.111
10/22/2007,6.07
10/23/2007,6.11
10/24/2007,6.104
10/25/2007,6.016
10/26/2007,6.037
10/29/2007,6.089
10/30/2007,6.106
10/31/2007,6.137
11/1/2007,6.266
11/2/2007,6.16
11/5/2007,6.205
11/6/2007,6.159
11/7/2007,6.153
11/8/2007,5.954
11/9/2007,5.976
11/12/2007,5.927
11/13/2007,5.964
11/14/2007,6.133
11/15/2007,6.101
11/16/2007,6.012
11/19/2007,6.013
11/20/2007,5.949
11/21/2007,5.914
11/22/2007,5.862
11/23/2007,5.845
11/26/2007,5.925
11/27/2007,5.836
11/28/2007,5.894
11/29/2007,5.957
11/30/2007,5.997
12/3/2007,5.984
12/4/2007,5.995
12/5/2007,5.977
12/6/2007,6.008
12/7/2007,6.047
12/10/2007,6.16
12/11/2007,6.28
12/12/2007,6.181
12/13/2007,6.255
12/14/2007,6.266
12/17/2007,6.293
12/18/2007,6.288
12/19/2007,6.288
12/20/2007,6.239
12/21/2007,6.251
12/24/2007,6.361
12/27/2007,6.404
12/28/2007,6.385
12/31/2007,6.326
1/2/2008,6.337
1/3/2008,6.131
1/4/2008,6.107
1/7/2008,6.057
1/8/2008,6.112
1/9/2008,6.116
1/10/2008,6.125
1/11/2008,6.128
1/14/2008,6.073
1/15/2008,6.066
1/16/2008,5.985
1/17/2008,6.026
1/18/2008,6.043
1/21/2008,6.028
1/22/2008,5.872
1/23/2008,5.977
1/24/2008,6.043
1/25/2008,6.191
1/29/2008,6.074
1/30/2008,6.064
1/31/2008,6.088
2/1/2008,6.126
2/4/2008,6.197
2/5/2008,6.151
2/6/2008,6.088
2/7/2008,6.12
2/8/2008,6.191
2/11/2008,6.219
2/12/2008,6.227
2/13/2008,6.249
2/14/2008,6.338
2/15/2008,6.328
2/18/2008,6.383
2/19/2008,6.478
2/20/2008,6.405
2/21/2008,6.428
2/22/2008,6.373
2/25/2008,6.443
2/26/2008,6.411
2/27/2008,6.424
2/28/2008,6.438
2/29/2008,6.213
3/3/2008,6.188
3/4/2008,6.146
3/5/2008,6.157
3/6/2008,6.246
3/7/2008,6.104
3/10/2008,6.045
3/11/2008,6.208
3/12/2008,6.052
3/13/2008,6.137
3/14/2008,6.02
3/17/2008,5.866
3/18/2008,5.97
3/19/2008,6.077
3/20/2008,5.984
3/25/2008,6.132
3/26/2008,6.091
3/27/2008,6.027
3/28/2008,6.155
3/31/2008,6.054
4/1/2008,6.023
4/2/2008,6.173
4/3/2008,6.136
4/4/2008,6.178
4/7/2008,6.095
4/8/2008,6.154
4/9/2008,6.1
4/10/2008,6.067
4/11/2008,6.142
4/14/2008,5.999
4/15/2008,6.024
4/16/2008,6.133
4/17/2008,6.18
4/18/2008,6.21
4/21/2008,6.293
4/22/2008,6.208
4/23/2008,6.252
4/24/2008,6.285
4/28/2008,6.321
4/29/2008,6.347
4/30/2008,6.286
5/1/2008,6.185
5/2/2008,6.233
5/5/2008,6.381
5/6/2008,6.35
5/7/2008,6.355
5/8/2008,6.289
5/9/2008,6.205
5/12/2008,6.191
5/13/2008,6.215
5/14/2008,6.264
5/15/2008,6.331
5/16/2008,6.322
5/19/2008,6.292
5/20/2008,6.376
5/21/2008,6.327
5/22/2008,6.449
5/23/2008,6.513
5/26/2008,6.443
5/27/2008,6.488
5/28/2008,6.503
5/29/2008,6.593
5/30/2008,6.53
6/2/2008,6.559
6/3/2008,6.484
6/4/2008,6.544
6/5/2008,6.529
6/6/2008,6.6374
6/10/2008,6.6756
6/11/2008,6.6719
6/12/2008,6.5998
6/13/2008,6.7291
6/16/2008,6.786
6/17/2008,6.6916
6/18/2008,6.6159
6/19/2008,6.5823
6/20/2008,6.662
6/23/2008,6.5442
6/24/2008,6.5575
6/25/2008,6.4819
6/26/2008,6.5131
6/27/2008,6.4609
6/30/2008,6.447
7/1/2008,6.4945
7/2/2008,6.5698
7/3/2008,6.4963
7/4/2008,6.4225
7/7/2008,6.3484
7/8/2008,6.3462
7/9/2008,6.338
7/10/2008,6.2902
7/11/2008,6.3639
7/14/2008,6.4119
7/15/2008,6.3048
7/16/2008,6.3269
7/17/2008,6.3086
7/18/2008,6.3569
7/21/2008,6.4203
7/22/2008,6.4623
7/23/2008,6.4435
7/24/2008,6.3995
7/25/2008,6.2599
7/28/2008,6.2527
7/29/2008,6.2981
7/30/2008,6.2633
7/31/2008,6.2184
8/1/2008,6.1223
8/5/2008,6.033
8/6/2008,6.0506
8/7/2008,5.9785
8/8/2008,5.9246
8/11/2008,5.9147
8/12/2008,5.8688
8/13/2008,5.8513
8/14/2008,5.8962
8/15/2008,5.8541
8/18/2008,5.8173
8/19/2008,5.8156
8/20/2008,5.8468
8/21/2008,5.7345
8/22/2008,5.7922
8/25/2008,5.796
8/26/2008,5.7505
8/27/2008,5.717
8/28/2008,5.7638
8/29/2008,5.7593
9/1/2008,5.7312
9/2/2008,5.691
9/3/2008,5.6923
9/4/2008,5.7644
9/5/2008,5.6244
9/8/2008,5.7756
9/9/2008,5.6223
9/10/2008,5.6353
9/11/2008,5.6602
9/12/2008,5.6794
9/15/2008,5.5718
9/16/2008,5.4488
9/17/2008,5.5698
9/18/2008,5.5309
9/19/2008,5.5662
9/22/2008,5.8282
9/23/2008,5.7694
9/24/2008,5.706
9/25/2008,5.7219
9/26/2008,5.6131
9/29/2008,5.663
9/30/2008,5.3952
10/1/2008,5.4327
10/2/2008,5.354
10/3/2008,5.2852
10/7/2008,5.0598
10/8/2008,4.9306
10/9/2008,5.0888
10/10/2008,5.1387
10/13/2008,5.547
10/14/2008,5.4439
10/15/2008,5.3734
10/16/2008,5.2484
10/17/2008,5.352
10/20/2008,5.2627
10/21/2008,5.1398
10/22/2008,5.1241
10/23/2008,5.0816
10/24/2008,4.9127
10/27/2008,5.0597
10/28/2008,5.2817
10/29/2008,5.2017
10/30/2008,5.2286
10/31/2008,5.1689
11/3/2008,5.3985
11/4/2008,5.266
11/5/2008,5.3348
11/6/2008,5.1443
11/7/2008,5.1857
11/10/2008,5.1885
11/11/2008,5.0428
11/12/2008,5.0843
11/13/2008,4.9086
11/14/2008,5.0304
11/17/2008,4.9654
11/18/2008,4.9643
11/19/2008,4.8408
11/20/2008,4.7618
11/21/2008,4.6282
11/24/2008,4.6005
11/25/2008,4.6832
11/26/2008,4.6133
11/27/2008,4.6471
11/28/2008,4.5975
12/1/2008,4.527
12/2/2008,4.3412
12/3/2008,4.3362
12/4/2008,4.2554
12/5/2008,4.2817
12/8/2008,4.2971
12/9/2008,4.3132
12/10/2008,4.4692
12/11/2008,4.2746
12/12/2008,4.3
12/15/2008,4.4135
12/16/2008,4.255
12/17/2008,4.137
12/18/2008,4.0455
12/19/2008,4.0254
12/22/2008,4.131
12/23/2008,4.105
12/24/2008,4.0875
12/29/2008,3.9694
12/30/2008,4.0119
12/31/2008,3.9919
1/2/2009,3.9591
1/5/2009,4.2638
1/6/2009,4.29
1/7/2009,4.2519
1/8/2009,4.1381
1/9/2009,4.12
1/12/2009,4.1013
1/13/2009,3.959
1/14/2009,3.9904
1/15/2009,3.851
1/16/2009,3.9755
1/19/2009,4.0516
1/20/2009,3.9963
1/21/2009,4.075
1/22/2009,4.1863
1/23/2009,4.1038
1/27/2009,4.1879
1/28/2009,4.0562
1/29/2009,4.0762
1/30/2009,4.0987
2/2/2009,4.0971
2/3/2009,4.2196
2/4/2009,4.31
2/5/2009,4.3679
2/6/2009,4.4433
2/9/2009,4.3592
2/10/2009,4.3371
2/11/2009,4.2517
2/12/2009,4.1846
2/13/2009,4.2425
2/16/2009,4.385
2/17/2009,4.2604
2/18/2009,4.0779
2/19/2009,4.2229
2/20/2009,4.1679
2/23/2009,4.152
2/24/2009,4.1233
2/25/2009,4.2646
2/26/2009,4.2462
2/27/2009,4.4033
3/2/2009,4.3071
3/3/2009,4.3117
3/4/2009,4.3533
3/5/2009,4.4092
3/6/2009,4.2391
3/9/2009,4.1171
3/10/2009,4.255
3/11/2009,4.3351
3/12/2009,4.2722
3/13/2009,4.2813
3/16/2009,4.3
3/17/2009,4.3467
3/18/2009,4.355
3/19/2009,4.0905
3/20/2009,4.175
3/23/2009,4.3
3/24/2009,4.3671
3/25/2009,4.4483
3/26/2009,4.5196
3/27/2009,4.5642
3/30/2009,4.4605
3/31/2009,4.4234
4/1/2009,4.3895
4/2/2009,4.374
4/3/2009,4.428
4/6/2009,4.614
4/7/2009,4.6095
4/8/2009,4.5406
4/9/2009,4.5825
4/14/2009,4.6131
4/15/2009,4.579
4/16/2009,4.506
4/17/2009,4.5185
4/20/2009,4.594
4/21/2009,4.363
4/22/2009,4.457
4/23/2009,4.491
4/24/2009,4.511
4/27/2009,4.4665
4/28/2009,4.4333
4/29/2009,4.5653
4/30/2009,4.5689
5/1/2009,4.6758
5/4/2009,4.6954
5/5/2009,4.8145
5/6/2009,4.7821
5/7/2009,4.9028
5/8/2009,4.9667
5/11/2009,4.9218
5/12/2009,4.9299
5/13/2009,4.924
5/14/2009,4.8758
5/15/2009,4.8668
5/18/2009,4.8558
5/19/2009,4.9891
5/20/2009,5.0665
5/21/2009,5.1077
5/22/2009,5.2068
5/25/2009,5.2678
5/26/2009,5.2183
5/27/2009,5.3813
5/28/2009,5.3606
5/29/2009,5.2788
6/1/2009,5.3592
6/2/2009,5.4867
6/3/2009,5.4859
6/4/2009,5.4249
6/5/2009,5.588
6/9/2009,5.5571
6/10/2009,5.5956
6/11/2009,5.6191
6/12/2009,5.5493
6/15/2009,5.5026
6/16/2009,5.4381
6/17/2009,5.4796
6/18/2009,5.5831
6/19/2009,5.8601
6/22/2009,5.7151
6/23/2009,5.5801
6/24/2009,5.6168
6/25/2009,5.6905
6/26/2009,5.6034
6/29/2009,5.4838
6/30/2009,5.5224
7/1/2009,5.5038
7/2/2009,5.4151
7/3/2009,5.4294
7/6/2009,5.4487
7/7/2009,5.4638
7/8/2009,5.3074
7/9/2009,5.2166
7/10/2009,5.2825
7/13/2009,5.2237
7/14/2009,5.2914
7/15/2009,5.4465
7/16/2009,5.4829
7/17/2009,5.4508
7/20/2009,5.6208
7/21/2009,5.5196
7/22/2009,5.5654
7/23/2009,5.5829
7/24/2009,5.6971
7/27/2009,5.7163
7/28/2009,5.7429
7/29/2009,5.6021
7/30/2009,5.6392
7/31/2009,5.6046
8/4/2009,5.6379
8/5/2009,5.6246
8/6/2009,5.6776
8/7/2009,5.6549
8/10/2009,5.7281
8/11/2009,5.7258
8/12/2009,5.563
8/13/2009,5.7041
8/14/2009,5.6217
8/17/2009,5.465
8/18/2009,5.507
8/19/2009,5.4422
8/20/2009,5.4785
8/21/2009,5.435
8/24/2009,5.556
8/25/2009,5.3994
8/26/2009,5.368
8/27/2009,5.2985
8/28/2009,5.4175
8/31/2009,5.4155
9/1/2009,5.347
9/2/2009,5.3865
9/3/2009,5.3706
9/4/2009,5.4331
9/7/2009,5.4935
9/8/2009,5.4286
9/9/2009,5.3813
9/10/2009,5.4075
9/11/2009,5.2734
9/14/2009,5.26
9/15/2009,5.25
9/16/2009,5.2579
9/17/2009,5.3267
9/18/2009,5.2812
9/21/2009,5.3188
9/22/2009,5.3237
9/23/2009,5.3604
9/24/2009,5.298
9/25/2009,5.2342
9/28/2009,5.1425
9/29/2009,5.2058
9/30/2009,5.3596
10/1/2009,5.283
10/2/2009,5.1047
10/6/2009,5.1771
10/7/2009,5.1708
10/8/2009,5.2471
10/9/2009,5.2217
10/12/2009,5.3558
10/13/2009,5.3254
10/14/2009,5.3671
10/15/2009,5.5692
10/16/2009,5.5775
10/19/2009,5.5892
10/20/2009,5.568
10/21/2009,5.5637
10/22/2009,5.6354
10/23/2009,5.7013
10/26/2009,5.695
10/27/2009,5.6662
10/28/2009,5.6258
10/29/2009,5.515
10/30/2009,5.5425
11/2/2009,5.5206
11/3/2009,5.4505
11/4/2009,5.5271
11/5/2009,5.563
11/6/2009,5.6167
11/9/2009,5.6546
11/10/2009,5.6355
11/11/2009,5.5925
11/12/2009,5.5721
11/13/2009,5.5558
11/16/2009,5.5683
11/17/2009,5.4521
11/18/2009,5.4712
11/19/2009,5.4104
11/20/2009,5.3934
11/23/2009,5.3616
11/24/2009,5.3504
11/25/2009,5.3958
11/26/2009,5.2929
11/27/2009,5.2112
11/30/2009,5.24
12/1/2009,5.205
12/2/2009,5.3238
12/3/2009,5.3471
12/4/2009,5.3755
12/7/2009,5.4645
12/8/2009,5.4871
12/9/2009,5.4436
12/10/2009,5.4465
12/11/2009,5.5115
12/14/2009,5.5239
12/15/2009,5.517
12/16/2009,5.4388
12/17/2009,5.479
12/18/2009,5.3499
12/21/2009,5.4
12/22/2009,5.4975
12/23/2009,5.5438
12/24/2009,5.575
12/29/2009,5.7389
12/30/2009,5.6879
12/31/2009,5.6439
1/4/2010,5.756
1/5/2010,5.621
1/6/2010,5.6556
1/7/2010,5.6455
1/8/2010,5.6813
1/11/2010,5.6854
1/12/2010,5.6328
1/13/2010,5.5219
1/14/2010,5.598
1/15/2010,5.585
1/18/2010,5.5182
1/19/2010,5.4913
1/20/2010,5.5315
1/21/2010,5.5265
1/22/2010,5.4305
1/25/2010,5.47
1/27/2010,5.4018
1/28/2010,5.463
1/29/2010,5.379
2/1/2010,5.3796
2/2/2010,5.4374
2/3/2010,5.448
2/4/2010,5.4472
2/5/2010,5.3904
2/8/2010,5.4081
2/9/2010,5.3798
2/10/2010,5.4501
2/11/2010,5.514
2/12/2010,5.509
2/15/2010,5.4783
2/16/2010,5.511
2/17/2010,5.5128
2/18/2010,5.5422
2/19/2010,5.5655
2/22/2010,5.5877
2/23/2010,5.5879
2/24/2010,5.5444
2/25/2010,5.4875
2/26/2010,5.435
3/1/2010,5.4384
3/2/2010,5.391
3/3/2010,5.488
3/4/2010,5.4593
3/5/2010,5.465
3/8/2010,5.5637
3/9/2010,5.5408
3/10/2010,5.5426
3/11/2010,5.6651
3/12/2010,5.6746
3/15/2010,5.6715
3/16/2010,5.6334
3/17/2010,5.6619
3/18/2010,5.6494
3/19/2010,5.67
3/22/2010,5.6825
3/23/2010,5.6626
3/24/2010,5.6906
3/25/2010,5.7546
3/26/2010,5.7376
3/29/2010,5.7932
3/30/2010,5.7956
3/31/2010,5.7805
4/1/2010,5.7535
4/6/2010,5.848
4/7/2010,5.853
4/8/2010,5.7745
4/9/2010,5.813
4/12/2010,5.8369
4/13/2010,5.7749
4/14/2010,5.8259
4/15/2010,5.8579
4/16/2010,5.817
4/19/2010,5.7495
4/20/2010,5.8085
4/21/2010,5.854
4/22/2010,5.8055
4/23/2010,5.7985
4/27/2010,5.786
4/28/2010,5.7155
4/29/2010,5.7384
4/30/2010,5.711
5/3/2010,5.78
5/4/2010,5.7445
5/5/2010,5.657
5/6/2010,5.5399
5/7/2010,5.4665
5/10/2010,5.5685
5/11/2010,5.487
5/12/2010,5.4785
5/13/2010,5.538
5/14/2010,5.507
5/17/2010,5.4659
5/18/2010,5.5034
5/19/2010,5.4351
5/20/2010,5.4026
5/21/2010,5.3916
5/24/2010,5.3416
5/25/2010,5.2628
5/26/2010,5.3276
5/27/2010,5.3876
5/28/2010,5.4185
5/31/2010,5.3725
6/1/2010,5.3396
6/2/2010,5.3302
6/3/2010,5.4284
6/4/2010,5.4202
6/7/2010,5.2867
6/8/2010,5.3333
6/9/2010,5.3054
6/10/2010,5.3492
6/11/2010,5.4001
6/15/2010,5.3588
6/16/2010,5.4307
6/17/2010,5.3617
6/18/2010,5.362
6/21/2010,5.4387
6/22/2010,5.3938
6/23/2010,5.33
6/24/2010,5.3109
6/25/2010,5.2514
6/28/2010,5.2362
6/29/2010,5.145
6/30/2010,5.0945
7/1/2010,5.083
7/2/2010,5.097
7/5/2010,5.0631
7/6/2010,5.0413
7/7/2010,5.0319
7/8/2010,5.1206
7/9/2010,5.1069
7/12/2010,5.1162
7/13/2010,5.1115
7/14/2010,5.1765
7/15/2010,5.1025
7/16/2010,5.1191
7/19/2010,5.115
7/20/2010,5.22
7/21/2010,5.1775
7/22/2010,5.142
7/23/2010,5.2035
7/26/2010,5.2415
7/27/2010,5.27
7/28/2010,5.2135
7/29/2010,5.2415
7/30/2010,5.1995
8/3/2010,5.1705
8/4/2010,5.1355
8/5/2010,5.142
8/6/2010,5.154
8/9/2010,5.11
8/10/2010,5.1015
8/11/2010,5.046
8/12/2010,5.0343
8/13/2010,5.0487
8/16/2010,4.9698
8/17/2010,4.936
8/18/2010,4.931
8/19/2010,4.9199
8/20/2010,4.9129
8/23/2010,4.9391
8/24/2010,4.855
8/25/2010,4.7821
8/26/2010,4.7858
8/27/2010,4.8067
8/30/2010,4.8353
8/31/2010,4.7628
9/1/2010,4.8032
9/2/2010,4.8157
9/3/2010,4.8406
9/6/2010,4.9215
9/7/2010,4.8668
9/8/2010,4.885
9/9/2010,4.9301
9/10/2010,4.9769
9/13/2010,5.0669
9/14/2010,5.0366
9/15/2010,5.0585
9/16/2010,5.0436
9/17/2010,5.1146
9/20/2010,5.14
9/21/2010,5.1404
9/22/2010,5.1004
9/23/2010,5.1056
9/24/2010,5.0508
9/27/2010,5.1279
9/28/2010,5.062
9/29/2010,5.0494
9/30/2010,4.9632
10/1/2010,5.0674
10/5/2010,4.9831
10/6/2010,5.0084
10/7/2010,5.0541
10/8/2010,5.0064
10/11/2010,5.0056
10/12/2010,4.9877
10/13/2010,5.0027
10/14/2010,5.0261
10/15/2010,5.0791
10/18/2010,5.1496
10/19/2010,5.138
10/20/2010,5.1178
10/21/2010,5.1216
10/22/2010,5.145
10/25/2010,5.1907
10/26/2010,5.17
10/27/2010,5.1846
10/28/2010,5.1885
10/29/2010,5.2032
11/1/2010,5.2313
11/2/2010,5.2544
11/3/2010,5.2567
11/4/2010,5.2357
11/5/2010,5.2491
11/8/2010,5.2765
11/9/2010,5.2893
11/10/2010,5.355
11/11/2010,5.339
11/12/2010,5.3417
11/15/2010,5.4102
11/16/2010,5.4099
11/17/2010,5.4296
11/18/2010,5.4775
11/19/2010,5.4843
11/22/2010,5.499
11/23/2010,5.4294
11/24/2010,5.449
11/25/2010,5.521
11/26/2010,5.4883
11/29/2010,5.4795
11/30/2010,5.4087
12/1/2010,5.3477
12/2/2010,5.3966
12/3/2010,5.467
12/6/2010,5.3985
12/7/2010,5.4301
12/8/2010,5.6003
12/9/2010,5.628
12/10/2010,5.5807
12/13/2010,5.6703
12/14/2010,5.6152
12/15/2010,5.6347
12/16/2010,5.6369
12/17/2010,5.5736
12/20/2010,5.5101
12/21/2010,5.5668
12/22/2010,5.5924
12/23/2010,5.6373
12/24/2010,5.6791
12/29/2010,5.7019
12/30/2010,5.6185
12/31/2010,5.5449
1/4/2011,5.5398
1/5/2011,5.5258
1/6/2011,5.5854
1/7/2011,5.6216
1/10/2011,5.5425
1/11/2011,5.4429
1/12/2011,5.5167
1/13/2011,5.5648
1/14/2011,5.514
1/17/2011,5.5373
1/18/2011,5.5293
1/19/2011,5.6273
1/20/2011,5.5592
1/21/2011,5.6543
1/24/2011,5.6242
1/25/2011,5.5703
1/27/2011,5.5312
1/28/2011,5.499
1/31/2011,5.5142
2/1/2011,5.5293
2/2/2011,5.5452
2/3/2011,5.6065
2/4/2011,5.682
2/7/2011,5.7327
2/8/2011,5.7417
2/9/2011,5.7502
2/10/2011,5.7118
2/11/2011,5.693
2/14/2011,5.7092
2/15/2011,5.7042
2/16/2011,5.7092
2/17/2011,5.6852
2/18/2011,5.6398
2/21/2011,5.6347
2/22/2011,5.5918
2/23/2011,5.5627
2/24/2011,5.5743
2/25/2011,5.5357
2/28/2011,5.4942
3/1/2011,5.5167
3/2/2011,5.4868
3/3/2011,5.5268
3/4/2011,5.5817
3/7/2011,5.5198
3/8/2011,5.5518
3/9/2011,5.565
3/10/2011,5.4975
3/11/2011,5.4843
3/14/2011,5.4375
3/15/2011,5.3927
3/16/2011,5.3975
3/17/2011,5.3542
3/18/2011,5.395
3/21/2011,5.43
3/22/2011,5.41
3/23/2011,5.4285
3/24/2011,5.4103
3/25/2011,5.4352
3/28/2011,5.4903
3/29/2011,5.4647
3/30/2011,5.5258
3/31/2011,5.4858
4/1/2011,5.5373
4/4/2011,5.5373
4/5/2011,5.5025
4/6/2011,5.5443
4/7/2011,5.5975
4/8/2011,5.6442
4/11/2011,5.6693
4/12/2011,5.6192
4/13/2011,5.6252
4/14/2011,5.6042
4/15/2011,5.5842
4/18/2011,5.5943
4/19/2011,5.4917
4/20/2011,5.5175
4/21/2011,5.5075
4/27/2011,5.455
4/28/2011,5.4468
4/29/2011,5.4317
5/2/2011,5.4418
5/3/2011,5.4022
5/4/2011,5.3993
5/5/2011,5.3742
5/6/2011,5.4292
5/9/2011,5.4208
5/10/2011,5.391
5/11/2011,5.419
5/12/2011,5.3575
5/13/2011,5.3675
5/16/2011,5.3325
5/17/2011,5.3875
5/18/2011,5.3443
5/19/2011,5.344
5/20/2011,5.3168
5/23/2011,5.2667
5/24/2011,5.2842
5/25/2011,5.2593
5/26/2011,5.2842
5/27/2011,5.2302
5/30/2011,5.1943
5/31/2011,5.2098
6/1/2011,5.285
6/2/2011,5.2368
6/3/2011,5.2343
6/6/2011,5.214
6/7/2011,5.2242
6/8/2011,5.2575
6/9/2011,5.2017
6/10/2011,5.1775
6/14/2011,5.1943
6/15/2011,5.2168
6/16/2011,5.085
6/17/2011,5.1227
6/20/2011,5.0708
6/21/2011,5.094
6/22/2011,5.1225
6/23/2011,5.1052
6/24/2011,5.0842
6/27/2011,4.9992
6/28/2011,5.0648
6/29/2011,5.1875
6/30/2011,5.2075
7/1/2011,5.2793
7/4/2011,5.223
7/5/2011,5.2242
7/6/2011,5.212
7/7/2011,5.2005
7/8/2011,5.234
7/11/2011,5.103
7/12/2011,4.9418
7/13/2011,4.9633
7/14/2011,4.9198
7/15/2011,4.9105
7/18/2011,4.8958
7/19/2011,4.8917
7/20/2011,4.9625
7/21/2011,4.9575
7/22/2011,4.9717
7/25/2011,4.9167
7/26/2011,4.9367
7/27/2011,4.9752
7/28/2011,4.9018
7/29/2011,4.8028
8/2/2011,4.7352
8/3/2011,4.6343
8/4/2011,4.7292
8/5/2011,4.4745
8/8/2011,4.6175
8/9/2011,4.5782
8/10/2011,4.5868
8/11/2011,4.4565
8/12/2011,4.4317
8/15/2011,4.5503
8/16/2011,4.505
8/17/2011,4.491
8/18/2011,4.361
8/19/2011,4.2298
8/22/2011,4.2725
8/23/2011,4.393
8/24/2011,4.3615
8/25/2011,4.4315
8/26/2011,4.395
8/29/2011,4.4158
8/30/2011,4.4185
8/31/2011,4.3725
9/1/2011,4.4257
9/2/2011,4.4103
9/5/2011,4.2413
9/6/2011,4.2112
9/7/2011,4.3313
9/8/2011,4.2565
9/9/2011,4.2663
9/12/2011,4.1115
9/13/2011,4.1262
9/14/2011,4.0893
9/15/2011,4.152
9/16/2011,4.2432
9/19/2011,4.1535
9/20/2011,4.1502
9/21/2011,4.204
9/22/2011,4.085
9/23/2011,4.0148
9/26/2011,4.0138
9/27/2011,4.1997
9/28/2011,4.289
9/29/2011,4.2632
9/30/2011,4.2197
10/4/2011,3.9995
10/5/2011,4.0705
10/6/2011,4.167
10/7/2011,4.2415
10/10/2011,4.2977
10/11/2011,4.3325
10/12/2011,4.31
10/13/2011,4.4585
10/14/2011,4.435
10/17/2011,4.5778
10/18/2011,4.4678
10/19/2011,4.4775
10/20/2011,4.4317
10/21/2011,4.4915
10/24/2011,4.5017
10/25/2011,4.512
10/26/2011,4.375
10/27/2011,4.4942
10/28/2011,4.5448
10/31/2011,4.5093
11/1/2011,4.4043
11/2/2011,4.2505
11/3/2011,4.2222
11/4/2011,4.3137
11/7/2011,4.2743
11/8/2011,4.214
11/9/2011,4.2235
11/10/2011,4.0837
11/11/2011,4.1355
11/14/2011,4.212
11/15/2011,4.082
11/16/2011,4.0062
11/17/2011,4.0703
11/18/2011,3.9925
11/21/2011,4.0122
11/22/2011,3.9518
11/23/2011,3.9067
11/24/2011,3.8668
11/25/2011,3.8517
11/28/2011,3.8812
11/29/2011,3.9692
11/30/2011,3.9315
12/1/2011,4.0065
12/2/2011,4.0008
12/5/2011,3.9613
12/6/2011,3.9148
12/7/2011,3.9532
12/8/2011,3.9132
12/9/2011,3.7933
12/12/2011,3.8837
12/13/2011,3.8082
12/14/2011,3.8568
12/15/2011,3.7273
12/16/2011,3.785
12/19/2011,3.7278
12/20/2011,3.7278
12/21/2011,3.7915
12/22/2011,3.7468
12/23/2011,3.7365
12/28/2011,3.7713
12/29/2011,3.7043
12/30/2011,3.6685
1/3/2012,3.8335
1/4/2012,3.7995
1/5/2012,3.7875
1/6/2012,3.7977
1/9/2012,3.7427
1/10/2012,3.7875
1/11/2012,3.7827
1/12/2012,3.7478
1/13/2012,3.8428
1/16/2012,3.668
1/17/2012,3.788
1/18/2012,3.759
1/19/2012,3.744
1/20/2012,3.824
1/23/2012,3.864
1/24/2012,3.8877
1/25/2012,3.9903
1/27/2012,3.814
1/30/2012,3.7435
1/31/2012,3.7178
2/1/2012,3.6765
2/2/2012,3.717
2/3/2012,3.714
2/6/2012,3.836
2/7/2012,3.931
2/8/2012,3.9805
2/9/2012,4.0515
2/10/2012,3.9985
2/13/2012,4.026
2/14/2012,3.9927
2/15/2012,4.0252
2/16/2012,3.9265
2/17/2012,4.049
2/20/2012,4.1235
2/21/2012,4.094
2/22/2012,4.094
2/23/2012,4.039
2/24/2012,4.0935
2/27/2012,4.0335
2/28/2012,3.9753
2/29/2012,3.9715
3/1/2012,4.039
3/2/2012,4.1153
3/5/2012,4.0353
3/6/2012,4.007
3/7/2012,3.959
3/8/2012,3.9485
3/9/2012,4.0115
3/12/2012,3.916
3/13/2012,3.9248
3/14/2012,4.064
3/15/2012,4.256
3/16/2012,4.2335
3/19/2012,4.2635
3/20/2012,4.266
3/21/2012,4.2815
3/22/2012,4.2165
3/23/2012,4.1835
3/26/2012,4.1785
3/27/2012,4.1715
3/28/2012,4.0877
3/29/2012,3.999
3/30/2012,3.9822
4/2/2012,4.1277
4/3/2012,4.0578
4/4/2012,4.0802
4/5/2012,4.0602
4/10/2012,3.8877
4/11/2012,3.8883
4/12/2012,3.9053
4/13/2012,3.8307
4/16/2012,3.8038
4/17/2012,3.8028
4/18/2012,3.8658
4/19/2012,3.8222
4/20/2012,3.8358
4/23/2012,3.7627
4/24/2012,3.6727
4/26/2012,3.7308
4/27/2012,3.6518
4/30/2012,3.6742
5/1/2012,3.5405
5/2/2012,3.6415
5/3/2012,3.5715
5/4/2012,3.5603
5/7/2012,3.4058
5/8/2012,3.4158
5/9/2012,3.3658
5/10/2012,3.3458
5/11/2012,3.2875
5/14/2012,3.283
5/15/2012,3.258
5/16/2012,3.2275
5/17/2012,3.262
5/18/2012,3.0815
5/21/2012,3.1525
5/22/2012,3.213
5/23/2012,3.1635
5/24/2012,3.135
5/25/2012,3.166
5/28/2012,3.1815
5/29/2012,3.137
5/30/2012,3.0605
5/31/2012,2.9213
6/1/2012,2.841
6/4/2012,2.7703
6/5/2012,2.9395
6/6/2012,3.0015
6/7/2012,3.0763
6/8/2012,3.036
6/12/2012,2.9813
6/13/2012,3.0568
6/14/2012,2.9253
6/15/2012,2.989
6/18/2012,3.079
6/19/2012,2.9797
6/20/2012,3.1277
6/21/2012,3.1375
6/22/2012,3.0515
6/25/2012,3.0065
6/26/2012,2.9323
6/27/2012,2.9735
6/28/2012,2.9735
6/29/2012,3.0378
7/2/2012,3.1835
7/3/2012,3.158
7/4/2012,3.203
7/5/2012,3.088
7/6/2012,3.093
7/9/2012,3.001
7/10/2012,2.9935
7/11/2012,2.9932
7/12/2012,2.8832
7/13/2012,2.8893
7/16/2012,2.9142
7/17/2012,2.9288
7/18/2012,2.929
7/19/2012,2.9372
7/20/2012,2.9262
7/23/2012,2.8015
7/24/2012,2.831
7/25/2012,2.796
7/26/2012,2.834
7/27/2012,3.0133
7/30/2012,3.124
7/31/2012,3.1052
8/1/2012,3.119
8/2/2012,3.1518
8/3/2012,3.1155
8/7/2012,3.259
8/8/2012,3.3203
8/9/2012,3.3293
8/10/2012,3.2487
8/13/2012,3.2633
8/14/2012,3.304
8/15/2012,3.3615
8/16/2012,3.4785
8/17/2012,3.464
8/20/2012,3.4505
8/21/2012,3.45
8/22/2012,3.38
8/23/2012,3.29
8/24/2012,3.2385
8/27/2012,3.1985
8/28/2012,3.1935
8/29/2012,3.1897
8/30/2012,3.1215
8/31/2012,3.0915
9/3/2012,3.066
9/4/2012,3.0898
9/5/2012,3.0378
9/6/2012,3.0977
9/7/2012,3.2023
9/10/2012,3.1272
9/11/2012,3.1185
9/12/2012,3.1723
9/13/2012,3.2225
9/14/2012,3.2792
9/17/2012,3.425
9/18/2012,3.326
9/19/2012,3.3485
9/20/2012,3.2322
9/21/2012,3.291
9/24/2012,3.2295
9/25/2012,3.159
9/26/2012,3.0647
9/27/2012,3.0245
9/28/2012,2.9857
10/2/2012,2.9775
10/3/2012,2.9167
10/4/2012,2.9825
10/5/2012,3.044
10/8/2012,3.0773
10/9/2012,3.0698
10/10/2012,3.0825
10/11/2012,3.0315
10/12/2012,3.035
10/15/2012,3.021
10/16/2012,3.0257
10/17/2012,3.12
10/18/2012,3.229
10/19/2012,3.1802
10/22/2012,3.144
10/23/2012,3.1805
10/24/2012,3.208
10/25/2012,3.2538
10/26/2012,3.2397
10/29/2012,3.1905
10/30/2012,3.1355
10/31/2012,3.1255
11/1/2012,3.1198
11/2/2012,3.176
11/5/2012,3.1545
11/6/2012,3.1755
11/7/2012,3.1853
11/8/2012,3.1505
11/9/2012,3.1052
11/12/2012,3.074
11/13/2012,3.055
11/14/2012,3.0555
11/15/2012,3.0175
11/16/2012,3.03
11/19/2012,3.0868
11/20/2012,3.1572
11/21/2012,3.1923
11/22/2012,3.2452
11/23/2012,3.295
11/26/2012,3.2613
11/27/2012,3.2863
11/28/2012,3.21
11/29/2012,3.215
11/30/2012,3.1572
12/3/2012,3.1432
12/4/2012,3.1783
12/5/2012,3.1775
12/6/2012,3.1198
12/7/2012,3.1207
12/10/2012,3.1483
12/11/2012,3.1267
12/12/2012,3.2205
12/13/2012,3.3045
12/14/2012,3.3765
12/17/2012,3.3515
12/18/2012,3.379
12/19/2012,3.389
12/20/2012,3.3555
12/21/2012,3.3265
12/24/2012,3.345
12/27/2012,3.3525
12/28/2012,3.3225
12/31/2012,3.2725
1/2/2013,3.4035
1/3/2013,3.3575
1/4/2013,3.4415
1/7/2013,3.4297
1/8/2013,3.421
1/9/2013,3.3995
1/10/2013,3.4435
1/11/2013,3.4683
1/14/2013,3.4583
1/15/2013,3.4407
1/16/2013,3.3565
1/17/2013,3.2915
1/18/2013,3.413
1/21/2013,3.3615
1/22/2013,3.3623
1/23/2013,3.2935
1/24/2013,3.2765
1/25/2013,3.3165
1/29/2013,3.502
1/30/2013,3.504
1/31/2013,3.448
2/1/2013,3.524
2/4/2013,3.592
2/5/2013,3.493
2/6/2013,3.524
2/7/2013,3.4675
2/8/2013,3.4745
2/11/2013,3.4453
2/12/2013,3.4545
2/13/2013,3.5065
2/14/2013,3.5915
2/15/2013,3.5222
2/18/2013,3.5615
2/19/2013,3.5815
2/20/2013,3.5865
2/21/2013,3.5373
2/22/2013,3.5365
2/25/2013,3.5052
2/26/2013,3.3815
2/27/2013,3.3363
2/28/2013,3.3477
3/1/2013,3.3375
3/4/2013,3.282
3/5/2013,3.3375
3/6/2013,3.4045
3/7/2013,3.4418
3/8/2013,3.547
3/11/2013,3.579
3/12/2013,3.6165
3/13/2013,3.5752
3/14/2013,3.6835
3/15/2013,3.6305
3/18/2013,3.4755
3/19/2013,3.5503
3/20/2013,3.5127
3/21/2013,3.5833
3/22/2013,3.5557
3/25/2013,3.6337
3/26/2013,3.5787
3/27/2013,3.5185
3/28/2013,3.418
4/2/2013,3.3993
4/3/2013,3.4335
4/4/2013,3.402
4/5/2013,3.3128
4/8/2013,3.219
4/9/2013,3.2418
4/10/2013,3.285
4/11/2013,3.3175
4/12/2013,3.3045
4/15/2013,3.249
4/16/2013,3.256
4/17/2013,3.262
4/18/2013,3.194
4/19/2013,3.204
4/22/2013,3.2175
4/23/2013,3.1407
4/24/2013,3.1502
4/26/2013,3.1565
4/29/2013,3.1065
4/30/2013,3.0925
5/1/2013,3.0982
5/2/2013,3.0327
5/3/2013,3.0378
5/6/2013,3.1202
5/7/2013,3.0668
5/8/2013,3.1223
5/9/2013,3.155
5/10/2013,3.2345
5/13/2013,3.2452
5/14/2013,3.2403
5/15/2013,3.272
5/16/2013,3.243
5/17/2013,3.167
5/20/2013,3.2248
5/21/2013,3.259
5/22/2013,3.2673
5/23/2013,3.296
5/24/2013,3.3103
5/27/2013,3.274
5/28/2013,3.3282
5/29/2013,3.4725
5/30/2013,3.397
5/31/2013,3.358
6/3/2013,3.4197
6/4/2013,3.44
6/5/2013,3.3877
6/6/2013,3.34
6/7/2013,3.2552
6/11/2013,3.407
6/12/2013,3.4555
6/13/2013,3.3905
6/14/2013,3.362
6/17/2013,3.394
6/18/2013,3.3937
6/19/2013,3.426
6/20/2013,3.6332
6/21/2013,3.7545
6/24/2013,4.0342
6/25/2013,3.7992
6/26/2013,3.8382
6/27/2013,3.8173
6/28/2013,3.7595
7/1/2013,3.8207
7/2/2013,3.7387
7/3/2013,3.7427
7/4/2013,3.7943
7/5/2013,3.8198
7/8/2013,3.8995
7/9/2013,3.8763
7/10/2013,3.8385
7/11/2013,3.735
7/12/2013,3.743
7/15/2013,3.725
7/16/2013,3.75
7/17/2013,3.7468
7/18/2013,3.6665
7/19/2013,3.6715
7/22/2013,3.6523
7/23/2013,3.6558
7/24/2013,3.6835
7/25/2013,3.7773
7/26/2013,3.7773
7/29/2013,3.7375
7/30/2013,3.7025
7/31/2013,3.7245
8/1/2013,3.6672
8/2/2013,3.7933
8/6/2013,3.7135
8/7/2013,3.6875
8/8/2013,3.671
8/9/2013,3.711
8/12/2013,3.6867
8/13/2013,3.7515
8/14/2013,3.8523
8/15/2013,3.8958
8/16/2013,3.9718
8/19/2013,4.0195
8/20/2013,3.9755
8/21/2013,3.975
8/22/2013,4.0785
8/23/2013,4.0493
8/26/2013,4.0118
8/27/2013,3.9315
8/28/2013,3.9053
8/29/2013,3.9125
8/30/2013,3.8958
9/2/2013,3.9565
9/3/2013,3.993
9/4/2013,4.0212
9/5/2013,4.0715
9/6/2013,4.143
9/9/2013,4.0703
9/10/2013,4.126
9/11/2013,4.168
9/12/2013,4.04
9/13/2013,4.0873
9/16/2013,3.995
9/17/2013,4.0475
9/18/2013,4.0623
9/19/2013,3.8842
9/20/2013,3.941
9/23/2013,3.9678
9/24/2013,3.9035
9/25/2013,3.8782
9/26/2013,3.8812
9/27/2013,3.864
9/30/2013,3.8122
10/1/2013,3.944
10/2/2013,3.9437
10/3/2013,3.942
10/4/2013,4.0332
10/8/2013,4.0767
10/9/2013,4.0858
10/10/2013,4.1588
10/11/2013,4.1287
10/14/2013,4.1163
10/15/2013,4.1995
10/16/2013,4.2372
10/17/2013,4.1315
10/18/2013,4.115
10/21/2013,4.08
10/22/2013,4.105
10/23/2013,3.9862
10/24/2013,3.988
10/25/2013,3.9688
10/28/2013,4.0078
10/29/2013,3.9873
10/30/2013,3.974
10/31/2013,4.0237
11/1/2013,4.0677
11/4/2013,4.1355
11/5/2013,4.1363
11/6/2013,4.2065
11/7/2013,4.1568
11/8/2013,4.1297
11/11/2013,4.2207
11/12/2013,4.2915
11/13/2013,4.263
11/14/2013,4.1962
11/15/2013,4.2013
11/18/2013,4.2063
11/19/2013,4.2207
11/20/2013,4.2682
11/21/2013,4.3352
11/22/2013,4.322
11/25/2013,4.2787
11/26/2013,4.2335
11/27/2013,4.2
11/28/2013,4.2525
11/29/2013,4.2222
12/2/2013,4.285
12/3/2013,4.322
12/4/2013,4.3055
12/5/2013,4.395
12/6/2013,4.4303
12/9/2013,4.3707
12/10/2013,4.3875
12/11/2013,4.347
12/12/2013,4.321
12/13/2013,4.3218
12/16/2013,4.2255
12/17/2013,4.2302
12/18/2013,4.23
12/19/2013,4.2715
12/20/2013,4.2895
12/23/2013,4.266
12/24/2013,4.2385
12/27/2013,4.2755
12/30/2013,4.271
12/31/2013,4.2352
1/2/2014,4.332
1/3/2014,4.3445
1/6/2014,4.3758
1/7/2014,4.3183
1/8/2014,4.3022
1/9/2014,4.321
1/10/2014,4.2673
1/13/2014,4.2295
1/14/2014,4.196
1/15/2014,4.2347
1/16/2014,4.1797
1/17/2014,4.101
1/20/2014,4.083
1/21/2014,4.1097
1/22/2014,4.1873
1/23/2014,4.1722
1/24/2014,4.048
1/28/2014,4.029
1/29/2014,4.116
1/30/2014,4.007
1/31/2014,3.9985
2/3/2014,3.9998
2/4/2014,3.9945
2/5/2014,4.0205
2/6/2014,4.0865
2/7/2014,4.1525
2/10/2014,4.141
2/11/2014,4.1828
2/12/2014,4.2203
2/13/2014,4.1747
2/14/2014,4.1055
2/17/2014,4.161
2/18/2014,4.183
2/19/2014,4.1438
2/20/2014,4.1442
2/21/2014,4.2195
2/24/2014,4.1737
2/25/2014,4.1693
2/26/2014,4.125
2/27/2014,4.062
2/28/2014,4.0195
3/3/2014,3.9808
3/4/2014,4.0045
3/5/2014,4.0617
3/6/2014,4.1
3/7/2014,4.167
3/10/2014,4.207
3/11/2014,4.1813
3/12/2014,4.1727
3/13/2014,4.17
3/14/2014,4.038
3/17/2014,4.046
3/18/2014,4.0827
3/19/2014,4.0645
3/20/2014,4.1283
3/21/2014,4.1565
3/24/2014,4.1655
3/25/2014,4.1185
3/26/2014,4.11
3/27/2014,4.0823
3/28/2014,4.068
3/31/2014,4.083
4/1/2014,4.1302
4/2/2014,4.1695
4/3/2014,4.1832
4/4/2014,4.1535
4/7/2014,4.0823
4/8/2014,4.0852
4/9/2014,4.0703
4/10/2014,4.0535
4/11/2014,4.0188
4/14/2014,3.965
4/15/2014,3.9922
4/16/2014,3.9775
4/17/2014,3.9592
4/22/2014,4.0068
4/23/2014,3.9645
4/24/2014,3.962
4/28/2014,3.9267
4/29/2014,3.9392
4/30/2014,3.9502
5/1/2014,3.938
5/2/2014,3.9058
5/5/2014,3.8705
5/6/2014,3.866
5/7/2014,3.833
5/8/2014,3.8412
5/9/2014,3.8205
5/12/2014,3.8325
5/13/2014,3.8458
5/14/2014,3.8047
5/15/2014,3.7608
5/16/2014,3.715
5/19/2014,3.6818
5/20/2014,3.7095
5/21/2014,3.6565
5/22/2014,3.748
5/23/2014,3.7822
5/26/2014,3.7425
5/27/2014,3.746
5/28/2014,3.7073
5/29/2014,3.6423
5/30/2014,3.6555
6/2/2014,3.671
6/3/2014,3.722
6/4/2014,3.7795
6/5/2014,3.7743
6/6/2014,3.7733
6/10/2014,3.784
6/11/2014,3.8475
6/12/2014,3.8222
6/13/2014,3.7842
6/16/2014,3.7438
6/17/2014,3.6983
6/18/2014,3.7365
6/19/2014,3.6618
6/20/2014,3.6767
6/23/2014,3.6927
6/24/2014,3.6377
6/25/2014,3.5887
6/26/2014,3.5882
6/27/2014,3.5425
6/30/2014,3.5415
7/1/2014,3.5875
7/2/2014,3.5612
7/3/2014,3.5403
7/4/2014,3.587
7/7/2014,3.5903
7/8/2014,3.5733
7/9/2014,3.519
7/10/2014,3.4662
7/11/2014,3.4125
7/14/2014,3.4418
7/15/2014,3.4372
7/16/2014,3.4237
7/17/2014,3.4097
7/18/2014,3.3787
7/21/2014,3.3932
7/22/2014,3.3717
7/23/2014,3.411
7/24/2014,3.4245
7/25/2014,3.4402
7/28/2014,3.4245
7/29/2014,3.47
7/30/2014,3.424
7/31/2014,3.5062
8/1/2014,3.5165
8/5/2014,3.4665
8/6/2014,3.5117
8/7/2014,3.4177
8/8/2014,3.2787
8/11/2014,3.4042
8/12/2014,3.4188
8/13/2014,3.4507
8/14/2014,3.3858
8/15/2014,3.388
8/18/2014,3.3465
8/19/2014,3.405
8/20/2014,3.4258
8/21/2014,3.4783
8/22/2014,3.479
8/25/2014,3.4343
8/26/2014,3.3527
8/27/2014,3.3287
8/28/2014,3.323
8/29/2014,3.293
9/1/2014,3.3235
9/2/2014,3.349
9/3/2014,3.428
9/4/2014,3.428
9/5/2014,3.4637
9/8/2014,3.45
9/9/2014,3.5635
9/10/2014,3.5647
9/11/2014,3.6065
9/12/2014,3.608
9/15/2014,3.6477
9/16/2014,3.617
9/17/2014,3.6415
9/18/2014,3.7025
9/19/2014,3.7267
9/22/2014,3.6532
9/23/2014,3.554
9/24/2014,3.6097
9/25/2014,3.576
9/26/2014,3.4852
9/29/2014,3.4945
9/30/2014,3.4802
10/1/2014,3.4857
10/2/2014,3.4205
10/3/2014,3.456
10/7/2014,3.391
10/8/2014,3.3625
10/9/2014,3.3045
10/10/2014,3.3307
10/13/2014,3.298
10/14/2014,3.3087
10/15/2014,3.3433
10/16/2014,3.1925
10/17/2014,3.225
10/20/2014,3.3075
10/21/2014,3.1925
10/22/2014,3.2625
10/23/2014,3.2582
10/24/2014,3.275
10/27/2014,3.2982
10/28/2014,3.235
10/29/2014,3.2952
10/30/2014,3.3338
10/31/2014,3.2895
11/3/2014,3.27
11/4/2014,3.3217
11/5/2014,3.285
11/6/2014,3.247
11/7/2014,3.354
11/10/2014,3.2815
11/11/2014,3.3265
11/12/2014,3.3407
11/13/2014,3.3477
11/14/2014,3.3405
11/17/2014,3.2617
11/18/2014,3.286
11/19/2014,3.2733
11/20/2014,3.2738
11/21/2014,3.2627
11/24/2014,3.2492
11/25/2014,3.1962
11/26/2014,3.1258
11/27/2014,3.1058
11/28/2014,3.0257
12/1/2014,2.9962
12/2/2014,3.1095
12/3/2014,3.1012
12/4/2014,3.071
12/5/2014,3.0395
12/8/2014,3.085
12/9/2014,3.0295
12/10/2014,2.9278
12/11/2014,2.8568
12/12/2014,2.8918
12/15/2014,2.8837
12/16/2014,2.8577
12/17/2014,2.7778
12/18/2014,2.845
12/19/2014,2.939
12/22/2014,2.8533
12/23/2014,2.8307
12/24/2014,2.875
12/29/2014,2.8463
12/30/2014,2.7568
12/31/2014,2.7395
1/2/2015,2.8698
1/5/2015,2.759
1/6/2015,2.7118
1/7/2015,2.6813
1/8/2015,2.7318
1/9/2015,2.7222
1/12/2015,2.6923
1/13/2015,2.6112
1/14/2015,2.5693
1/15/2015,2.6737
1/16/2015,2.5592
1/19/2015,2.6328
1/20/2015,2.6667
1/21/2015,2.5982
1/22/2015,2.6028
1/23/2015,2.6342
1/27/2015,2.5647
1/28/2015,2.6033
1/29/2015,2.4845
1/30/2015,2.4432
2/2/2015,2.4453
2/3/2015,2.2817
2/4/2015,2.4657
2/5/2015,2.4018
2/6/2015,2.4523
2/9/2015,2.5477
2/10/2015,2.5528
2/11/2015,2.5882
2/12/2015,2.5347
2/13/2015,2.5013
2/16/2015,2.5522
2/17/2015,2.5292
2/18/2015,2.6017
2/19/2015,2.5463
2/20/2015,2.5707
2/23/2015,2.5823
2/24/2015,2.5457
2/25/2015,2.4995
2/26/2015,2.4195
2/27/2015,2.4595
3/2/2015,2.4948
3/3/2015,2.5487
3/4/2015,2.6353
3/5/2015,2.6247
3/6/2015,2.6363
3/9/2015,2.7387
3/10/2015,2.6762
3/11/2015,2.5887
3/12/2015,2.5145
3/13/2015,2.5503
3/16/2015,2.4792
3/17/2015,2.4727
3/18/2015,2.4543
3/19/2015,2.3482
3/20/2015,2.3837
3/23/2015,2.3877
3/24/2015,2.3717
3/25/2015,2.3228
3/26/2015,2.3263
3/27/2015,2.4072
3/30/2015,2.3607
3/31/2015,2.3193
4/1/2015,2.3342
4/2/2015,2.2992
4/7/2015,2.3498
4/8/2015,2.3277
4/9/2015,2.348
4/10/2015,2.3663
4/13/2015,2.3412
4/14/2015,2.3063
4/15/2015,2.2817
4/16/2015,2.3677
4/17/2015,2.3523
4/20/2015,2.3963
4/21/2015,2.3918
4/22/2015,2.4372
4/23/2015,2.5213
4/24/2015,2.5338
4/27/2015,2.5017
4/28/2015,2.5573
4/29/2015,2.5933
4/30/2015,2.6463
5/1/2015,2.68
5/4/2015,2.6895
5/5/2015,2.7933
5/6/2015,2.9242
5/7/2015,2.989
5/8/2015,2.8405
5/11/2015,2.8528
5/12/2015,3.0425
5/13/2015,2.9535
5/14/2015,2.995
5/15/2015,2.8945
5/18/2015,2.8682
5/19/2015,2.9457
5/20/2015,2.9688
5/21/2015,2.9418
5/22/2015,2.9167
5/25/2015,2.9107
5/26/2015,2.9167
5/27/2015,2.8393
5/28/2015,2.7775
5/29/2015,2.7297
6/1/2015,2.7083
6/2/2015,2.741
6/3/2015,2.8918
6/4/2015,3.0415
6/5/2015,3.0392
6/9/2015,2.9648
6/10/2015,3.0482
6/11/2015,3.1488
6/12/2015,3.0162
6/15/2015,3.0087
6/16/2015,3.0082
6/17/2015,2.9915
6/18/2015,2.8495
6/19/2015,2.8825
6/22/2015,2.9515
6/23/2015,3.0642
6/24/2015,3.0482
6/25/2015,3.0592
6/26/2015,3.0568
6/29/2015,2.9537
6/30/2015,3.0103
7/1/2015,3.0115
7/2/2015,3.11
7/3/2015,3.0698
7/6/2015,2.9327
7/7/2015,2.9028
7/8/2015,2.746
7/9/2015,2.8047
7/10/2015,2.9392
7/13/2015,2.9938
7/14/2015,3.0198
7/15/2015,3.0297
7/16/2015,2.9715
7/17/2015,2.9488
7/20/2015,2.9183
7/21/2015,2.9348
7/22/2015,2.8937
7/23/2015,2.8542
7/24/2015,2.8152
7/27/2015,2.7517
7/28/2015,2.7582
7/29/2015,2.7903
7/30/2015,2.8422
7/31/2015,2.7582
8/4/2015,2.7345
8/5/2015,2.8033
8/6/2015,2.8238
8/7/2015,2.8433
8/10/2015,2.7757
8/11/2015,2.7738
8/12/2015,2.6625
8/13/2015,2.738
8/14/2015,2.7817
8/17/2015,2.7797
8/18/2015,2.7383
8/19/2015,2.7397
8/20/2015,2.6665
8/21/2015,2.586
8/24/2015,2.4975
8/25/2015,2.593
8/26/2015,2.6545
8/27/2015,2.706
8/28/2015,2.729
8/31/2015,2.6632
9/1/2015,2.6385
9/2/2015,2.6905
9/3/2015,2.686
9/4/2015,2.627
9/7/2015,2.661
9/8/2015,2.667
9/9/2015,2.737
9/10/2015,2.71
9/11/2015,2.736
9/14/2015,2.693
9/15/2015,2.679
9/16/2015,2.796
9/17/2015,2.865
9/18/2015,2.771
9/21/2015,2.717
9/22/2015,2.75
9/23/2015,2.666
9/24/2015,2.656
9/25/2015,2.692
9/28/2015,2.686
9/29/2015,2.584
9/30/2015,2.605
10/1/2015,2.619
10/2/2015,2.619
10/6/2015,2.603
10/7/2015,2.631
10/8/2015,2.622
10/9/2015,2.708
10/12/2015,2.708
10/13/2015,2.662
10/14/2015,2.591
10/15/2015,2.561
10/16/2015,2.595
10/19/2015,2.597
10/20/2015,2.617
10/21/2015,2.657
10/22/2015,2.627
10/23/2015,2.611
10/26/2015,2.661
10/27/2015,2.632
10/28/2015,2.575
10/29/2015,2.581
10/30/2015,2.611
11/2/2015,2.62
11/3/2015,2.681
11/4/2015,2.731
11/5/2015,2.784
11/6/2015,2.788
11/9/2015,2.903
11/10/2015,2.886
11/11/2015,2.866
11/12/2015,2.949
11/13/2015,2.952
11/16/2015,2.894
11/17/2015,2.914
11/18/2015,2.889
11/19/2015,2.914
11/20/2015,2.901
11/23/2015,2.935
11/24/2015,2.915
11/25/2015,2.874
11/26/2015,2.823
11/27/2015,2.843
11/30/2015,2.859
12/1/2015,2.838
12/2/2015,2.8
12/3/2015,2.842
12/4/2015,2.95
12/7/2015,2.95
12/8/2015,2.835
12/9/2015,2.816
12/10/2015,2.849
12/11/2015,2.851
12/14/2015,2.816
12/15/2015,2.819
12/16/2015,2.864
12/17/2015,2.843
12/18/2015,2.756
12/21/2015,2.751
12/22/2015,2.73
12/23/2015,2.774
12/24/2015,2.766
12/29/2015,2.685
12/30/2015,2.803
12/31/2015,2.88
1/4/2016,2.815
1/5/2016,2.805
1/6/2016,2.763
1/7/2016,2.711
1/8/2016,2.776
1/11/2016,2.751
1/12/2016,2.786
1/13/2016,2.761
1/14/2016,2.681
1/15/2016,2.694
1/18/2016,2.694
1/19/2016,2.714
1/20/2016,2.659
1/21/2016,2.693
1/22/2016,2.733
1/25/2016,2.736
1/27/2016,2.677
1/28/2016,2.689
1/29/2016,2.635
2/1/2016,2.619
2/2/2016,2.62
2/3/2016,2.521
2/4/2016,2.572
2/5/2016,2.548
2/8/2016,2.588
2/9/2016,2.408
2/10/2016,2.406
2/11/2016,2.375
2/12/2016,2.42
2/15/2016,2.516
2/16/2016,2.524
2/17/2016,2.484
2/18/2016,2.536
2/19/2016,2.43
2/22/2016,2.454
2/23/2016,2.419
2/24/2016,2.398
2/25/2016,2.399
2/26/2016,2.384
2/29/2016,2.399
3/1/2016,2.354
3/2/2016,2.46
3/3/2016,2.557
3/4/2016,2.552
3/7/2016,2.582
3/8/2016,2.557
3/9/2016,2.553
3/10/2016,2.589
3/11/2016,2.678
3/14/2016,2.692
3/15/2016,2.669
3/16/2016,2.633
3/17/2016,2.553
3/18/2016,2.55
3/21/2016,2.564
3/22/2016,2.601
3/23/2016,2.649
3/24/2016,2.58
3/29/2016,2.574
3/30/2016,2.496
3/31/2016,2.489
4/1/2016,2.527
4/4/2016,2.465
4/5/2016,2.451
4/6/2016,2.435
4/7/2016,2.452
4/8/2016,2.404
4/11/2016,2.409
4/12/2016,2.465
4/13/2016,2.518
4/14/2016,2.521
4/15/2016,2.557
4/18/2016,2.493
4/19/2016,2.557
4/20/2016,2.526
4/21/2016,2.592
4/22/2016,2.633
4/26/2016,2.652
4/27/2016,2.612
4/28/2016,2.516
4/29/2016,2.517
5/2/2016,2.521
5/3/2016,2.465
5/4/2016,2.429
5/5/2016,2.391
5/6/2016,2.29
5/9/2016,2.321
5/10/2016,2.302
5/11/2016,2.302
5/12/2016,2.295
5/13/2016,2.274
5/16/2016,2.229
5/17/2016,2.3
5/18/2016,2.29
5/19/2016,2.349
5/20/2016,2.303
5/23/2016,2.288
5/24/2016,2.278
5/25/2016,2.309
5/26/2016,2.277
5/27/2016,2.257
5/30/2016,2.277
5/31/2016,2.303
6/1/2016,2.292
6/2/2016,2.267
6/3/2016,2.232
6/6/2016,2.157
6/7/2016,2.194
6/8/2016,2.153
6/9/2016,2.093
6/10/2016,2.102
6/14/2016,2.053
6/15/2016,2.07
6/16/2016,2.007
6/17/2016,2.079
6/20/2016,2.139
6/21/2016,2.159
6/22/2016,2.222
6/23/2016,2.25
6/24/2016,2.008
6/27/2016,2.057
6/28/2016,1.989
6/29/2016,2.004
6/30/2016,1.981
7/1/2016,1.954
7/4/2016,2.007
7/5/2016,1.943
7/6/2016,1.864
7/7/2016,1.867
7/8/2016,1.883
7/11/2016,1.902
7/12/2016,1.944
7/13/2016,1.976
7/14/2016,1.958
7/15/2016,1.972
7/18/2016,1.99
7/19/2016,1.92
7/20/2016,1.92
7/21/2016,1.925
7/22/2016,1.906
7/25/2016,1.913
7/26/2016,1.921
7/27/2016,1.953
7/28/2016,1.866
7/29/2016,1.874
8/2/2016,1.819
8/3/2016,1.929
8/4/2016,1.945
8/5/2016,1.87
8/8/2016,1.954
8/9/2016,1.938
8/10/2016,1.869
8/11/2016,1.852
8/12/2016,1.907
8/15/2016,1.873
8/16/2016,1.877
8/17/2016,1.907
8/18/2016,1.87
8/19/2016,1.86
8/22/2016,1.905
8/23/2016,1.848
8/24/2016,1.842
8/25/2016,1.854
8/26/2016,1.854
8/29/2016,1.879
8/30/2016,1.838
8/31/2016,1.824
9/1/2016,1.843
9/2/2016,1.853
9/5/2016,1.892
9/6/2016,1.902
9/7/2016,1.829
9/8/2016,1.862
9/9/2016,1.964
9/12/2016,2.048
9/13/2016,2.065
9/14/2016,2.093
9/15/2016,2.107
9/16/2016,2.107
9/19/2016,2.117
9/20/2016,2.115
9/21/2016,2.128
9/22/2016,2.034
9/23/2016,1.998
9/26/2016,1.97
9/27/2016,1.97
9/28/2016,1.946
9/29/2016,1.971
9/30/2016,1.908
10/4/2016,2.069
10/5/2016,2.125
10/6/2016,2.165
10/7/2016,2.172
10/10/2016,2.186
10/11/2016,2.249
10/12/2016,2.303
10/13/2016,2.245
10/14/2016,2.263
10/17/2016,2.308
10/18/2016,2.333
10/19/2016,2.297
10/20/2016,2.287
10/21/2016,2.287
10/24/2016,2.24
10/25/2016,2.276
10/26/2016,2.265
10/27/2016,2.331
10/28/2016,2.377
10/31/2016,2.346
11/1/2016,2.383
11/2/2016,2.344
11/3/2016,2.3
11/4/2016,2.329
11/7/2016,2.349
11/8/2016,2.353
11/9/2016,2.223
11/10/2016,2.5
11/11/2016,2.566
11/14/2016,2.657
11/15/2016,2.658
11/16/2016,2.641
11/17/2016,2.568
11/18/2016,2.719
11/21/2016,2.687
11/22/2016,2.672
11/23/2016,2.705
11/24/2016,2.752
11/25/2016,2.761
11/28/2016,2.697
11/29/2016,2.704
11/30/2016,2.723
12/1/2016,2.783
12/2/2016,2.863
12/5/2016,2.793
12/6/2016,2.822
12/7/2016,2.797
12/8/2016,2.732
12/9/2016,2.815
12/12/2016,2.855
12/13/2016,2.82
12/14/2016,2.79
12/15/2016,2.869
12/16/2016,2.831
12/19/2016,2.861
12/20/2016,2.846
12/21/2016,2.822
12/22/2016,2.832
12/23/2016,2.872
12/28/2016,2.853
12/29/2016,2.778
12/30/2016,2.765
1/3/2017,2.748
1/4/2017,2.792
1/5/2017,2.742
1/6/2017,2.681
1/9/2017,2.763
1/10/2017,2.714
1/11/2017,2.73
1/12/2017,2.667
1/13/2017,2.692
1/16/2017,2.697
1/17/2017,2.698
1/18/2017,2.682
1/19/2017,2.759
1/20/2017,2.783
1/23/2017,2.758
1/24/2017,2.695
1/25/2017,2.73
1/27/2017,2.779
1/30/2017,2.724
1/31/2017,2.713
2/1/2017,2.737
2/2/2017,2.77
2/3/2017,2.795
2/6/2017,2.764
2/7/2017,2.696
2/8/2017,2.695
2/9/2017,2.643
2/10/2017,2.696
2/13/2017,2.706
2/14/2017,2.737
2/15/2017,2.788
2/16/2017,2.8
2/17/2017,2.803
2/20/2017,2.79
2/21/2017,2.8
2/22/2017,2.834
2/23/2017,2.785
2/24/2017,2.73
2/27/2017,2.711
2/28/2017,2.722
3/1/2017,2.802
3/2/2017,2.786
3/3/2017,2.807
3/6/2017,2.804
3/7/2017,2.822
3/8/2017,2.863
3/9/2017,2.929
3/10/2017,2.977
3/13/2017,2.936
3/14/2017,2.922
3/15/2017,2.917
3/16/2017,2.816
3/17/2017,2.861
3/20/2017,2.823
3/21/2017,2.808
3/22/2017,2.755
3/23/2017,2.755
3/24/2017,2.75
3/27/2017,2.708
3/28/2017,2.699
3/29/2017,2.722
3/30/2017,2.69
3/31/2017,2.701
4/3/2017,2.675
4/4/2017,2.605
4/5/2017,2.605
4/6/2017,2.581
4/7/2017,2.551
4/10/2017,2.573
4/11/2017,2.531
4/12/2017,2.504
4/13/2017,2.474
4/18/2017,2.488
4/19/2017,2.456
4/20/2017,2.503
4/21/2017,2.538
4/24/2017,2.595
4/26/2017,2.629
4/27/2017,2.613
4/28/2017,2.575
5/1/2017,2.575
5/2/2017,2.601
5/3/2017,2.59
5/4/2017,2.641
5/5/2017,2.648
5/8/2017,2.673
5/9/2017,2.682
5/10/2017,2.656
5/11/2017,2.652
5/12/2017,2.635
5/15/2017,2.586
5/16/2017,2.581
5/17/2017,2.529
5/18/2017,2.5
5/19/2017,2.475
5/22/2017,2.488
5/23/2017,2.444
5/24/2017,2.484
5/25/2017,2.44
5/26/2017,2.41
5/29/2017,2.415
5/30/2017,2.391
5/31/2017,2.387
6/1/2017,2.396
6/2/2017,2.412
6/5/2017,2.392
6/6/2017,2.373
6/7/2017,2.383
6/8/2017,2.404
6/9/2017,2.401
6/13/2017,2.398
6/14/2017,2.403
6/15/2017,2.358
6/16/2017,2.407
6/19/2017,2.406
6/20/2017,2.418
6/21/2017,2.392
6/22/2017,2.376
6/23/2017,2.371
6/26/2017,2.374
6/27/2017,2.354
6/28/2017,2.457
6/29/2017,2.504
6/30/2017,2.598
7/3/2017,2.668
7/4/2017,2.622
7/5/2017,2.63
7/6/2017,2.64
7/7/2017,2.73
7/10/2017,2.739
7/11/2017,2.749
7/12/2017,2.72
7/13/2017,2.687
7/14/2017,2.718
7/17/2017,2.731
7/18/2017,2.744
7/19/2017,2.723
7/20/2017,2.737
7/21/2017,2.698
7/24/2017,2.678
7/25/2017,2.69
7/26/2017,2.73
7/27/2017,2.689
7/28/2017,2.684
7/31/2017,2.678
8/1/2017,2.714
8/2/2017,2.704
8/3/2017,2.665
8/4/2017,2.62
8/8/2017,2.627
8/9/2017,2.642
8/10/2017,2.657
8/11/2017,2.588
8/14/2017,2.618
8/15/2017,2.648
8/16/2017,2.663
8/17/2017,2.643
8/18/2017,2.619
8/21/2017,2.638
8/22/2017,2.645
8/23/2017,2.673
8/24/2017,2.634
8/25/2017,2.645
8/28/2017,2.664
8/29/2017,2.625
8/30/2017,2.679
8/31/2017,2.714
9/1/2017,2.66
9/4/2017,2.624
9/5/2017,2.675
9/6/2017,2.6
9/7/2017,2.639
9/8/2017,2.579
9/11/2017,2.604
9/12/2017,2.64
9/13/2017,2.67
9/14/2017,2.725
9/15/2017,2.742
9/18/2017,2.799
9/19/2017,2.814
9/20/2017,2.829
9/21/2017,2.829
9/22/2017,2.794
9/25/2017,2.8
9/26/2017,2.771
9/27/2017,2.788
9/28/2017,2.861
9/29/2017,2.839
10/3/2017,2.841
10/4/2017,2.807
10/5/2017,2.782
10/6/2017,2.815
10/9/2017,2.821
10/10/2017,2.831
10/11/2017,2.817
10/12/2017,2.802
10/13/2017,2.792
10/16/2017,2.748
10/17/2017,2.763
10/18/2017,2.724
10/19/2017,2.763
10/20/2017,2.779
10/23/2017,2.797
10/24/2017,2.773
10/25/2017,2.759
10/26/2017,2.753
10/27/2017,2.774
10/30/2017,2.73
10/31/2017,2.669
11/1/2017,2.704
11/2/2017,2.654
11/3/2017,2.572
11/6/2017,2.569
11/7/2017,2.582
11/8/2017,2.573
11/9/2017,2.597
11/10/2017,2.612
11/13/2017,2.623
11/14/2017,2.657
11/15/2017,2.589
11/16/2017,2.582
11/17/2017,2.573
11/20/2017,2.543
11/21/2017,2.548
11/22/2017,2.524
11/23/2017,2.508
11/24/2017,2.504
11/27/2017,2.524
11/28/2017,2.494
11/29/2017,2.47
11/30/2017,2.499
12/1/2017,2.534
12/4/2017,2.544
12/5/2017,2.599
12/6/2017,2.508
12/7/2017,2.513
12/8/2017,2.529
12/11/2017,2.558
12/12/2017,2.519
12/13/2017,2.523
12/14/2017,2.555
12/15/2017,2.523
12/18/2017,2.531
12/19/2017,2.575
12/20/2017,2.633
12/21/2017,2.665
12/22/2017,2.711
12/27/2017,2.691
12/28/2017,2.667
12/29/2017,2.63
1/2/2018,2.69
1/3/2018,2.718
1/4/2018,2.68
1/5/2018,2.638
1/8/2018,2.651
1/9/2018,2.673
1/10/2018,2.719
1/11/2018,2.734
1/12/2018,2.753
1/15/2018,2.771
1/16/2018,2.774
1/17/2018,2.789
1/18/2018,2.812
1/19/2018,2.866
1/22/2018,2.862
1/23/2018,2.831
1/24/2018,2.826
1/25/2018,2.846
1/29/2018,2.852
1/30/2018,2.861
1/31/2018,2.813
2/1/2018,2.803
2/2/2018,2.83
2/5/2018,2.936
2/6/2018,2.822
2/7/2018,2.843
2/8/2018,2.889
2/9/2018,2.862
2/12/2018,2.912
2/13/2018,2.876
2/14/2018,2.851
2/15/2018,2.921
2/16/2018,2.924
2/19/2018,2.887
2/20/2018,2.901
2/21/2018,2.862
2/22/2018,2.873
2/23/2018,2.848
2/26/2018,2.777
2/27/2018,2.757
2/28/2018,2.808
3/1/2018,2.752
3/2/2018,2.734
3/5/2018,2.744
3/6/2018,2.822
3/7/2018,2.794
3/8/2018,2.804
3/9/2018,2.783
3/12/2018,2.818
3/13/2018,2.804
3/14/2018,2.738
3/15/2018,2.705
3/16/2018,2.692
3/19/2018,2.704
3/20/2018,2.7
3/21/2018,2.698
3/22/2018,2.7
3/23/2018,2.651
3/26/2018,2.662
3/27/2018,2.654
3/28/2018,2.589
3/29/2018,2.601
4/3/2018,2.606
4/4/2018,2.632
4/5/2018,2.665
4/6/2018,2.656
4/9/2018,2.673
4/10/2018,2.704
4/11/2018,2.678
4/12/2018,2.663
4/13/2018,2.736
4/16/2018,2.745
4/17/2018,2.763
4/18/2018,2.748
4/19/2018,2.783
4/20/2018,2.807
4/23/2018,2.865
4/24/2018,2.838
4/26/2018,2.862
4/27/2018,2.823
4/30/2018,2.769
5/1/2018,2.756
5/2/2018,2.795
5/3/2018,2.81
5/4/2018,2.77
5/7/2018,2.755
5/8/2018,2.739
5/9/2018,2.78
5/10/2018,2.774
5/11/2018,2.78
5/14/2018,2.771
5/15/2018,2.829
5/16/2018,2.882
5/17/2018,2.922
5/18/2018,2.902
5/21/2018,2.888
5/22/2018,2.864
5/23/2018,2.839
5/24/2018,2.805
5/25/2018,2.786
5/28/2018,2.753
5/29/2018,2.685
5/30/2018,2.646
5/31/2018,2.67
6/1/2018,2.702
6/4/2018,2.731
6/5/2018,2.725
6/6/2018,2.761
6/7/2018,2.842
6/8/2018,2.775
6/12/2018,2.802
6/13/2018,2.776
6/14/2018,2.722
6/15/2018,2.693
6/18/2018,2.672
6/19/2018,2.621
6/20/2018,2.654
6/21/2018,2.673
6/22/2018,2.649
6/25/2018,2.629
6/26/2018,2.641
6/27/2018,2.626
6/28/2018,2.616
6/29/2018,2.631
7/2/2018,2.595
7/3/2018,2.615
7/4/2018,2.584
7/5/2018,2.594
7/6/2018,2.624
7/9/2018,2.611
7/10/2018,2.633
7/11/2018,2.609
7/12/2018,2.629
7/13/2018,2.629
7/16/2018,2.635
7/17/2018,2.657
7/18/2018,2.635
7/19/2018,2.657
7/20/2018,2.616
7/23/2018,2.67
7/24/2018,2.719
7/25/2018,2.679
7/26/2018,2.684
7/27/2018,2.644
7/30/2018,2.649
7/31/2018,2.647
8/1/2018,2.688
8/2/2018,2.729
8/3/2018,2.725
8/7/2018,2.656
8/8/2018,2.677
8/9/2018,2.653
8/10/2018,2.589
8/13/2018,2.58
8/14/2018,2.588
8/15/2018,2.579
8/16/2018,2.556
8/17/2018,2.545
8/20/2018,2.524
8/21/2018,2.535
8/22/2018,2.54
8/23/2018,2.531
8/24/2018,2.535
8/27/2018,2.539
8/28/2018,2.56
8/29/2018,2.548
8/30/2018,2.569
8/31/2018,2.519
9/3/2018,2.519
9/4/2018,2.524
9/5/2018,2.55
9/6/2018,2.565
9/7/2018,2.548
9/10/2018,2.577
9/11/2018,2.581
9/12/2018,2.586
9/13/2018,2.604
9/14/2018,2.602
9/17/2018,2.624
9/18/2018,2.661
9/19/2018,2.712
9/20/2018,2.715
9/21/2018,2.701
9/24/2018,2.704
9/25/2018,2.749
9/26/2018,2.733
9/27/2018,2.688
9/28/2018,2.668
10/2/2018,2.669
10/3/2018,2.639
10/4/2018,2.708
10/5/2018,2.714
10/8/2018,2.768
10/9/2018,2.768
10/10/2018,2.748
10/11/2018,2.731
10/12/2018,2.75
10/15/2018,2.692
10/16/2018,2.712
10/17/2018,2.702
10/18/2018,2.726
10/19/2018,2.682
10/22/2018,2.703
10/23/2018,2.678
10/24/2018,2.66
10/25/2018,2.611
10/26/2018,2.596
10/29/2018,2.568
10/30/2018,2.5818
10/31/2018,2.6273
11/1/2018,2.6463
11/2/2018,2.6945
11/5/2018,2.7415
11/6/2018,2.727
11/7/2018,2.7268
11/8/2018,2.7567
11/9/2018,2.7583
11/12/2018,2.7398
11/13/2018,2.73
11/14/2018,2.7
11/15/2018,2.715
11/16/2018,2.6775
11/19/2018,2.662
11/20/2018,2.6925
11/21/2018,2.6885
11/22/2018,2.6635
11/23/2018,2.6498
11/26/2018,2.634
11/27/2018,2.634
11/28/2018,2.6195
11/29/2018,2.6005
11/30/2018,2.5915
12/3/2018,2.6145
12/4/2018,2.5308
12/5/2018,2.5013
12/6/2018,2.4505
12/7/2018,2.4453
12/10/2018,2.4405
12/11/2018,2.4547
12/12/2018,2.4465
12/13/2018,2.4663
12/14/2018,2.4618
12/17/2018,2.4438
12/18/2018,2.419
12/19/2018,2.385
12/20/2018,2.3415
12/21/2018,2.3868
12/24/2018,2.3633
12/27/2018,2.378
12/28/2018,2.362
12/31/2018,2.3183
1/2/2019,2.2888
1/3/2019,2.1753
1/4/2019,2.2345
1/7/2019,2.2705
1/8/2019,2.302
1/9/2019,2.327
1/10/2019,2.3173
1/11/2019,2.3072
1/14/2019,2.2725
1/15/2019,2.2875
1/16/2019,2.2735
1/17/2019,2.2813
1/18/2019,2.315
1/21/2019,2.311
1/22/2019,2.3005
1/23/2019,2.28
1/24/2019,2.2718
1/25/2019,2.211
1/29/2019,2.2315
1/30/2019,2.2415
1/31/2019,2.2425
2/1/2019,2.206
2/4/2019,2.2308
2/5/2019,2.246
2/6/2019,2.183
2/7/2019,2.1493
2/8/2019,2.1037
2/11/2019,2.0637
2/12/2019,2.1163
2/13/2019,2.1502
2/14/2019,2.1458
2/15/2019,2.0998
2/18/2019,2.1395
2/19/2019,2.135
2/20/2019,2.1
2/21/2019,2.055
2/22/2019,2.0963
2/25/2019,2.0858
2/26/2019,2.0915
2/27/2019,2.0725
2/28/2019,2.103
3/1/2019,2.152
3/4/2019,2.191
3/5/2019,2.1555
3/6/2019,2.0953
3/7/2019,2.0853
3/8/2019,2.03
3/11/2019,2.0308
3/12/2019,2.033
3/13/2019,1.9625
3/14/2019,1.9725
3/15/2019,1.979
3/18/2019,1.9835
3/19/2019,1.933
3/20/2019,1.9368
3/21/2019,1.879
3/22/2019,1.8338
3/25/2019,1.78
3/26/2019,1.8248
3/27/2019,1.774
3/28/2019,1.7255
3/29/2019,1.7748
4/1/2019,1.8018
4/2/2019,1.8105
4/3/2019,1.8393
4/4/2019,1.893
4/5/2019,1.905
4/8/2019,1.8735
4/9/2019,1.8975
4/10/2019,1.8723
4/11/2019,1.857
4/12/2019,1.8825
4/15/2019,1.9503
4/16/2019,1.9305
4/17/2019,1.9555
4/18/2019,1.9498
4/23/2019,1.8948
4/24/2019,1.788
4/26/2019,1.778
4/29/2019,1.7908
4/30/2019,1.787
5/1/2019,1.7808
5/2/2019,1.786
5/3/2019,1.79
5/6/2019,1.7365
5/7/2019,1.7823
5/8/2019,1.7335
5/9/2019,1.7118
5/10/2019,1.729
5/13/2019,1.723
5/14/2019,1.6993
5/15/2019,1.6923
5/16/2019,1.6398
5/17/2019,1.6398
5/20/2019,1.6743
5/21/2019,1.634
5/22/2019,1.6345
5/23/2019,1.5803
5/24/2019,1.5193
5/27/2019,1.5498
5/28/2019,1.534
5/29/2019,1.483
5/30/2019,1.5325
5/31/2019,1.4577
6/3/2019,1.5078
6/4/2019,1.501
6/5/2019,1.4815
6/6/2019,1.4678
6/7/2019,1.4718
6/11/2019,1.4528
6/12/2019,1.426
6/13/2019,1.4032
6/14/2019,1.3703
6/17/2019,1.3875
6/18/2019,1.3693
6/19/2019,1.3395
6/20/2019,1.2945
6/21/2019,1.2803
6/24/2019,1.2965
6/25/2019,1.2828
6/26/2019,1.2785
6/27/2019,1.3475
6/28/2019,1.322
7/1/2019,1.356
7/2/2019,1.3335
7/3/2019,1.2785
7/4/2019,1.292
7/5/2019,1.2818
7/8/2019,1.3203
7/9/2019,1.3178
7/10/2019,1.3533
7/11/2019,1.3333
7/12/2019,1.4375
7/15/2019,1.4533
7/16/2019,1.403
7/17/2019,1.393
7/18/2019,1.3483
7/19/2019,1.3527
7/22/2019,1.3315
7/23/2019,1.3167
7/24/2019,1.2965
7/25/2019,1.228
7/26/2019,1.2285
7/29/2019,1.2088
7/30/2019,1.204
7/31/2019,1.1848
8/1/2019,1.2093
8/2/2019,1.085
8/6/2019,1.0405
8/7/2019,0.9583
8/8/2019,0.9773
8/9/2019,0.9578
8/12/2019,0.9575
8/13/2019,0.9325
8/14/2019,0.942
8/15/2019,0.888
8/16/2019,0.8835
8/19/2019,0.9138
8/20/2019,0.9418
8/21/2019,0.9315
8/22/2019,0.9108
8/23/2019,0.973
8/26/2019,0.8858
8/27/2019,0.906
8/28/2019,0.8855
8/29/2019,0.876
8/30/2019,0.885
9/2/2019,0.92
9/3/2019,0.9388
9/4/2019,0.9308
9/5/2019,0.9713
9/6/2019,1.089
9/9/2019,1.03
9/10/2019,1.0775
9/11/2019,1.141
9/12/2019,1.1538
9/13/2019,1.1568
9/16/2019,1.19
9/17/2019,1.1325
9/18/2019,1.1372
9/19/2019,1.0598
9/20/2019,1.02
9/23/2019,1.0003
9/24/2019,0.9623
9/25/2019,0.9413
9/26/2019,0.9503
9/27/2019,0.9455
9/30/2019,1.0178
10/1/2019,0.9728
10/2/2019,0.9638
10/3/2019,0.9193
10/4/2019,0.8903
10/8/2019,0.8938
10/9/2019,0.8818
10/10/2019,0.8948
10/11/2019,1.015
10/14/2019,1.0427
10/15/2019,1.0138
10/16/2019,1.0488
10/17/2019,1.1005
10/18/2019,1.1023
10/21/2019,1.1477
10/22/2019,1.1677
10/23/2019,1.1033
10/24/2019,1.0833
10/25/2019,1.0583
10/28/2019,1.0953
10/29/2019,1.1823
10/30/2019,1.1372
10/31/2019,1.1388
11/1/2019,1.097
11/4/2019,1.1768
11/5/2019,1.201
11/6/2019,1.2713
11/7/2019,1.211
11/8/2019,1.2913
11/11/2019,1.2965
11/12/2019,1.283
11/13/2019,1.2715
11/14/2019,1.1768
11/15/2019,1.1615
11/18/2019,1.1665
11/19/2019,1.1292
11/20/2019,1.0728
11/21/2019,1.0738
11/22/2019,1.0987
11/25/2019,1.0918
11/26/2019,1.0773
11/27/2019,1.0183
11/28/2019,0.9993
11/29/2019,1.0343
12/2/2019,1.0945
12/3/2019,1.1948
12/4/2019,1.0613
12/5/2019,1.0923
12/6/2019,1.127
12/9/2019,1.151
12/10/2019,1.106
12/11/2019,1.1543
12/12/2019,1.1313
12/13/2019,1.256
12/16/2019,1.1558
12/17/2019,1.1568
12/18/2019,1.2058
12/19/2019,1.2685
12/20/2019,1.286
12/23/2019,1.297
12/24/2019,1.311
12/27/2019,1.3068
12/30/2019,1.307
12/31/2019,1.3705
1/2/2020,1.343
1/3/2020,1.2523
1/6/2020,1.2018
1/7/2020,1.216
1/8/2020,1.183
1/9/2020,1.2357
1/10/2020,1.2542
1/13/2020,1.2128
1/14/2020,1.2553
1/15/2020,1.2105
1/16/2020,1.1828
1/17/2020,1.177
1/20/2020,1.1723
1/21/2020,1.1578
1/22/2020,1.1147
1/23/2020,1.1038
1/24/2020,1.0867
1/28/2020,0.952
1/29/2020,1.0118
1/30/2020,0.9633
1/31/2020,0.9523
2/3/2020,0.9253
2/4/2020,0.9233
2/5/2020,1.0318
2/6/2020,1.092
2/7/2020,1.0423
2/10/2020,1.0075
2/11/2020,1.0173
2/12/2020,1.062
2/13/2020,1.042
2/14/2020,1.0468
2/17/2020,1.0515
2/18/2020,1.033
2/19/2020,1.037
2/20/2020,1.0025
2/21/2020,0.938
2/24/2020,0.9183
2/25/2020,0.9275
2/26/2020,0.9175
2/27/2020,0.8533
2/28/2020,0.8182
3/2/2020,0.804
3/3/2020,0.7923
3/4/2020,0.7188
3/5/2020,0.7797
3/6/2020,0.6755
3/9/2020,0.611
3/10/2020,0.793
3/11/2020,0.6785
3/12/2020,0.7685
3/13/2020,0.9783
3/16/2020,0.9105
3/17/2020,1.0343
3/18/2020,1.2145
3/19/2020,1.4897
3/20/2020,1.1423
3/23/2020,0.9145
3/24/2020,0.8958
3/25/2020,0.9783
3/26/2020,0.9273
3/27/2020,0.9248
3/30/2020,0.7835
3/31/2020,0.7625
4/1/2020,0.678
4/2/2020,0.768
4/3/2020,0.7625
4/6/2020,0.776
4/7/2020,0.9198
4/8/2020,0.9183
4/9/2020,0.9088
4/14/2020,0.9258
4/15/2020,0.9148
4/16/2020,0.8465
4/17/2020,0.8578
4/20/2020,0.8365
4/21/2020,0.8578
4/22/2020,0.8413
4/23/2020,0.8775
4/24/2020,0.88
4/27/2020,0.9125
4/28/2020,0.9268
4/29/2020,0.9195
4/30/2020,0.8913
5/1/2020,0.8715
5/4/2020,0.8318
5/5/2020,0.868
5/6/2020,0.9175
5/7/2020,0.9298
5/8/2020,0.894
5/11/2020,0.9633
5/12/2020,0.9565
5/13/2020,0.959
5/14/2020,0.899
5/15/2020,0.9108
5/18/2020,0.9125
5/19/2020,0.9793
5/20/2020,0.949
5/21/2020,0.9145
5/22/2020,0.867
5/25/2020,0.8595
5/26/2020,0.8853
5/27/2020,0.8803
5/28/2020,0.8798
5/29/2020,0.8845
6/1/2020,0.8953
6/2/2020,0.9058
6/3/2020,0.968
6/4/2020,1.0213
6/5/2020,1.0928
6/9/2020,1.0485
6/10/2020,1.0187
6/11/2020,0.9213
6/12/2020,0.9088
6/15/2020,0.8593
6/16/2020,0.9158
6/17/2020,0.9163
6/18/2020,0.8813
6/19/2020,0.8623
6/22/2020,0.867
6/23/2020,0.9018
6/24/2020,0.9225
6/25/2020,0.8825
6/26/2020,0.8653
6/29/2020,0.882
6/30/2020,0.8703
7/1/2020,0.9353
7/2/2020,0.924
7/3/2020,0.9043
7/6/2020,0.9245
7/7/2020,0.8845
7/8/2020,0.8703
7/9/2020,0.8975
7/10/2020,0.858
7/13/2020,0.9008
7/14/2020,0.9105
7/15/2020,0.8715
7/16/2020,0.8825
7/17/2020,0.8683
7/20/2020,0.888
7/21/2020,0.8635
7/22/2020,0.888
7/23/2020,0.862
7/24/2020,0.866
7/27/2020,0.8858
7/28/2020,0.9185
7/29/2020,0.8753
7/30/2020,0.8548
7/31/2020,0.815
8/4/2020,0.831
8/5/2020,0.8205
8/6/2020,0.8535
8/7/2020,0.828
8/10/2020,0.8638
8/11/2020,0.8678
8/12/2020,0.918
8/13/2020,0.8883
8/14/2020,0.9335
8/17/2020,0.8988
8/18/2020,0.8693
8/19/2020,0.8653
8/20/2020,0.8543
8/21/2020,0.879
8/24/2020,0.8555
8/25/2020,0.8855
8/26/2020,0.95
8/27/2020,0.9155
8/28/2020,1.02
8/31/2020,0.982
9/1/2020,0.97
9/2/2020,0.9325
9/3/2020,0.9085
9/4/2020,0.89
9/7/2020,0.9675
9/8/2020,0.972
9/9/2020,0.892
9/10/2020,0.9325
9/11/2020,0.9115
9/14/2020,0.869
9/15/2020,0.8655
9/16/2020,0.868
9/17/2020,0.8453
9/18/2020,0.8873
9/21/2020,0.8528
9/22/2020,0.8293
9/23/2020,0.804
9/24/2020,0.8035
9/25/2020,0.7975
9/28/2020,0.7725
9/29/2020,0.778
9/30/2020,0.7873
10/1/2020,0.896
10/2/2020,0.8325
10/6/2020,0.8843
10/7/2020,0.8395
10/8/2020,0.866
10/9/2020,0.85
10/12/2020,0.8465
10/13/2020,0.848
10/14/2020,0.8378
10/15/2020,0.766
10/16/2020,0.722
10/19/2020,0.752
10/20/2020,0.758
10/21/2020,0.8
10/22/2020,0.811
10/23/2020,0.856
10/26/2020,0.806
10/27/2020,0.8018
10/28/2020,0.783
10/29/2020,0.8155
10/30/2020,0.8278
11/2/2020,0.8233
11/3/2020,0.7715
11/4/2020,0.7917
11/5/2020,0.741
11/6/2020,0.753
11/9/2020,0.769
11/10/2020,0.9203
11/11/2020,0.9945
11/12/2020,0.9138
11/13/2020,0.8805
11/16/2020,0.8915
11/17/2020,0.9558
11/18/2020,0.8863
11/19/2020,0.8865
11/20/2020,0.8618
11/23/2020,0.8463
11/24/2020,0.8915
11/25/2020,0.9325
11/26/2020,0.912
11/27/2020,0.9008
11/30/2020,0.8963
12/1/2020,0.917
12/2/2020,0.982
12/3/2020,1.0155
12/4/2020,0.993
12/7/2020,1.036
12/8/2020,1.023
12/9/2020,1.0248
12/10/2020,0.9865
12/11/2020,0.9855
12/14/2020,0.964
12/15/2020,0.9628
12/16/2020,0.9613
12/17/2020,0.9873
12/18/2020,0.9863
12/21/2020,0.9603
12/22/2020,0.9503
12/23/2020,0.928
12/24/2020,0.9945
12/29/2020,0.964
12/30/2020,0.9803
12/31/2020,0.97
1/4/2021,1.0168
1/5/2021,0.981
1/6/2021,1.0655
1/7/2021,1.0845
1/8/2021,1.125
1/11/2021,1.1055
1/12/2021,1.148
1/13/2021,1.106
1/14/2021,1.0965
1/15/2021,1.0833
1/18/2021,1.0678
1/19/2021,1.0947
1/20/2021,1.0848
1/21/2021,1.0655
1/22/2021,1.1273
1/25/2021,1.112
1/27/2021,1.0932
1/28/2021,1.0795
1/29/2021,1.1325
2/1/2021,1.1488
2/2/2021,1.1538
2/3/2021,1.1743
2/4/2021,1.2288
2/5/2021,1.1945
2/8/2021,1.2695
2/9/2021,1.2302
2/10/2021,1.222
2/11/2021,1.1865
2/12/2021,1.221
2/15/2021,1.3218
2/16/2021,1.3215
2/17/2021,1.4017
2/18/2021,1.367
2/19/2021,1.4328
2/22/2021,1.6023
2/23/2021,1.5618
2/24/2021,1.6115
2/25/2021,1.733
2/26/2021,1.9173
3/1/2021,1.67
3/2/2021,1.722
3/3/2021,1.676
3/4/2021,1.7733
3/5/2021,1.8338
3/8/2021,1.7715
3/9/2021,1.779
3/10/2021,1.7093
3/11/2021,1.6528
3/12/2021,1.7038
3/15/2021,1.7898
3/16/2021,1.6925
3/17/2021,1.7195
3/18/2021,1.7843
3/19/2021,1.8043
3/22/2021,1.7613
3/23/2021,1.7323
3/24/2021,1.654
3/25/2021,1.6795
3/26/2021,1.6545
3/29/2021,1.689
3/30/2021,1.7805
3/31/2021,1.7865
4/1/2021,1.841
4/6/2021,1.782
4/7/2021,1.7498
4/8/2021,1.741
4/9/2021,1.757
4/12/2021,1.7725
4/13/2021,1.81
4/14/2021,1.7493
4/15/2021,1.7683
4/16/2021,1.735
4/19/2021,1.7165
4/20/2021,1.7823
4/21/2021,1.732
4/22/2021,1.698
4/23/2021,1.735
4/26/2021,1.7528
4/27/2021,1.7375
4/28/2021,1.7295
4/29/2021,1.7148
4/30/2021,1.7458
5/3/2021,1.7533
5/4/2021,1.7588
5/5/2021,1.7398
5/6/2021,1.6993
5/7/2021,1.6798
5/10/2021,1.712
5/11/2021,1.7218
5/12/2021,1.7738
5/13/2021,1.8128
5/14/2021,1.795
5/17/2021,1.7513
5/18/2021,1.7813
5/19/2021,1.771
5/20/2021,1.7673
5/21/2021,1.7338
5/24/2021,1.6993
5/25/2021,1.686
5/26/2021,1.6708
5/27/2021,1.6303
5/28/2021,1.6893
5/31/2021,1.7108
6/1/2021,1.6918
6/2/2021,1.6828
6/3/2021,1.665
6/4/2021,1.6873
6/7/2021,1.6375
6/8/2021,1.612
6/9/2021,1.5725
6/10/2021,1.4895
6/11/2021,1.4878
6/15/2021,1.4978
6/16/2021,1.548
6/17/2021,1.644
6/18/2021,1.5968
6/21/2021,1.521
6/22/2021,1.5918
6/23/2021,1.5598
6/24/2021,1.5648
6/25/2021,1.564
6/28/2021,1.584
6/29/2021,1.5385
6/30/2021,1.5298
7/1/2021,1.5198
7/2/2021,1.4762
7/5/2021,1.4337
7/6/2021,1.47
7/7/2021,1.3905
7/8/2021,1.3205
7/9/2021,1.3603
7/12/2021,1.3163
7/13/2021,1.3265
7/14/2021,1.3403
7/15/2021,1.287
7/16/2021,1.284
7/19/2021,1.2455
7/20/2021,1.1815
7/21/2021,1.1618
7/22/2021,1.1925
7/23/2021,1.1975
7/26/2021,1.1818
7/27/2021,1.2075
7/28/2021,1.153
7/29/2021,1.154
7/30/2021,1.181
8/3/2021,1.1555
8/4/2021,1.145
8/5/2021,1.1555
8/6/2021,1.19
8/9/2021,1.2053
8/10/2021,1.2003
8/11/2021,1.2233
8/12/2021,1.1873
8/13/2021,1.2173
8/16/2021,1.1555
8/17/2021,1.1375
8/18/2021,1.14
8/19/2021,1.0827
8/20/2021,1.0785
8/23/2021,1.096
8/24/2021,1.1505
8/25/2021,1.1575
8/26/2021,1.1875
8/27/2021,1.19
8/30/2021,1.16
8/31/2021,1.155
9/1/2021,1.2425
9/2/2021,1.205
9/3/2021,1.2225
9/6/2021,1.2575
9/7/2021,1.2575
9/8/2021,1.2975
9/9/2021,1.27
9/10/2021,1.2225
9/13/2021,1.2725
9/14/2021,1.2525
9/15/2021,1.2075
9/16/2021,1.2625
9/17/2021,1.3025
9/20/2021,1.3025
9/21/2021,1.27
9/22/2021,1.255
9/23/2021,1.26
9/24/2021,1.405
9/27/2021,1.41
9/28/2021,1.48
9/29/2021,1.485
9/30/2021,1.49
10/1/2021,1.49
10/5/2021,1.515
10/6/2021,1.61
10/7/2021,1.585
10/8/2021,1.6375
10/11/2021,1.7175
10/12/2021,1.7225
10/13/2021,1.69
10/14/2021,1.6275
10/15/2021,1.6525
10/18/2021,1.7425
10/19/2021,1.725
10/20/2021,1.8075
10/21/2021,1.79
10/22/2021,1.8
10/25/2021,1.7875
10/26/2021,1.805
10/27/2021,1.8113
10/28/2021,1.8438
10/29/2021,2.0875
11/1/2021,1.905
11/2/2021,1.89
11/3/2021,1.8525
11/4/2021,1.8325
11/5/2021,1.8125
11/8/2021,1.7525
11/9/2021,1.7813
11/10/2021,1.7325
11/11/2021,1.8125
11/12/2021,1.795
11/15/2021,1.7663
11/16/2021,1.8325
11/17/2021,1.86
11/18/2021,1.795
11/19/2021,1.81
11/22/2021,1.7925
11/23/2021,1.8675
11/24/2021,1.86
11/25/2021,1.87
11/26/2021,1.7375
11/29/2021,1.7425
11/30/2021,1.69
12/1/2021,1.73
12/2/2021,1.68
12/3/2021,1.61
12/6/2021,1.5825
12/7/2021,1.6475
12/8/2021,1.62
12/9/2021,1.6775
12/10/2021,1.635
12/13/2021,1.6025
12/14/2021,1.5413
12/15/2021,1.56
12/16/2021,1.5663
12/17/2021,1.5863
12/20/2021,1.54
12/21/2021,1.5987
12/22/2021,1.5838
12/23/2021,1.5913
12/24/2021,1.5775
12/29/2021,1.5313
12/30/2021,1.6288
12/31/2021,1.67
1/4/2022,1.7475
1/5/2022,1.785
1/6/2022,1.865
1/7/2022,1.855
1/10/2022,1.9188
1/11/2022,1.8938
1/12/2022,1.8513
1/13/2022,1.86
1/14/2022,1.8513
1/17/2022,1.9188
1/18/2022,1.9475
1/19/2022,1.9975
1/20/2022,1.9925
1/21/2022,1.9175
1/24/2022,1.9375
1/25/2022,1.945
1/27/2022,2.0225
1/28/2022,1.94
1/31/2022,1.895
2/1/2022,1.9025
2/2/2022,1.9125
2/3/2022,1.8675
2/4/2022,1.96
2/7/2022,1.995
2/8/2022,2.12
2/9/2022,2.105
2/10/2022,2.105
2/11/2022,2.21
2/14/2022,2.1375
2/15/2022,2.1875
2/16/2022,2.2325
2/17/2022,2.2075
2/18/2022,2.2475
2/21/2022,2.22
2/22/2022,2.2
2/23/2022,2.27
2/24/2022,2.1575
2/25/2022,2.2325
2/28/2022,2.1375
3/1/2022,2.1875
3/2/2022,2.075
3/3/2022,2.165
3/4/2022,2.15
3/7/2022,2.1363
3/8/2022,2.2313
3/9/2022,2.3163
3/10/2022,2.3663
3/11/2022,2.3987
3/14/2022,2.4538
3/15/2022,2.52
3/16/2022,2.4975
3/17/2022,2.5088
3/18/2022,2.5775
3/21/2022,2.5825
3/22/2022,2.7225
3/23/2022,2.775
3/24/2022,2.7675
3/25/2022,2.7775
3/28/2022,2.9025
3/29/2022,2.8975
3/30/2022,2.7925
3/31/2022,2.84
4/1/2022,2.8275
4/4/2022,2.8325
4/5/2022,2.855
4/6/2022,2.9313
4/7/2022,2.9138
4/8/2022,2.9638
4/11/2022,3.0088
4/12/2022,3.0813
4/13/2022,3.0738
4/14/2022,2.97
4/19/2022,3.065
4/20/2022,3.1088
4/21/2022,3.0813
4/22/2022,3.13
4/26/2022,3.1037
4/27/2022,3.055
4/28/2022,3.0813
4/29/2022,3.125
5/2/2022,3.26
5/3/2022,3.3963
5/4/2022,3.5413
5/5/2022,3.39
5/6/2022,3.47
5/9/2022,3.5625
5/10/2022,3.565
5/11/2022,3.505
5/12/2022,3.4263
5/13/2022,3.4025
5/16/2022,3.3838
5/17/2022,3.405
5/18/2022,3.46
5/19/2022,3.3825
5/20/2022,3.3125
5/23/2022,3.3275
5/24/2022,3.3175
5/25/2022,3.24
5/26/2022,3.2025
5/27/2022,3.255
5/30/2022,3.255
5/31/2022,3.3513
6/1/2022,3.4188
6/2/2022,3.5
6/3/2022,3.4838
6/6/2022,3.4838
6/7/2022,3.5575
6/8/2022,3.5463
6/9/2022,3.6063
6/10/2022,3.6738
6/14/2022,3.955
6/15/2022,4.2
6/16/2022,3.9925
6/17/2022,4.13
6/20/2022,4.0688
6/21/2022,4.0638
6/22/2022,3.9863
6/23/2022,3.8525
6/24/2022,3.7188
6/27/2022,3.775
6/28/2022,3.7375
6/29/2022,3.6938
6/30/2022,3.66
7/1/2022,3.595
7/4/2022,3.56
7/5/2022,3.5475
7/6/2022,3.4038
7/7/2022,3.4688
7/8/2022,3.4788
7/11/2022,3.51
7/12/2022,3.4163
7/13/2022,3.3875
7/14/2022,3.4113
7/15/2022,3.4075
7/18/2022,3.4363
7/19/2022,3.51
7/20/2022,3.545
7/21/2022,3.5713
7/22/2022,3.44
7/25/2022,3.3538
7/26/2022,3.34
7/27/2022,3.2488
7/28/2022,3.2063
7/29/2022,3.0563
8/2/2022,2.9763
8/3/2022,3.0738
8/4/2022,3.1438
8/5/2022,3.0862
8/8/2022,3.2125
8/9/2022,3.1838
8/10/2022,3.2438
8/11/2022,3.2888
8/12/2022,3.4275
8/15/2022,3.3638
8/16/2022,3.2238
8/17/2022,3.2737
8/18/2022,3.3338
8/19/2022,3.405
8/22/2022,3.5188
8/23/2022,3.5788
8/24/2022,3.6288
8/25/2022,3.6738
8/26/2022,3.5763
8/29/2022,3.6688
8/30/2022,3.6038
8/31/2022,3.595
9/1/2022,3.685
9/2/2022,3.6463
9/5/2022,3.6488
9/6/2022,3.65
9/7/2022,3.705
9/8/2022,3.5675
9/9/2022,3.5588
9/12/2022,3.63
9/13/2022,3.57
9/14/2022,3.635
9/15/2022,3.6825
9/16/2022,3.7225
9/19/2022,3.6775
9/20/2022,3.6325
9/21/2022,3.665
9/23/2022,3.91
9/26/2022,3.9863
9/27/2022,4.0238
9/28/2022,4.095
9/29/2022,3.935
9/30/2022,3.885
10/4/2022,3.73
10/5/2022,3.635
10/6/2022,3.775
10/7/2022,3.8475
10/10/2022,3.8675
10/11/2022,4.0375
10/12/2022,3.9475
10/13/2022,4.0025
10/14/2022,4.0075
10/17/2022,4.0225
10/18/2022,3.9188
10/19/2022,3.945
10/20/2022,4.06
10/21/2022,4.1988
10/24/2022,4.1475
10/25/2022,4.075
10/26/2022,3.9175
10/27/2022,3.83
10/28/2022,3.735
10/31/2022,3.755
11/1/2022,3.7625
11/2/2022,3.81
11/3/2022,3.92
11/4/2022,3.85
11/7/2022,3.905
11/8/2022,4.035
11/9/2022,3.865
11/10/2022,3.7188
11/11/2022,3.6538
11/14/2022,3.7638
11/15/2022,3.7588
11/16/2022,3.7263
11/17/2022,3.6163
11/18/2022,3.6113
11/21/2022,3.5863
11/22/2022,3.5938
11/23/2022,3.5888
11/24/2022,3.5438
11/25/2022,3.5738
11/28/2022,3.515
11/29/2022,3.6038
11/30/2022,3.5288
12/1/2022,3.4813
12/2/2022,3.3913
12/5/2022,3.3663
12/6/2022,3.3963
12/7/2022,3.3563
12/8/2022,3.3663
12/9/2022,3.295
12/12/2022,3.3813
12/13/2022,3.3988
12/14/2022,3.3638
12/15/2022,3.455
12/16/2022,3.455
12/19/2022,3.5325
12/20/2022,3.7275
12/21/2022,3.7263
12/22/2022,3.795
12/23/2022,3.8275
12/28/2022,4.0337
12/29/2022,4.025
12/30/2022,4.05
1/3/2023,4.0025
1/4/2023,3.9025
1/5/2023,3.8363
1/6/2023,3.8188
1/9/2023,3.7225
1/10/2023,3.7175
1/11/2023,3.7175
1/12/2023,3.5963
1/13/2023,3.5913
1/16/2023,3.5938
1/17/2023,3.6038
1/18/2023,3.5463
1/19/2023,3.3225
1/20/2023,3.3975
1/23/2023,3.45
1/24/2023,3.4638
1/25/2023,3.5038
1/27/2023,3.5588
1/30/2023,3.5338
1/31/2023,3.5513
2/1/2023,3.5688
2/2/2023,3.5413
2/3/2023,3.3838
2/6/2023,3.4613
2/7/2023,3.5963
2/8/2023,3.6138
2/9/2023,3.6688
2/10/2023,3.7063
2/13/2023,3.7588
2/14/2023,3.7388
2/15/2023,3.7388
2/16/2023,3.7588
2/17/2023,3.8188
2/20/2023,3.8088
2/21/2023,3.8138
2/22/2023,3.8738
2/23/2023,3.8838
2/24/2023,3.8238
2/27/2023,3.8738
2/28/2023,3.8513
3/1/2023,3.7863
3/2/2023,3.86
3/3/2023,3.9013
3/6/2023,3.765
3/7/2023,3.6838
3/8/2023,3.7425
3/9/2023,3.7075
3/10/2023,3.5813
3/13/2023,3.52
3/14/2023,3.4513
3/15/2023,3.435
3/16/2023,3.3338
3/17/2023,3.3938
3/20/2023,3.2413
3/21/2023,3.1913
3/22/2023,3.3663
3/23/2023,3.2913
3/24/2023,3.2163
3/27/2023,3.1938
3/28/2023,3.2988
3/29/2023,3.2838
3/30/2023,3.3575
3/31/2023,3.2975
4/3/2023,3.3225
4/4/2023,3.26
4/5/2023,3.2775
4/6/2023,3.185
4/11/2023,3.2238
4/12/2023,3.2438
4/13/2023,3.2737
4/14/2023,3.3213
4/17/2023,3.3688
4/18/2023,3.4725
4/19/2023,3.5125
4/20/2023,3.4938
4/21/2023,3.4588
4/24/2023,3.4463
4/26/2023,3.3038
4/27/2023,3.3688
4/28/2023,3.3363
5/1/2023,3.3513
5/2/2023,3.4438
5/3/2023,3.4088
5/4/2023,3.3038
5/5/2023,3.3188
5/8/2023,3.3988
5/9/2023,3.4475
5/10/2023,3.4525
5/11/2023,3.3888
5/12/2023,3.3238
5/15/2023,3.4263
5/16/2023,3.4075
5/17/2023,3.4275
5/18/2023,3.4863
5/19/2023,3.5925
5/22/2023,3.5875
5/23/2023,3.6525
5/24/2023,3.6475
5/25/2023,3.7013
5/26/2023,3.73
5/29/2023,3.7
5/30/2023,3.68
5/31/2023,3.605
6/1/2023,3.615
6/2/2023,3.6425
6/5/2023,3.7825
6/6/2023,3.8031
6/7/2023,3.8273
6/8/2023,4.0104
6/9/2023,3.9482
6/13/2023,3.9307
6/14/2023,3.9745
6/15/2023,4.0013
6/16/2023,4.0261
6/19/2023,3.9722
6/20/2023,4.0252
6/21/2023,3.9822
6/22/2023,3.9765
6/23/2023,3.9885
6/26/2023,3.9503
6/27/2023,3.93
6/28/2023,3.8704
6/29/2023,3.9009
6/30/2023,4.0238
7/3/2023,3.9683
7/4/2023,4.0101
7/5/2023,4.0038
7/6/2023,4.1259
7/7/2023,4.2576
7/10/2023,4.2865
7/11/2023,4.1831
7/12/2023,4.1273
7/13/2023,4.0492
7/14/2023,3.9953
7/17/2023,3.9854
7/18/2023,3.9753
7/19/2023,3.8662
7/20/2023,3.9493
7/21/2023,4.0093
7/24/2023,3.9931
7/25/2023,4.028
7/26/2023,4.0091
7/27/2023,3.9243
7/28/2023,4.0682
7/31/2023,4.0591
8/1/2023,3.9737
8/2/2023,4.0241
8/3/2023,4.106
8/4/2023,4.1936
8/8/2023,4.0174
8/9/2023,3.9972
8/10/2023,4.0467
8/11/2023,4.1108
8/14/2023,4.1952
8/15/2023,4.2581
8/16/2023,4.2085
8/17/2023,4.322
8/18/2023,4.2329
8/21/2023,4.2637
8/22/2023,4.2697
8/23/2023,4.1938
8/24/2023,4.1153
8/25/2023,4.1605
8/28/2023,4.1395
8/29/2023,4.0987
8/30/2023,4.0707
8/31/2023,4.0259
9/1/2023,4.004
9/4/2023,4.0904
9/5/2023,4.135
9/6/2023,4.1288
9/7/2023,4.1586
9/8/2023,4.0829
9/11/2023,4.1589
9/12/2023,4.1663
9/13/2023,4.1474
9/14/2023,4.1139
9/15/2023,4.1039
9/18/2023,4.2119
9/19/2023,4.1678
9/20/2023,4.2154
9/21/2023,4.3005
9/22/2023,4.3386
9/25/2023,4.3129
9/26/2023,4.401
9/27/2023,4.3767
9/28/2023,4.4556
9/29/2023,4.4863
10/3/2023,4.5399
10/4/2023,4.6631
10/5/2023,4.5689
10/6/2023,4.5404
10/9/2023,4.5192
10/10/2023,4.4564
10/11/2023,4.4284
10/12/2023,4.3704
10/13/2023,4.4636
10/16/2023,4.4579
10/17/2023,4.5472
10/18/2023,4.6496
10/19/2023,4.7836
10/20/2023,4.7466
10/23/2023,4.7825
10/24/2023,4.6885
10/25/2023,4.7191
10/26/2023,4.8735
10/27/2023,4.8137
10/30/2023,4.8733
10/31/2023,4.9249
11/1/2023,4.9459
11/2/2023,4.7898
11/3/2023,4.7221
11/6/2023,4.7216
11/7/2023,4.6946
11/8/2023,4.5816
11/9/2023,4.5293
11/10/2023,4.6197
11/13/2023,4.6688
11/14/2023,4.6636
11/15/2023,4.5321
11/16/2023,4.5517
11/17/2023,4.4673
11/20/2023,4.5066
11/21/2023,4.4474
11/22/2023,4.4474
11/23/2023,4.4824
11/24/2023,4.5459
11/27/2023,4.5663
11/28/2023,4.4967
11/29/2023,4.3618
11/30/2023,4.4117
12/1/2023,4.4927
12/4/2023,4.4468
12/5/2023,4.4128
12/6/2023,4.2822
12/7/2023,4.3381
12/8/2023,4.295
12/11/2023,4.3378
12/12/2023,4.3258
12/13/2023,4.2864
12/14/2023,4.1327
12/15/2023,4.1387
12/18/2023,4.0566
12/19/2023,4.1109
12/20/2023,4.0479
12/21/2023,4.0174
12/22/2023,4.0086
12/27/2023,3.9712
12/28/2023,3.8922
12/29/2023,3.955
1/2/2024,3.9985
1/3/2024,4.0471
1/4/2024,4.0508
1/5/2024,4.134
1/8/2024,4.1587
1/9/2024,4.1043
1/10/2024,4.1183
1/11/2024,4.1072
1/12/2024,4.0728
1/15/2024,4.078
1/16/2024,4.1513
1/17/2024,4.2099
1/18/2024,4.2643
1/19/2024,4.2936
1/22/2024,4.2292
1/23/2024,4.1888
1/24/2024,4.2287
1/25/2024,4.2409
1/29/2024,4.2146
1/30/2024,4.1398
1/31/2024,4.0113
2/1/2024,4.0118
2/2/2024,3.9777
2/5/2024,4.0953
2/6/2024,4.1264
2/7/2024,4.0874
2/8/2024,4.1064
2/9/2024,4.1274
2/12/2024,4.1617
2/13/2024,4.172
2/14/2024,4.2648
2/15/2024,4.1356
2/16/2024,4.1942
2/19/2024,4.1697
2/20/2024,4.1807
2/21/2024,4.1705
2/22/2024,4.1561
2/23/2024,4.196
2/26/2024,4.1003
2/27/2024,4.131
2/28/2024,4.1657
2/29/2024,4.1355
3/1/2024,4.1411
3/4/2024,4.1011
3/5/2024,4.0911
3/6/2024,4.008
3/7/2024,4.0087
3/8/2024,3.9739
3/11/2024,3.9507
3/12/2024,3.9447
3/13/2024,4.0159
3/14/2024,4.0555
3/15/2024,4.1323
3/18/2024,4.1097
3/19/2024,4.0807
3/20/2024,4.0515
3/21/2024,4.09
3/22/2024,4.0347
3/25/2024,4.0065
3/26/2024,4.025
3/27/2024,4.0002
3/28/2024,3.962
4/2/2024,4.0711
4/3/2024,4.1391
4/4/2024,4.1782
4/5/2024,4.099
4/8/2024,4.1974
4/9/2024,4.173
4/10/2024,4.1184
4/11/2024,4.2559
4/12/2024,4.2662
4/15/2024,4.2615
4/16/2024,4.3302
4/17/2024,4.3828
4/18/2024,4.2783
4/19/2024,4.2557
4/22/2024,4.3188
4/23/2024,4.2683
4/24/2024,4.4074
4/26/2024,4.5204
4/29/2024,4.486
4/30/2024,4.4225
5/1/2024,4.5085
5/2/2024,4.448
5/3/2024,4.4178
5/6/2024,4.3793
5/7/2024,4.3052
5/8/2024,4.2918
5/9/2024,4.3466
5/10/2024,4.3216
5/13/2024,4.3269
5/14/2024,4.327
5/15/2024,4.3161
5/16/2024,4.1875
5/17/2024,4.2121
5/20/2024,4.2367
5/21/2024,4.2508
5/22/2024,4.2853
5/23/2024,4.2557
5/24/2024,4.3094
5/27/2024,4.2791
5/28/2024,4.26
5/29/2024,4.398
5/30/2024,4.4331
5/31/2024,4.4083
6/3/2024,4.3688
6/4/2024,4.3035
6/5/2024,4.2451
6/6/2024,4.2259
6/7/2024,4.2206
6/11/2024,4.3234
6/12/2024,4.2786
6/13/2024,4.1895
6/14/2024,4.1239
6/17/2024,4.1108
6/18/2024,4.154
6/19/2024,4.1798
6/20/2024,4.204
6/21/2024,4.2119
6/24/2024,4.2167
6/25/2024,4.2002
6/26/2024,4.3103
6/27/2024,4.4091
6/28/2024,4.3102
7/1/2024,4.3819
7/2/2024,4.4089
7/3/2024,4.4275
7/4/2024,4.4145
7/5/2024,4.4031
7/8/2024,4.3588
7/9/2024,4.3439
7/10/2024,4.3442
7/11/2024,4.3735
7/12/2024,4.324
7/15/2024,4.3245
7/16/2024,4.2495
7/17/2024,4.2532
7/18/2024,4.2389
7/19/2024,4.2845
7/22/2024,4.3073
7/23/2024,4.3477
7/24/2024,4.3269
7/25/2024,4.3117
7/26/2024,4.3082
7/29/2024,4.2758
7/30/2024,4.2796
7/31/2024,4.1152
8/1/2024,4.0869
8/2/2024,4.0513
8/6/2024,4.0202
8/7/2024,4.0783
8/8/2024,4.0686
8/9/2024,4.0583
8/12/2024,4.0478
8/13/2024,4.0038
8/14/2024,3.9297
8/15/2024,3.8749
8/16/2024,3.9291
8/19/2024,3.916
8/20/2024,3.9487
8/21/2024,3.8899
8/22/2024,3.8856
8/23/2024,3.9191
8/26/2024,3.8544
8/27/2024,3.9096
8/28/2024,3.9298
8/29/2024,3.9536
8/30/2024,3.9668
9/2/2024,4.0104
9/3/2024,4.0018
9/4/2024,3.95
9/5/2024,3.9264
9/6/2024,3.8809
9/9/2024,3.9539
9/10/2024,3.9083
9/11/2024,3.8489
9/12/2024,3.8515
9/13/2024,3.8168
9/16/2024,3.8121
9/17/2024,3.8318
9/18/2024,3.8626
9/19/2024,3.9276
9/20/2024,3.9179
9/23/2024,3.9591
9/24/2024,3.8891
9/25/2024,3.9076
9/26/2024,3.9414
9/27/2024,3.9578
9/30/2024,3.9722
10/1/2024,4.0072
10/2/2024,3.9524
10/3/2024,4.0102
10/4/2024,4.0736
10/8/2024,4.1653
10/9/2024,4.1915
10/10/2024,4.2246
10/11/2024,4.2293
10/14/2024,4.2734
10/15/2024,4.2532
10/16/2024,4.2046
10/17/2024,4.2489
10/18/2024,4.3079
10/21/2024,4.2733
10/22/2024,4.4314
10/23/2024,4.4662
10/24/2024,4.4517
10/25/2024,4.4117
10/28/2024,4.4811
10/29/2024,4.446
10/30/2024,4.4654
10/31/2024,4.5039
